日期,开盘,收盘,最高,最低,涨跌幅,涨跌额,成交量,成交额,振幅,换手率
2010-01-04,1009.06,1009.06,1009.06,1009.06,0.91,9.06,1703415,1858490480.0,0.0,1.37
2010-01-05,1027.77,1027.77,1027.77,1027.77,1.85,18.71,899733,977661222.0,0.0,0.72
2010-01-06,1054.61,1054.61,1054.61,1054.61,2.61,26.84,1115260,1268610857.0,0.0,0.9
2010-01-07,1034.68,1034.68,1034.68,1034.68,-1.89,-19.93,864160,986838350.0,0.0,0.7
2010-01-08,1083.12,1083.12,1083.12,1083.12,4.68,48.44,972639,1109791576.0,0.0,0.78
2010-01-11,1082.18,1082.18,1082.18,1082.18,-0.09,-0.94,942676,1101404618.0,0.0,0.76
2010-01-12,1095.08,1095.08,1095.08,1095.08,1.19,12.9,643043,754822647.0,0.0,0.52
2010-01-13,1049.73,1049.73,1049.73,1049.73,-4.14,-45.35,693106,797090468.0,0.0,0.56
2010-01-14,1075.74,1075.74,1075.74,1075.74,2.48,26.01,430741,490292766.0,0.0,0.35
2010-01-15,1084.79,1084.79,1084.79,1084.79,0.84,9.05,541114,621208465.0,0.0,0.44
2010-01-18,1086.54,1086.54,1086.54,1086.54,0.16,1.75,598582,686115068.0,0.0,0.48
2010-01-19,1082.51,1082.51,1082.51,1082.51,-0.37,-4.03,422525,486934532.0,0.0,0.34
2010-01-20,1027.05,1027.05,1027.05,1027.05,-5.12,-55.46,604705,675519533.0,0.0,0.49
2010-01-21,1030.4,1030.4,1030.4,1030.4,0.33,3.35,291416,319862281.0,0.0,0.23
2010-01-22,1006.37,1006.37,1006.37,1006.37,-2.33,-24.03,403627,435809529.0,0.0,0.32
2010-01-25,997.18,997.18,997.18,997.18,-0.91,-9.19,167611,181395122.0,0.0,0.13
2010-01-26,936.26,936.26,936.26,936.26,-6.11,-60.92,524628,540327828.0,0.0,0.42
2010-01-27,925.51,925.51,925.51,925.51,-1.15,-10.75,295920,298675011.0,0.0,0.24
2010-01-28,941.01,941.01,941.01,941.01,1.67,15.5,210422,209729163.0,0.0,0.17
2010-01-29,937.66,937.66,937.66,937.66,-0.36,-3.35,336007,337851359.0,0.0,0.27
2010-02-01,932.49,932.49,932.49,932.49,-0.55,-5.17,318955,317679040.0,0.0,0.26
2010-02-02,937.01,937.01,937.01,937.01,0.48,4.52,285691,285845097.0,0.0,0.23
2010-02-03,994.16,994.16,994.16,994.16,6.1,57.15,188238,185988698.0,0.0,0.15
2010-02-04,1030.96,1030.96,1030.96,1030.96,3.7,36.8,596063,623779224.0,0.0,0.48
2010-02-05,1014.76,1014.76,1014.76,1014.76,-1.57,-16.2,499393,521744700.0,0.0,0.4
2010-02-08,1008.67,1008.67,1008.67,1008.67,-0.6,-6.09,350005,362604351.0,0.0,0.28
2010-02-09,1010.25,1010.25,1010.25,1010.25,0.16,1.58,156890,162112104.0,0.0,0.13
2010-02-10,1009.38,1009.38,1009.38,1009.38,-0.09,-0.87,239414,248162166.0,0.0,0.19
2010-02-11,989.18,989.18,989.18,989.18,-2.0,-20.2,248619,255886984.0,0.0,0.2
2010-02-12,1001.65,1001.65,1001.65,1001.65,1.26,12.47,282918,289256140.0,0.0,0.23
2010-02-22,1023.39,1023.39,1023.39,1023.39,2.17,21.74,358038,374749830.0,0.0,0.29
2010-02-23,1031.47,1031.47,1031.47,1031.47,0.79,8.08,276539,289006716.0,0.0,0.22
2010-02-24,1059.32,1059.32,1059.32,1059.32,2.7,27.85,407064,434076823.0,0.0,0.33
2010-02-25,1058.99,1058.99,1058.99,1058.99,-0.03,-0.33,481813,524185508.0,0.0,0.39
2010-02-26,1076.57,1076.57,1076.57,1076.57,1.66,17.58,620486,683616659.0,0.0,0.5
2010-03-01,1083.88,1083.88,1083.88,1083.88,0.68,7.31,475336,525851547.0,0.0,0.38
2010-03-02,1086.37,1086.37,1086.37,1086.37,0.23,2.49,652597,710432671.0,0.0,0.53
2010-03-03,1093.25,1093.25,1093.25,1093.25,0.63,6.88,447908,490441879.0,0.0,0.36
2010-03-04,1071.06,1071.06,1071.06,1071.06,-2.03,-22.19,496267,550705635.0,0.0,0.4
2010-03-05,1091.69,1091.69,1091.69,1091.69,1.93,20.63,427532,472588772.0,0.0,0.34
2010-03-08,1091.23,1091.23,1091.23,1091.23,-0.04,-0.46,358156,406611572.0,0.0,0.29
2010-03-09,1098.86,1098.86,1098.86,1098.86,0.7,7.63,489982,540351004.0,0.0,0.39
2010-03-10,1075.21,1075.21,1075.21,1075.21,-2.15,-23.65,367159,410215741.0,0.0,0.3
2010-03-11,1075.03,1075.03,1075.03,1075.03,-0.02,-0.18,433092,465673302.0,0.0,0.35
2010-03-12,1047.28,1047.28,1047.28,1047.28,-2.58,-27.75,414607,445344929.0,0.0,0.33
2010-03-15,1046.78,1046.78,1046.78,1046.78,-0.05,-0.5,357016,371025016.0,0.0,0.29
2010-03-16,1065.47,1065.47,1065.47,1065.47,1.79,18.69,281572,303911091.0,0.0,0.23
2010-03-17,1082.0,1082.0,1082.0,1082.0,1.55,16.53,321347,354532579.0,0.0,0.26
2010-03-18,1074.65,1074.65,1074.65,1074.65,-0.68,-7.35,288777,314874896.0,0.0,0.23
2010-03-19,1091.27,1091.27,1091.27,1091.27,1.55,16.62,368389,412893082.0,0.0,0.3
2010-03-22,1092.62,1092.62,1092.62,1092.62,0.12,1.35,308709,340289508.0,0.0,0.25
2010-03-23,1067.92,1067.92,1067.92,1067.92,-2.26,-24.7,350749,381536051.0,0.0,0.28
2010-03-24,1056.01,1056.01,1056.01,1056.01,-1.12,-11.91,329755,356460131.0,0.0,0.27
2010-03-25,1042.02,1042.02,1042.02,1042.02,-1.32,-13.99,407016,425802873.0,0.0,0.33
2010-03-26,1050.76,1050.76,1050.76,1050.76,0.84,8.74,356680,364625560.0,0.0,0.29
2010-03-29,1062.52,1062.52,1062.52,1062.52,1.12,11.76,448523,468319545.0,0.0,0.36
2010-03-30,1046.36,1046.36,1046.36,1046.36,-1.52,-16.16,1099311,1120146056.0,0.0,0.88
2010-03-31,1034.33,1034.33,1034.33,1034.33,-1.15,-12.03,529394,542138058.0,0.0,0.43
2010-04-01,1048.22,1048.22,1048.22,1048.22,1.34,13.89,579755,597108915.0,0.0,0.47
2010-04-02,1043.81,1043.81,1043.81,1043.81,-0.42,-4.41,489988,505891887.0,0.0,0.39
2010-04-06,1078.11,1078.11,1078.11,1078.11,3.29,34.3,820613,869736685.0,0.0,0.66
2010-04-07,1080.55,1080.55,1080.55,1080.55,0.23,2.44,416104,446004470.0,0.0,0.33
2010-04-08,1070.13,1070.13,1070.13,1070.13,-0.96,-10.42,456842,490435276.0,0.0,0.37
2010-04-09,1068.05,1068.05,1068.05,1068.05,-0.19,-2.08,349114,378564044.0,0.0,0.28
2010-04-12,1089.36,1089.36,1089.36,1089.36,2.0,21.31,678893,759996586.0,0.0,0.55
2010-04-13,1086.41,1086.41,1086.41,1086.41,-0.27,-2.95,496686,546477804.0,0.0,0.4
2010-04-14,1099.42,1099.42,1099.42,1099.42,1.2,13.01,480872,535981216.0,0.0,0.39
2010-04-15,1080.29,1080.29,1080.29,1080.29,-1.74,-19.13,386827,423644606.0,0.0,0.31
2010-04-16,1063.92,1063.92,1063.92,1063.92,-1.52,-16.37,308273,326538663.0,0.0,0.25
2010-04-19,1015.47,1015.47,1015.47,1015.47,-4.55,-48.45,537026,542378140.0,0.0,0.43
2010-04-20,1035.67,1035.67,1035.67,1035.67,1.99,20.2,94126,110323716.0,0.0,0.08
2010-04-21,1027.8,1027.8,1027.8,1027.8,-0.76,-7.87,495314,448782312.0,0.0,0.4
2010-04-22,1037.17,1037.17,1037.17,1037.17,0.91,9.37,600600,609584515.0,0.0,0.48
2010-04-23,1033.8,1033.8,1033.8,1033.8,-0.32,-3.37,559542,578528509.0,0.0,0.45
2010-04-26,1044.84,1044.84,1044.84,1044.84,1.07,11.04,463220,473141812.0,0.0,0.37
2010-04-27,988.36,988.36,988.36,988.36,-5.41,-56.48,515943,490304399.0,0.0,0.42
2010-04-28,957.36,957.36,957.36,957.36,-3.14,-31.0,360010,341787309.0,0.0,0.29
2010-04-29,931.1,931.1,931.1,931.1,-2.74,-26.26,349396,326077115.0,0.0,0.28
2010-04-30,915.0,915.0,915.0,915.0,-1.73,-16.1,348772,316774408.0,0.0,0.28
2010-05-04,911.22,911.22,911.22,911.22,-0.41,-3.78,194213,174269414.0,0.0,0.16
2010-05-05,931.57,931.57,931.57,931.57,2.23,20.35,331191,296579509.0,0.0,0.27
2010-05-06,903.7,903.7,903.7,903.7,-2.99,-27.87,307106,272668658.0,0.0,0.25
2010-05-07,890.06,890.06,890.06,890.06,-1.51,-13.64,257148,211445128.0,0.0,0.21
2010-05-10,868.59,868.59,868.59,868.59,-2.41,-21.47,263056,202691391.0,0.0,0.21
2010-05-11,824.38,824.38,824.38,824.38,-5.09,-44.21,417728,322484062.0,0.0,0.34
2010-05-12,811.07,811.07,811.07,811.07,-1.61,-13.31,367154,261824562.0,0.0,0.3
2010-05-13,831.03,831.03,831.03,831.03,2.46,19.96,301901,222349980.0,0.0,0.24
2010-05-14,838.81,838.81,838.81,838.81,0.94,7.78,308531,237918989.0,0.0,0.25
2010-05-17,773.46,773.46,773.46,773.46,-7.79,-65.35,409699,286019976.0,0.0,0.33
2010-05-18,796.63,796.63,796.63,796.63,3.0,23.17,390418,268304368.0,0.0,0.31
2010-05-19,812.86,812.86,812.86,812.86,2.04,16.23,559239,395671576.0,0.0,0.45
2010-05-20,782.6,782.6,782.6,782.6,-3.72,-30.26,356709,266162193.0,0.0,0.29
2010-05-21,825.8,825.8,825.8,825.8,5.52,43.2,641746,532053817.0,0.0,0.52
2010-05-24,860.89,860.89,860.89,860.89,4.25,35.09,917796,783356408.0,0.0,0.74
2010-05-25,844.47,844.47,844.47,844.47,-1.91,-16.42,556388,441867893.0,0.0,0.45
2010-05-26,859.24,859.24,859.24,859.24,1.75,14.77,436530,372677167.0,0.0,0.35
2010-05-27,865.06,865.06,865.06,865.06,0.68,5.82,557893,452168269.0,0.0,0.45
2010-05-28,857.09,857.09,857.09,857.09,-0.92,-7.97,443866,351847671.0,0.0,0.36
2010-05-31,825.16,825.16,825.16,825.16,-3.73,-31.93,344446,275499103.0,0.0,0.28
2010-06-01,798.69,798.69,798.69,798.69,-3.21,-26.47,343222,263665696.0,0.0,0.28
2010-06-02,812.22,812.22,812.22,812.22,1.69,13.53,289733,220062216.0,0.0,0.23
2010-06-03,794.65,794.65,794.65,794.65,-2.16,-17.57,274429,203280737.0,0.0,0.22
2010-06-04,799.18,799.18,799.18,799.18,0.57,4.53,158398,118611803.0,0.0,0.13
2010-06-07,778.92,778.92,778.92,778.92,-2.54,-20.26,238462,165180455.0,0.0,0.19
2010-06-08,786.27,786.27,786.27,786.27,0.94,7.35,220826,157092839.0,0.0,0.18
2010-06-09,807.41,807.41,807.41,807.41,2.69,21.14,347965,242505701.0,0.0,0.28
2010-06-10,795.72,795.72,795.72,795.72,-1.45,-11.69,282159,196965681.0,0.0,0.23
2010-06-11,797.22,797.22,797.22,797.22,0.19,1.5,242663,164679055.0,0.0,0.2
2010-06-17,795.26,795.26,795.26,795.26,-0.25,-1.96,156317,111738444.0,0.0,0.13
2010-06-18,768.71,768.71,768.71,768.71,-3.34,-26.55,236289,160478080.0,0.0,0.19
2010-06-21,788.27,788.27,788.27,788.27,2.54,19.56,248178,163024977.0,0.0,0.2
2010-06-22,788.79,788.79,788.79,788.79,0.07,0.52,188729,128770497.0,0.0,0.15
2010-06-23,783.78,783.78,783.78,783.78,-0.64,-5.01,223697,148148672.0,0.0,0.18
2010-06-24,776.45,776.45,776.45,776.45,-0.94,-7.33,138554,92141944.0,0.0,0.11
2010-06-25,763.58,763.58,763.58,763.58,-1.66,-12.87,156820,104993004.0,0.0,0.13
2010-06-28,746.87,746.87,746.87,746.87,-2.19,-16.71,184074,119462004.0,0.0,0.15
2010-06-29,700.68,700.68,700.68,700.68,-6.18,-46.19,290606,177365888.0,0.0,0.23
2010-06-30,677.01,677.01,677.01,677.01,-3.38,-23.67,271452,151144129.0,0.0,0.22
2010-07-01,658.17,658.17,658.17,658.17,-2.78,-18.84,210667,120529557.0,0.0,0.17
2010-07-02,646.13,646.13,646.13,646.13,-1.83,-12.04,432261,234489455.0,0.0,0.35
2010-07-05,629.95,629.95,629.95,629.95,-2.5,-16.18,234328,129066732.0,0.0,0.19
2010-07-06,647.68,647.68,647.68,647.68,2.81,17.73,260073,145007315.0,0.0,0.21
2010-07-07,671.41,671.41,671.41,671.41,3.66,23.73,455833,254044819.0,0.0,0.37
2010-07-08,662.48,662.48,662.48,662.48,-1.33,-8.93,288489,165921999.0,0.0,0.23
2010-07-09,683.25,683.25,683.25,683.25,3.14,20.77,417081,238448303.0,0.0,0.34
2010-07-12,690.58,690.58,690.58,690.58,1.07,7.33,319589,185682172.0,0.0,0.26
2010-07-13,665.48,665.48,665.48,665.48,-3.63,-25.1,293023,168317136.0,0.0,0.24
2010-07-14,674.9,674.9,674.9,674.9,1.42,9.42,303354,173061939.0,0.0,0.24
2010-07-15,652.89,652.89,652.89,652.89,-3.26,-22.01,386796,223045004.0,0.0,0.31
2010-07-16,657.23,657.23,657.23,657.23,0.66,4.34,181260,102735604.0,0.0,0.15
2010-07-19,676.97,676.97,676.97,676.97,3.0,19.74,301601,165819069.0,0.0,0.24
2010-07-20,722.67,722.67,722.67,722.67,6.75,45.7,954131,532739460.0,0.0,0.77
2010-07-21,762.06,762.06,762.06,762.06,5.45,39.39,1824409,1094655691.0,0.0,1.47
2010-07-22,767.6,767.6,767.6,767.6,0.73,5.54,1416439,855619066.0,0.0,1.14
2010-07-23,772.81,772.81,772.81,772.81,0.68,5.21,1541688,954844192.0,0.0,1.24
2010-07-26,793.71,793.71,793.71,793.71,2.7,20.9,876344,574906076.0,0.0,0.71
2010-07-27,789.86,789.86,789.86,789.86,-0.49,-3.85,911883,588525482.0,0.0,0.73
2010-07-28,836.03,836.03,836.03,836.03,5.85,46.17,1428079,957429809.0,0.0,1.15
2010-07-29,852.93,852.93,852.93,852.93,2.02,16.9,1743278,1233359421.0,0.0,1.4
2010-07-30,849.74,849.74,849.74,849.74,-0.37,-3.19,1039748,734435389.0,0.0,0.84
2010-08-02,872.5,872.5,872.5,872.5,2.68,22.76,1316943,934987222.0,0.0,1.06
2010-08-03,843.81,843.81,843.81,843.81,-3.29,-28.69,992119,692290485.0,0.0,0.8
2010-08-04,863.49,863.49,863.49,863.49,2.33,19.68,1044319,720839991.0,0.0,0.84
2010-08-05,861.0,861.0,861.0,861.0,-0.29,-2.49,720420,501835821.0,0.0,0.58
2010-08-06,885.41,885.41,885.41,885.41,2.84,24.41,1429893,1020726442.0,0.0,1.15
2010-08-09,890.98,890.98,890.98,890.98,0.63,5.57,864411,637353512.0,0.0,0.7
2010-08-10,841.59,841.59,841.59,841.59,-5.54,-49.39,920297,650885783.0,0.0,0.74
2010-08-11,855.02,855.02,855.02,855.02,1.6,13.43,581264,405052021.0,0.0,0.47
2010-08-12,832.8,832.8,832.8,832.8,-2.6,-22.22,573890,395767179.0,0.0,0.46
2010-08-13,850.13,850.13,850.13,850.13,2.08,17.33,494890,340838654.0,0.0,0.4
2010-08-16,865.77,865.77,865.77,865.77,1.84,15.64,104018,97215489.0,0.0,0.08
2010-08-17,883.34,883.34,883.34,883.34,2.03,17.57,859742,618115265.0,0.0,0.69
2010-08-18,884.23,884.23,884.23,884.23,0.1,0.89,636831,455161340.0,0.0,0.51
2010-08-19,882.36,882.36,882.36,882.36,-0.21,-1.87,665305,479907696.0,0.0,0.54
2010-08-20,877.78,877.78,877.78,877.78,-0.52,-4.58,1000131,714200027.0,0.0,0.8
2010-08-23,876.63,876.63,876.63,876.63,-0.13,-1.15,679459,482579374.0,0.0,0.55
2010-08-24,889.29,889.29,889.29,889.29,1.44,12.66,757433,600759023.0,0.0,0.61
2010-08-25,860.43,860.43,860.43,860.43,-3.25,-28.86,737908,541842118.0,0.0,0.59
2010-08-26,863.16,863.16,863.16,863.16,0.32,2.73,385994,284267028.0,0.0,0.31
2010-08-27,879.2,879.2,879.2,879.2,1.86,16.04,822934,668340942.0,0.0,0.66
2010-08-30,941.28,941.28,941.28,941.28,7.06,62.08,1715045,1285402338.0,0.0,1.38
2010-08-31,929.5,929.5,929.5,929.5,-1.25,-11.78,1124494,847951662.0,0.0,0.91
2010-09-01,930.55,930.55,930.55,930.55,0.11,1.05,1416093,1046175745.0,0.0,1.14
2010-09-02,969.52,969.52,969.52,969.52,4.19,38.97,1396352,1083812227.0,0.0,1.12
2010-09-03,964.1,964.1,964.1,964.1,-0.56,-5.42,910872,722001991.0,0.0,0.73
2010-09-06,984.19,984.19,984.19,984.19,2.08,20.09,873289,735884347.0,0.0,0.7
2010-09-07,997.55,997.55,997.55,997.55,1.36,13.36,1181663,941495840.0,0.0,0.95
2010-09-08,990.56,990.56,990.56,990.56,-0.7,-6.99,756715,609658551.0,0.0,0.61
2010-09-09,958.02,958.02,958.02,958.02,-3.29,-32.54,843829,696238706.0,0.0,0.68
2010-09-10,968.66,968.66,968.66,968.66,1.11,10.64,593226,486674945.0,0.0,0.48
2010-09-13,971.82,971.82,971.82,971.82,0.33,3.16,613510,508784105.0,0.0,0.49
2010-09-14,959.15,959.15,959.15,959.15,-1.3,-12.67,574406,471881172.0,0.0,0.46
2010-09-15,954.51,954.51,954.51,954.51,-0.48,-4.64,626332,505518596.0,0.0,0.5
2010-09-16,939.9,939.9,939.9,939.9,-1.53,-14.61,710186,549499115.0,0.0,0.57
2010-09-17,918.71,918.71,918.71,918.71,-2.25,-21.19,468685,353289528.0,0.0,0.38
2010-09-20,887.36,887.36,887.36,887.36,-3.41,-31.35,546063,391672872.0,0.0,0.44
2010-09-21,880.61,880.61,880.61,880.61,-0.76,-6.75,316679,222560172.0,0.0,0.25
2010-09-27,911.4,911.4,911.4,911.4,3.5,30.79,328597,244798591.0,0.0,0.26
2010-09-28,901.89,901.89,901.89,901.89,-1.04,-9.51,341168,263493838.0,0.0,0.27
2010-09-29,891.34,891.34,891.34,891.34,-1.17,-10.55,285777,213736067.0,0.0,0.23
2010-09-30,909.49,909.49,909.49,909.49,2.04,18.15,343520,247246743.0,0.0,0.28
2010-10-08,950.23,950.23,950.23,950.23,4.48,40.74,719000,548544700.0,0.0,0.58
2010-10-11,961.97,961.97,961.97,961.97,1.24,11.74,945438,740244436.0,0.0,0.76
2010-10-12,977.1,977.1,977.1,977.1,1.57,15.13,942752,748735349.0,0.0,0.76
2010-10-13,974.84,974.84,974.84,974.84,-0.23,-2.26,720375,585668857.0,0.0,0.58
2010-10-14,932.96,932.96,932.96,932.96,-4.3,-41.88,906067,713725656.0,0.0,0.73
2010-10-15,955.92,955.92,955.92,955.92,2.46,22.96,1500077,1167863976.0,0.0,1.21
2010-10-18,971.75,971.75,971.75,971.75,1.66,15.83,2277212,1825566672.0,0.0,1.83
2010-10-19,985.87,985.87,985.87,985.87,1.45,14.12,1084861,870031858.0,0.0,0.87
2010-10-20,990.06,990.06,990.06,990.06,0.43,4.19,1220971,992178810.0,0.0,0.98
2010-10-21,994.55,994.55,994.55,994.55,0.45,4.49,967593,805337612.0,0.0,0.78
2010-10-22,1003.8,1003.8,1003.8,1003.8,0.93,9.25,791248,680350038.0,0.0,0.64
2010-10-25,1032.46,1032.46,1032.46,1032.46,2.86,28.66,1120538,953917619.0,0.0,0.9
2010-10-26,1053.41,1053.41,1053.41,1053.41,2.03,20.95,1398120,1269876877.0,0.0,1.13
2010-10-27,1013.58,1013.58,1013.58,1013.58,-3.78,-39.83,985512,841462967.0,0.0,0.79
2010-10-28,1011.83,1011.83,1011.83,1011.83,-0.17,-1.75,670236,550280162.0,0.0,0.54
2010-10-29,1005.93,1005.93,1005.93,1005.93,-0.58,-5.9,510672,429358470.0,0.0,0.41
2010-11-01,1034.55,1034.55,1034.55,1034.55,2.85,28.62,697012,601072033.0,0.0,0.56
2010-11-02,1018.53,1018.53,1018.53,1018.53,-1.55,-16.02,220039,240862599.0,0.0,0.18
2010-11-03,991.87,991.87,991.87,991.87,-2.62,-26.66,598840,499814782.0,0.0,0.48
2010-11-04,1028.68,1028.68,1028.68,1028.68,3.71,36.81,868425,725008920.0,0.0,0.7
2010-11-05,1056.54,1056.54,1056.54,1056.54,2.71,27.86,1363881,1212213888.0,0.0,1.1
2010-11-08,1070.95,1070.95,1070.95,1070.95,1.36,14.41,914666,850361459.0,0.0,0.74
2010-11-09,1057.76,1057.76,1057.76,1057.76,-1.23,-13.19,841250,746834356.0,0.0,0.68
2010-11-10,1055.12,1055.12,1055.12,1055.12,-0.25,-2.64,832012,742660068.0,0.0,0.67
2010-11-11,1097.55,1097.55,1097.55,1097.55,4.02,42.43,3204414,2863859124.0,0.0,2.58
2010-11-12,995.78,995.78,995.78,995.78,-9.27,-101.77,2278147,1963686505.0,0.0,1.83
2010-11-15,1009.88,1009.88,1009.88,1009.88,1.42,14.1,1003542,817635936.0,0.0,0.81
2010-11-16,960.62,960.62,960.62,960.62,-4.88,-49.26,1013914,827780046.0,0.0,0.82
2010-11-17,929.28,929.28,929.28,929.28,-3.26,-31.34,608587,476134553.0,0.0,0.49
2010-11-18,929.28,929.28,929.28,929.28,0.0,0.0,366771,268123465.0,0.0,0.3
2010-11-19,951.15,951.15,951.15,951.15,2.35,21.87,534375,415045801.0,0.0,0.43
2010-11-22,962.96,962.96,962.96,962.96,1.24,11.81,612525,489243219.0,0.0,0.49
2010-11-23,930.7,930.7,930.7,930.7,-3.35,-32.26,438563,338134923.0,0.0,0.35
2010-11-24,956.13,956.13,956.13,956.13,2.73,25.43,448952,381310815.0,0.0,0.36
2010-11-25,982.61,982.61,982.61,982.61,2.77,26.48,549294,482473264.0,0.0,0.44
2010-11-26,976.32,976.32,976.32,976.32,-0.64,-6.29,544926,440696887.0,0.0,0.44
2010-11-29,1003.7,1003.7,1003.7,1003.7,2.8,27.38,161141,169757612.0,0.0,0.13
2010-11-30,968.67,968.67,968.67,968.67,-3.49,-35.03,875088,687949880.0,0.0,0.7
2010-12-01,964.01,964.01,964.01,964.01,-0.48,-4.66,419751,334042692.0,0.0,0.34
2010-12-02,964.01,964.01,964.01,964.01,0.0,0.0,91112,94212685.0,0.0,0.07
2010-12-03,982.24,982.24,982.24,982.24,1.89,18.23,583084,481584462.0,0.0,0.47
2010-12-06,987.67,987.67,987.67,987.67,0.55,5.43,499907,448981489.0,0.0,0.4
2010-12-07,978.9,978.9,978.9,978.9,-0.89,-8.77,382578,325524434.0,0.0,0.31
2010-12-08,974.05,974.05,974.05,974.05,-0.5,-4.85,432527,348483279.0,0.0,0.35
2010-12-09,941.55,941.55,941.55,941.55,-3.34,-32.5,311398,255114008.0,0.0,0.25
2010-12-10,953.21,953.21,953.21,953.21,1.24,11.66,246290,190143985.0,0.0,0.2
2010-12-13,1010.69,1010.69,1010.69,1010.69,6.03,57.48,1781002,1424130810.0,0.0,1.43
2010-12-14,1021.86,1021.86,1021.86,1021.86,1.11,11.17,1358195,1104803025.0,0.0,1.09
2010-12-15,1025.18,1025.18,1025.18,1025.18,0.32,3.32,873135,732510995.0,0.0,0.7
2010-12-16,1020.21,1020.21,1020.21,1020.21,-0.48,-4.97,447936,379166527.0,0.0,0.36
2010-12-17,1024.01,1024.01,1024.01,1024.01,0.37,3.8,458556,386460555.0,0.0,0.37
2010-12-20,1020.5,1020.5,1020.5,1020.5,-0.34,-3.51,880084,740672796.0,0.0,0.71
2010-12-21,1040.43,1040.43,1040.43,1040.43,1.95,19.93,998631,850206890.0,0.0,0.8
2010-12-22,1037.78,1037.78,1037.78,1037.78,-0.25,-2.65,739592,641475328.0,0.0,0.6
2010-12-23,1002.51,1002.51,1002.51,1002.51,-3.4,-35.27,575365,481765590.0,0.0,0.46
2010-12-24,979.29,979.29,979.29,979.29,-2.32,-23.22,457006,367928040.0,0.0,0.37
2010-12-27,942.31,942.31,942.31,942.31,-3.78,-36.98,461978,375928255.0,0.0,0.37
2010-12-28,929.02,929.02,929.02,929.02,-1.41,-13.29,382132,298303406.0,0.0,0.31
2010-12-29,946.32,946.32,946.32,946.32,1.86,17.3,267681,209942325.0,0.0,0.22
2010-12-30,948.6,948.6,948.6,948.6,0.24,2.28,300052,238458267.0,0.0,0.24
2010-12-31,975.71,975.71,975.71,975.71,2.86,27.11,463663,376408335.0,0.0,0.37
2011-01-04,984.4,984.4,984.4,984.4,0.89,8.69,456582,376802562.0,0.0,0.37
2011-01-05,999.7,999.7,999.7,999.7,1.55,15.3,801121,672188036.0,0.0,0.64
2011-01-06,994.53,994.53,994.53,994.53,-0.52,-5.17,404346,340654137.0,0.0,0.33
2011-01-07,980.36,980.36,980.36,980.36,-1.42,-14.17,552826,454880486.0,0.0,0.44
2011-01-10,956.18,956.18,956.18,956.18,-2.47,-24.18,374718,308974237.0,0.0,0.3
2011-01-11,965.76,965.76,965.76,965.76,1.0,9.58,386335,314975536.0,0.0,0.31
2011-01-12,967.24,967.24,967.24,967.24,0.15,1.48,267389,219861816.0,0.0,0.22
2011-01-13,967.3,967.3,967.3,967.3,0.01,0.06,309079,254698343.0,0.0,0.25
2011-01-14,917.93,917.93,917.93,917.93,-5.1,-49.37,350592,571742941.0,0.0,0.28
2011-01-17,869.43,869.43,869.43,869.43,-5.28,-48.5,490959,520463912.0,0.0,0.4
2011-01-18,857.93,857.93,857.93,857.93,-1.32,-11.5,262928,292755913.0,0.0,0.21
2011-01-19,880.34,880.34,880.34,880.34,2.61,22.41,348821,334400256.0,0.0,0.28
2011-01-20,868.21,868.21,868.21,868.21,-1.38,-12.13,421885,397322982.0,0.0,0.34
2011-01-21,894.75,894.75,894.75,894.75,3.06,26.54,761702,669891613.0,0.0,0.61
2011-01-24,895.52,895.52,895.52,895.52,0.09,0.77,1035684,913820194.0,0.0,0.83
2011-01-25,884.55,884.55,884.55,884.55,-1.22,-10.97,429943,377161587.0,0.0,0.35
2011-01-26,905.22,905.22,905.22,905.22,2.34,20.67,469503,422160836.0,0.0,0.38
2011-01-27,933.36,933.36,933.36,933.36,3.11,28.14,1802301,1592348321.0,0.0,1.45
2011-01-28,930.52,930.52,930.52,930.52,-0.3,-2.84,1129505,1013256988.0,0.0,0.91
2011-01-31,965.92,965.92,965.92,965.92,3.8,35.4,1188742,1129813866.0,0.0,0.96
2011-02-01,949.76,949.76,949.76,949.76,-1.67,-16.16,667795,630358036.0,0.0,0.54
2011-02-09,954.6,954.6,954.6,954.6,0.51,4.84,674319,631573438.0,0.0,0.54
2011-02-10,971.37,971.37,971.37,971.37,1.76,16.77,705838,662821001.0,0.0,0.57
2011-02-11,968.91,968.91,968.91,968.91,-0.25,-2.46,759174,718120206.0,0.0,0.61
2011-02-14,987.34,987.34,987.34,987.34,1.9,18.43,1210187,1133711978.0,0.0,0.97
2011-02-15,987.54,987.54,987.54,987.54,0.02,0.2,1225356,1176207864.0,0.0,0.99
2011-02-16,1008.49,1008.49,1008.49,1008.49,2.12,20.95,888150,859781154.0,0.0,0.71
2011-02-17,1011.9,1011.9,1011.9,1011.9,0.34,3.41,710152,707173637.0,0.0,0.57
2011-02-18,996.97,996.97,996.97,996.97,-1.48,-14.93,596236,597922766.0,0.0,0.48
2011-02-21,1029.97,1029.97,1029.97,1029.97,3.31,33.0,906920,924548429.0,0.0,0.73
2011-02-22,1014.19,1014.19,1014.19,1014.19,-1.53,-15.78,1515478,1550982447.0,0.0,1.22
2011-02-23,1019.16,1019.16,1019.16,1019.16,0.49,4.97,738274,750498229.0,0.0,0.59
2011-02-24,1038.8,1038.8,1038.8,1038.8,1.93,19.64,751944,791964931.0,0.0,0.61
2011-02-25,1030.59,1030.59,1030.59,1030.59,-0.79,-8.21,555615,565598118.0,0.0,0.45
2011-02-28,1070.55,1070.55,1070.55,1070.55,3.88,39.96,1066485,1372386849.0,0.0,0.86
2011-03-01,1070.22,1070.22,1070.22,1070.22,-0.03,-0.33,846143,1125118298.0,0.0,0.68
2011-03-02,1086.75,1086.75,1086.75,1086.75,1.54,16.53,844713,1079250554.0,0.0,0.68
2011-03-03,1068.02,1068.02,1068.02,1068.02,-1.72,-18.73,831341,998506221.0,0.0,0.67
2011-03-04,1075.36,1075.36,1075.36,1075.36,0.69,7.34,576727,701376469.0,0.0,0.46
2011-03-07,1088.8,1088.8,1088.8,1088.8,1.25,13.44,754280,913587906.0,0.0,0.61
2011-03-08,1088.43,1088.43,1088.43,1088.43,-0.03,-0.37,566943,734047626.0,0.0,0.46
2011-03-09,1100.95,1100.95,1100.95,1100.95,1.15,12.52,1707954,1717355859.0,0.0,1.37
2011-03-10,1100.25,1100.25,1100.25,1100.25,-0.06,-0.7,922164,1031562704.0,0.0,0.74
2011-03-11,1119.62,1119.62,1119.62,1119.62,1.76,19.37,1456706,1584257899.0,0.0,1.17
2011-03-14,1147.98,1147.98,1147.98,1147.98,2.53,28.36,1247297,1468409380.0,0.0,1.0
2011-03-15,1144.51,1144.51,1144.51,1144.51,-0.3,-3.47,927892,1069312863.0,0.0,0.75
2011-03-16,1142.98,1142.98,1142.98,1142.98,-0.13,-1.53,644651,777821533.0,0.0,0.52
2011-03-17,1113.75,1113.75,1113.75,1113.75,-2.56,-29.23,694167,920628419.0,0.0,0.56
2011-03-18,1121.61,1121.61,1121.61,1121.61,0.71,7.86,514013,717362753.0,0.0,0.41
2011-03-21,1151.7,1151.7,1151.7,1151.7,2.68,30.09,607290,946707211.0,0.0,0.49
2011-03-22,1146.39,1146.39,1146.39,1146.39,-0.46,-5.31,507528,701652358.0,0.0,0.41
2011-03-23,1158.85,1158.85,1158.85,1158.85,1.09,12.46,762846,913500346.0,0.0,0.61
2011-03-24,1157.02,1157.02,1157.02,1157.02,-0.16,-1.83,501085,654508220.0,0.0,0.4
2011-03-25,1152.79,1152.79,1152.79,1152.79,-0.37,-4.23,566749,720224706.0,0.0,0.46
2011-03-28,1119.61,1119.61,1119.61,1119.61,-2.88,-33.18,779556,917956506.0,0.0,0.63
2011-03-29,1105.12,1105.12,1105.12,1105.12,-1.29,-14.49,777755,950385217.0,0.0,0.63
2011-03-30,1074.79,1074.79,1074.79,1074.79,-2.74,-30.33,727024,805747975.0,0.0,0.59
2011-03-31,1063.53,1063.53,1063.53,1063.53,-1.05,-11.26,485041,563068969.0,0.0,0.39
2011-04-01,1072.62,1072.62,1072.62,1072.62,0.85,9.09,506219,510139061.0,0.0,0.41
2011-04-06,1063.74,1063.74,1063.74,1063.74,-0.83,-8.88,404018,436702221.0,0.0,0.33
2011-04-07,1074.18,1074.18,1074.18,1074.18,0.98,10.44,503090,516339026.0,0.0,0.4
2011-04-08,1092.05,1092.05,1092.05,1092.05,1.66,17.87,590785,602875840.0,0.0,0.48
2011-04-11,1088.89,1088.89,1088.89,1088.89,-0.29,-3.16,635362,681694828.0,0.0,0.51
2011-04-12,1076.88,1076.88,1076.88,1076.88,-1.1,-12.01,550353,594470706.0,0.0,0.44
2011-04-13,1094.83,1094.83,1094.83,1094.83,1.67,17.95,607691,662737400.0,0.0,0.49
2011-04-14,1105.16,1105.16,1105.16,1105.16,0.94,10.33,705577,942130926.0,0.0,0.57
2011-04-15,1139.92,1139.92,1139.92,1139.92,3.15,34.76,957522,1284060945.0,0.0,0.77
2011-04-18,1156.59,1156.59,1156.59,1156.59,1.46,16.67,1093956,1526379510.0,0.0,0.88
2011-04-19,1146.23,1146.23,1146.23,1146.23,-0.9,-10.36,828851,1142555238.0,0.0,0.67
2011-04-20,1138.74,1138.74,1138.74,1138.74,-0.65,-7.49,711512,1032855083.0,0.0,0.57
2011-04-21,1133.78,1133.78,1133.78,1133.78,-0.44,-4.96,357933,379462416.0,0.0,0.29
2011-04-22,1107.04,1107.04,1107.04,1107.04,-2.36,-26.74,307876,605872199.0,0.0,0.25
2011-04-25,1070.03,1070.03,1070.03,1070.03,-3.34,-37.01,502423,631205569.0,0.0,0.4
2011-04-26,1066.07,1066.07,1066.07,1066.07,-0.37,-3.96,466768,592856772.0,0.0,0.38
2011-04-27,1039.11,1039.11,1039.11,1039.11,-2.53,-26.96,700469,735372249.0,0.0,0.56
2011-04-28,1005.02,1005.02,1005.02,1005.02,-3.28,-34.09,448885,529432895.0,0.0,0.36
2011-04-29,1021.51,1021.51,1021.51,1021.51,1.64,16.49,297795,374041778.0,0.0,0.24
2011-05-03,1037.0,1037.0,1037.0,1037.0,1.52,15.49,414405,538531082.0,0.0,0.33
2011-05-04,986.4,986.4,986.4,986.4,-4.88,-50.6,621321,741662028.0,0.0,0.5
2011-05-05,979.99,979.99,979.99,979.99,-0.65,-6.41,356744,414172255.0,0.0,0.29
2011-05-06,981.94,981.94,981.94,981.94,0.2,1.95,522078,566748963.0,0.0,0.42
2011-05-09,980.47,980.47,980.47,980.47,-0.15,-1.47,481052,532959266.0,0.0,0.39
2011-05-10,990.61,990.61,990.61,990.61,1.03,10.14,430813,547953403.0,0.0,0.35
2011-05-11,1001.57,1001.57,1001.57,1001.57,1.11,10.96,402492,533475713.0,0.0,0.32
2011-05-12,978.12,978.12,978.12,978.12,-2.34,-23.45,401345,485740362.0,0.0,0.32
2011-05-13,989.05,989.05,989.05,989.05,1.12,10.93,358646,407972899.0,0.0,0.29
2011-05-16,982.31,982.31,982.31,982.31,-0.68,-6.74,361408,390123205.0,0.0,0.29
2011-05-17,973.33,973.33,973.33,973.33,-0.91,-8.98,438449,462505733.0,0.0,0.35
2011-05-18,975.54,975.54,975.54,975.54,0.23,2.21,265464,289555202.0,0.0,0.21
2011-05-19,972.22,972.22,972.22,972.22,-0.34,-3.32,257112,290870555.0,0.0,0.21
2011-05-20,960.85,960.85,960.85,960.85,-1.17,-11.37,255349,261855988.0,0.0,0.21
2011-05-23,909.28,909.28,909.28,909.28,-5.37,-51.57,378883,430215524.0,0.0,0.3
2011-05-24,917.91,917.91,917.91,917.91,0.95,8.63,223978,234816514.0,0.0,0.18
2011-05-25,902.86,902.86,902.86,902.86,-1.64,-15.05,204935,211917648.0,0.0,0.16
2011-05-26,881.11,881.11,881.11,881.11,-2.41,-21.75,493506,455050730.0,0.0,0.4
2011-05-27,861.44,861.44,861.44,861.44,-2.23,-19.67,314533,288530567.0,0.0,0.25
2011-05-30,850.54,850.54,850.54,850.54,-1.27,-10.9,209062,215455448.0,0.0,0.17
2011-05-31,867.86,867.86,867.86,867.86,2.04,17.32,231072,224968217.0,0.0,0.19
2011-06-01,881.6,881.6,881.6,881.6,1.58,13.74,299155,271578661.0,0.0,0.24
2011-06-02,875.38,875.38,875.38,875.38,-0.71,-6.22,283262,282562805.0,0.0,0.23
2011-06-03,889.36,889.36,889.36,889.36,1.6,13.98,263697,263223696.0,0.0,0.21
2011-06-07,893.89,893.89,893.89,893.89,0.51,4.53,200034,205222207.0,0.0,0.16
2011-06-08,893.05,893.05,893.05,893.05,-0.09,-0.84,297246,274420739.0,0.0,0.24
2011-06-09,881.75,881.75,881.75,881.75,-1.27,-11.3,314692,327092353.0,0.0,0.25
2011-06-10,878.29,878.29,878.29,878.29,-0.39,-3.46,235199,227491107.0,0.0,0.19
2011-06-13,880.65,880.65,880.65,880.65,0.27,2.36,214634,213270942.0,0.0,0.17
2011-06-14,886.05,886.05,886.05,886.05,0.61,5.4,366294,359736567.0,0.0,0.29
2011-06-15,878.05,878.05,878.05,878.05,-0.9,-8.0,315643,318051311.0,0.0,0.25
2011-06-16,854.54,854.54,854.54,854.54,-2.68,-23.51,262428,249562258.0,0.0,0.21
2011-06-17,848.05,848.05,848.05,848.05,-0.76,-6.49,173783,167282772.0,0.0,0.14
2011-06-20,835.25,835.25,835.25,835.25,-1.51,-12.8,248254,215209288.0,0.0,0.2
2011-06-21,850.63,850.63,850.63,850.63,1.84,15.38,223752,213822454.0,0.0,0.18
2011-06-22,832.57,832.57,832.57,832.57,-2.12,-18.06,237873,209588100.0,0.0,0.19
2011-06-23,853.57,853.57,853.57,853.57,2.52,21.0,314195,282532925.0,0.0,0.25
2011-06-24,877.55,877.55,877.55,877.55,2.81,23.98,520110,458651261.0,0.0,0.42
2011-06-27,896.33,896.33,896.33,896.33,2.14,18.78,667993,575765867.0,0.0,0.54
2011-06-28,892.04,892.04,892.04,892.04,-0.48,-4.29,386778,335383220.0,0.0,0.31
2011-06-29,890.94,890.94,890.94,890.94,-0.12,-1.1,391428,412641099.0,0.0,0.32
2011-06-30,902.86,902.86,902.86,902.86,1.34,11.92,443732,408875883.0,0.0,0.36
2011-07-01,907.38,907.38,907.38,907.38,0.5,4.52,351002,353295262.0,0.0,0.28
2011-07-04,931.62,931.62,931.62,931.62,2.67,24.24,438508,444496282.0,0.0,0.35
2011-07-05,942.75,942.75,942.75,942.75,1.19,11.13,551690,528680141.0,0.0,0.44
2011-07-06,961.71,961.71,961.71,961.71,2.01,18.96,528816,591079973.0,0.0,0.43
2011-07-07,955.34,955.34,955.34,955.34,-0.66,-6.37,528119,584397935.0,0.0,0.43
2011-07-08,946.43,946.43,946.43,946.43,-0.93,-8.91,277361,312392386.0,0.0,0.22
2011-07-11,956.97,956.97,956.97,956.97,1.11,10.54,343665,395602615.0,0.0,0.28
2011-07-12,946.6,946.6,946.6,946.6,-1.08,-10.37,786441,887518044.0,0.0,0.63
2011-07-13,961.06,961.06,961.06,961.06,1.53,14.46,482616,549134632.0,0.0,0.39
2011-07-14,978.47,978.47,978.47,978.47,1.81,17.41,443590,522269986.0,0.0,0.36
2011-07-15,987.48,987.48,987.48,987.48,0.92,9.01,375614,432036996.0,0.0,0.3
2011-07-18,976.08,976.08,976.08,976.08,-1.15,-11.4,415183,465783175.0,0.0,0.33
2011-07-19,955.72,955.72,955.72,955.72,-2.09,-20.36,375902,425691123.0,0.0,0.3
2011-07-20,960.3,960.3,960.3,960.3,0.48,4.58,316020,322015644.0,0.0,0.25
2011-07-21,963.32,963.32,963.32,963.32,0.31,3.02,386291,440880742.0,0.0,0.31
2011-07-22,962.4,962.4,962.4,962.4,-0.1,-0.92,244143,264351794.0,0.0,0.2
2011-07-25,925.44,925.44,925.44,925.44,-3.84,-36.96,387497,431192752.0,0.0,0.31
2011-07-26,929.01,929.01,929.01,929.01,0.39,3.57,193652,212705285.0,0.0,0.16
2011-07-27,950.46,950.46,950.46,950.46,2.31,21.45,288796,340608579.0,0.0,0.23
2011-07-28,948.02,948.02,948.02,948.02,-0.26,-2.44,333473,371397773.0,0.0,0.27
2011-07-29,927.46,927.46,927.46,927.46,-2.17,-20.56,258899,272685786.0,0.0,0.21
2011-08-01,943.68,943.68,943.68,943.68,1.75,16.22,494955,591631041.0,0.0,0.4
2011-08-02,953.12,953.12,953.12,953.12,1.0,9.44,516652,610361090.0,0.0,0.42
2011-08-03,961.07,961.07,961.07,961.07,0.83,7.95,477644,609645083.0,0.0,0.38
2011-08-04,957.23,957.23,957.23,957.23,-0.4,-3.84,352336,432098308.0,0.0,0.28
2011-08-05,923.59,923.59,923.59,923.59,-3.51,-33.64,396700,451313532.0,0.0,0.32
2011-08-08,867.92,867.92,867.92,867.92,-6.03,-55.67,345645,457806887.0,0.0,0.28
2011-08-09,850.46,850.46,850.46,850.46,-2.01,-17.46,524213,424314577.0,0.0,0.42
2011-08-10,855.25,855.25,855.25,855.25,0.56,4.79,448985,395233384.0,0.0,0.36
2011-08-11,881.26,881.26,881.26,881.26,3.04,26.01,481896,466031280.0,0.0,0.39
2011-08-12,907.08,907.08,907.08,907.08,2.93,25.82,744396,672858511.0,0.0,0.6
2011-08-15,929.94,929.94,929.94,929.94,2.52,22.86,804219,653828259.0,0.0,0.65
2011-08-16,917.6,917.6,917.6,917.6,-1.33,-12.34,505429,473077216.0,0.0,0.41
2011-08-17,922.22,922.22,922.22,922.22,0.5,4.62,370109,358885500.0,0.0,0.3
2011-08-18,899.41,899.41,899.41,899.41,-2.47,-22.81,327140,311721295.0,0.0,0.26
2011-08-19,881.91,881.91,881.91,881.91,-1.95,-17.5,312353,267943409.0,0.0,0.25
2011-08-22,898.5,898.5,898.5,898.5,1.88,16.59,519686,408417116.0,0.0,0.42
2011-08-23,915.48,915.48,915.48,915.48,1.89,16.98,321307,279227950.0,0.0,0.26
2011-08-24,928.75,928.75,928.75,928.75,1.45,13.27,544543,461994109.0,0.0,0.44
2011-08-25,938.06,938.06,938.06,938.06,1.0,9.31,537244,457191126.0,0.0,0.43
2011-08-26,951.05,951.05,951.05,951.05,1.38,12.99,490882,502901419.0,0.0,0.4
2011-08-29,949.62,949.62,949.62,949.62,-0.15,-1.43,348775,369276654.0,0.0,0.28
2011-08-30,930.58,930.58,930.58,930.58,-2.01,-19.04,525634,533176630.0,0.0,0.42
2011-08-31,912.44,912.44,912.44,912.44,-1.95,-18.14,315197,337829424.0,0.0,0.25
2011-09-01,905.52,905.52,905.52,905.52,-0.76,-6.92,163378,112039027.0,0.0,0.13
2011-09-02,887.23,887.23,887.23,887.23,-2.02,-18.29,283102,284817206.0,0.0,0.23
2011-09-05,865.72,865.72,865.72,865.72,-2.42,-21.51,183134,158857469.0,0.0,0.15
2011-09-06,864.23,864.23,864.23,864.23,-0.17,-1.49,150074,131113998.0,0.0,0.12
2011-09-07,888.46,888.46,888.46,888.46,2.8,24.23,215301,191088131.0,0.0,0.17
2011-09-08,873.82,873.82,873.82,873.82,-1.65,-14.64,194309,180243221.0,0.0,0.16
2011-09-09,869.67,869.67,869.67,869.67,-0.47,-4.15,178376,147536903.0,0.0,0.14
2011-09-13,846.99,846.99,846.99,846.99,-2.61,-22.68,170537,155824039.0,0.0,0.14
2011-09-14,861.85,861.85,861.85,861.85,1.75,14.86,179146,147147631.0,0.0,0.14
2011-09-15,857.49,857.49,857.49,857.49,-0.51,-4.36,198650,172820730.0,0.0,0.16
2011-09-16,862.23,862.23,862.23,862.23,0.55,4.74,239944,178508348.0,0.0,0.19
2011-09-19,844.9,844.9,844.9,844.9,-2.01,-17.33,327896,231450759.0,0.0,0.26
2011-09-20,852.63,852.63,852.63,852.63,0.91,7.73,284938,206548154.0,0.0,0.23
2011-09-21,893.56,893.56,893.56,893.56,4.8,40.93,729872,534153295.0,0.0,0.59
2011-09-22,871.51,871.51,871.51,871.51,-2.47,-22.05,1055212,705519310.0,0.0,0.85
2011-09-23,873.14,873.14,873.14,873.14,0.19,1.63,930441,611025044.0,0.0,0.75
2011-09-26,856.15,856.15,856.15,856.15,-1.95,-16.99,621459,405996405.0,0.0,0.5
2011-09-27,859.85,859.85,859.85,859.85,0.43,3.7,488009,331473691.0,0.0,0.39
2011-09-28,850.35,850.35,850.35,850.35,-1.1,-9.5,567352,381751304.0,0.0,0.46
2011-09-29,835.64,835.64,835.64,835.64,-1.73,-14.71,629174,424941056.0,0.0,0.51
2011-09-30,830.95,830.95,830.95,830.95,-0.56,-4.69,442774,289861761.0,0.0,0.36
2011-10-10,829.01,829.01,829.01,829.01,-0.23,-1.94,331467,215103929.0,0.0,0.27
2011-10-11,826.51,826.51,826.51,826.51,-0.3,-2.5,527512,359232262.0,0.0,0.42
2011-10-12,868.04,868.04,868.04,868.04,5.02,41.53,892074,640560771.0,0.0,0.72
2011-10-13,884.04,884.04,884.04,884.04,1.84,16.0,1395188,1001562460.0,0.0,1.12
2011-10-14,877.46,877.46,877.46,877.46,-0.74,-6.58,773637,552971416.0,0.0,0.62
2011-10-17,874.49,874.49,874.49,874.49,-0.34,-2.97,684273,496205498.0,0.0,0.55
2011-10-18,839.71,839.71,839.71,839.71,-3.98,-34.78,643653,457015710.0,0.0,0.52
2011-10-19,839.44,839.44,839.44,839.44,-0.03,-0.27,662275,455605242.0,0.0,0.53
2011-10-20,836.71,836.71,836.71,836.71,-0.33,-2.73,712552,529911267.0,0.0,0.57
2011-10-21,804.29,804.29,804.29,804.29,-3.87,-32.42,500558,377139599.0,0.0,0.4
2011-10-24,831.72,831.72,831.72,831.72,3.41,27.43,821029,579641000.0,0.0,0.66
2011-10-25,851.84,851.84,851.84,851.84,2.42,20.12,840729,616260817.0,0.0,0.68
2011-10-26,849.82,849.82,849.82,849.82,-0.24,-2.02,1049692,820671363.0,0.0,0.84
2011-10-27,839.17,839.17,839.17,839.17,-1.25,-10.65,728973,544372632.0,0.0,0.59
2011-10-28,852.7,852.7,852.7,852.7,1.61,13.53,817601,617540271.0,0.0,0.66
2011-10-31,856.07,856.07,856.07,856.07,0.4,3.37,585133,457653938.0,0.0,0.47
2011-11-01,853.42,853.42,853.42,853.42,-0.31,-2.65,837977,624319590.0,0.0,0.67
2011-11-02,867.12,867.12,867.12,867.12,1.61,13.7,680457,538929270.0,0.0,0.55
2011-11-03,878.63,878.63,878.63,878.63,1.33,11.51,1218195,968136818.0,0.0,0.98
2011-11-04,896.99,896.99,896.99,896.99,2.09,18.36,639361,555793399.0,0.0,0.51
2011-11-07,889.25,889.25,889.25,889.25,-0.86,-7.74,585621,491839115.0,0.0,0.47
2011-11-08,881.7,881.7,881.7,881.7,-0.85,-7.55,612860,496809568.0,0.0,0.49
2011-11-09,902.24,902.24,902.24,902.24,2.33,20.54,782359,644455593.0,0.0,0.63
2011-11-10,889.21,889.21,889.21,889.21,-1.44,-13.03,767365,616836784.0,0.0,0.62
2011-11-11,882.91,882.91,882.91,882.91,-0.71,-6.3,568768,437282792.0,0.0,0.46
2011-11-14,905.77,905.77,905.77,905.77,2.59,22.86,522015,444054664.0,0.0,0.42
2011-11-15,917.68,917.68,917.68,917.68,1.31,11.91,176993,236983476.0,0.0,0.14
2011-11-16,885.2,885.2,885.2,885.2,-3.54,-32.48,602197,480491004.0,0.0,0.48
2011-11-17,892.2,892.2,892.2,892.2,0.79,7.0,370526,302576762.0,0.0,0.3
2011-11-18,872.82,872.82,872.82,872.82,-2.17,-19.38,383250,315244990.0,0.0,0.31
2011-11-21,869.65,869.65,869.65,869.65,-0.36,-3.17,426814,327373612.0,0.0,0.34
2011-11-22,865.59,865.59,865.59,865.59,-0.47,-4.06,333101,255818352.0,0.0,0.27
2011-11-23,859.24,859.24,859.24,859.24,-0.73,-6.35,284408,220614556.0,0.0,0.23
2011-11-24,849.83,849.83,849.83,849.83,-1.1,-9.41,437704,328949337.0,0.0,0.35
2011-11-25,836.84,836.84,836.84,836.84,-1.53,-12.99,303126,220632542.0,0.0,0.24
2011-11-28,837.2,837.2,837.2,837.2,0.04,0.36,282270,201094298.0,0.0,0.23
2011-11-29,848.55,848.55,848.55,848.55,1.36,11.35,298147,239332635.0,0.0,0.24
2011-11-30,796.46,796.46,796.46,796.46,-6.14,-52.09,483501,346557892.0,0.0,0.39
2011-12-01,806.32,806.32,806.32,806.32,1.24,9.86,418182,310051634.0,0.0,0.34
2011-12-02,790.53,790.53,790.53,790.53,-1.96,-15.79,209401,148920506.0,0.0,0.17
2011-12-05,762.58,762.58,762.58,762.58,-3.54,-27.95,231152,159422967.0,0.0,0.19
2011-12-06,764.58,764.58,764.58,764.58,0.26,2.0,240764,150791300.0,0.0,0.19
2011-12-07,765.77,765.77,765.77,765.77,0.16,1.19,175886,119916767.0,0.0,0.14
2011-12-08,769.04,769.04,769.04,769.04,0.43,3.27,235399,154256903.0,0.0,0.19
2011-12-09,761.95,761.95,761.95,761.95,-0.92,-7.09,130603,91763708.0,0.0,0.11
2011-12-12,760.15,760.15,760.15,760.15,-0.24,-1.8,359776,223337217.0,0.0,0.29
2011-12-13,736.59,736.59,736.59,736.59,-3.1,-23.56,468181,292066067.0,0.0,0.38
2011-12-14,715.61,715.61,715.61,715.61,-2.85,-20.98,484949,307507684.0,0.0,0.39
2011-12-15,685.45,685.45,685.45,685.45,-4.21,-30.16,402132,243501510.0,0.0,0.32
2011-12-16,706.34,706.34,706.34,706.34,3.05,20.89,288333,177652413.0,0.0,0.23
2011-12-19,707.58,707.58,707.58,707.58,0.18,1.24,299853,183328978.0,0.0,0.24
2011-12-20,702.96,702.96,702.96,702.96,-0.65,-4.62,279255,174983536.0,0.0,0.22
2011-12-21,683.67,683.67,683.67,683.67,-2.74,-19.29,252741,158773544.0,0.0,0.2
2011-12-22,670.87,670.87,670.87,670.87,-1.87,-12.8,305650,186060839.0,0.0,0.25
2011-12-23,674.33,674.33,674.33,674.33,0.52,3.46,249694,156700815.0,0.0,0.2
2011-12-26,676.22,676.22,676.22,676.22,0.28,1.89,197022,135666320.0,0.0,0.16
2011-12-27,647.24,647.24,647.24,647.24,-4.29,-28.98,208609,140113150.0,0.0,0.17
2011-12-28,648.57,648.57,648.57,648.57,0.21,1.33,413178,246958254.0,0.0,0.33
2011-12-29,649.65,649.65,649.65,649.65,0.17,1.08,296805,174239495.0,0.0,0.24
2011-12-30,660.94,660.94,660.94,660.94,1.74,11.29,223361,145049558.0,0.0,0.18
2012-01-04,650.66,650.66,650.66,650.66,-1.56,-10.28,404525,261120029.0,0.0,0.33
2012-01-05,635.7,635.7,635.7,635.7,-2.3,-14.96,352710,219144661.0,0.0,0.28
2012-01-06,637.53,637.53,637.53,637.53,0.29,1.83,300333,179710355.0,0.0,0.24
2012-01-09,667.29,667.29,667.29,667.29,4.67,29.76,456830,296687656.0,0.0,0.37
2012-01-10,690.22,690.22,690.22,690.22,3.44,22.93,623902,416751611.0,0.0,0.5
2012-01-11,693.31,693.31,693.31,693.31,0.45,3.09,462763,322114940.0,0.0,0.37
2012-01-12,686.56,686.56,686.56,686.56,-0.97,-6.75,470630,316022483.0,0.0,0.38
2012-01-13,665.73,665.73,665.73,665.73,-3.03,-20.83,365065,251117963.0,0.0,0.29
2012-01-16,639.05,639.05,639.05,639.05,-4.01,-26.68,219096,148222356.0,0.0,0.18
2012-01-17,677.8,677.8,677.8,677.8,6.06,38.75,443611,294988012.0,0.0,0.36
2012-01-18,666.78,666.78,666.78,666.78,-1.63,-11.02,513762,350191473.0,0.0,0.41
2012-01-19,674.43,674.43,674.43,674.43,1.15,7.65,464097,322470608.0,0.0,0.37
2012-01-20,674.7,674.7,674.7,674.7,0.04,0.27,423622,287888650.0,0.0,0.34
2012-01-30,683.21,683.21,683.21,683.21,1.26,8.51,433844,314386952.0,0.0,0.35
2012-01-31,670.35,670.35,670.35,670.35,-1.88,-12.86,363750,244903378.0,0.0,0.29
2012-02-01,662.03,662.03,662.03,662.03,-1.24,-8.32,336901,225065905.0,0.0,0.27
2012-02-02,670.85,670.85,670.85,670.85,1.33,8.82,440051,271946061.0,0.0,0.35
2012-02-03,696.28,696.28,696.28,696.28,3.79,25.43,682885,452647385.0,0.0,0.55
2012-02-06,717.17,717.17,717.17,717.17,3.0,20.89,1077258,767873567.0,0.0,0.87
2012-02-07,701.04,701.04,701.04,701.04,-2.25,-16.13,910856,645968389.0,0.0,0.73
2012-02-08,721.44,721.44,721.44,721.44,2.91,20.4,887573,646922221.0,0.0,0.71
2012-02-09,723.29,723.29,723.29,723.29,0.26,1.85,966290,712589721.0,0.0,0.78
2012-02-10,724.42,724.42,724.42,724.42,0.16,1.13,617998,450435759.0,0.0,0.5
2012-02-13,742.44,742.44,742.44,742.44,2.49,18.02,818134,616812715.0,0.0,0.66
2012-02-14,740.99,740.99,740.99,740.99,-0.2,-1.45,875415,597725124.0,0.0,0.7
2012-02-15,749.53,749.53,749.53,749.53,1.15,8.54,742711,544680218.0,0.0,0.6
2012-02-16,746.25,746.25,746.25,746.25,-0.44,-3.28,653459,489127830.0,0.0,0.53
2012-02-17,742.49,742.49,742.49,742.49,-0.5,-3.76,525744,395441285.0,0.0,0.42
2012-02-20,744.7,744.7,744.7,744.7,0.3,2.21,731207,574626658.0,0.0,0.59
2012-02-21,764.35,764.35,764.35,764.35,2.64,19.65,592684,486208126.0,0.0,0.48
2012-02-22,776.79,776.79,776.79,776.79,1.63,12.44,698185,561490025.0,0.0,0.56
2012-02-23,782.85,782.85,782.85,782.85,0.78,6.06,797236,611223673.0,0.0,0.64
2012-02-24,796.43,796.43,796.43,796.43,1.73,13.58,1125736,801403017.0,0.0,0.91
2012-02-27,801.08,801.08,801.08,801.08,0.58,4.65,1039431,801214867.0,0.0,0.84
2012-02-28,787.75,787.75,787.75,787.75,-1.66,-13.33,620510,491419934.0,0.0,0.5
2012-02-29,777.56,777.56,777.56,777.56,-1.29,-10.19,405933,326729781.0,0.0,0.33
2012-03-01,785.58,785.58,785.58,785.58,1.03,8.02,385109,311711792.0,0.0,0.31
2012-03-02,795.44,795.44,795.44,795.44,1.26,9.86,567533,485150875.0,0.0,0.46
2012-03-05,789.04,789.04,789.04,789.04,-0.8,-6.4,487830,404203657.0,0.0,0.39
2012-03-06,788.82,788.82,788.82,788.82,-0.03,-0.22,719526,593453070.0,0.0,0.58
2012-03-07,782.88,782.88,782.88,782.88,-0.75,-5.94,469254,382298805.0,0.0,0.38
2012-03-08,791.51,791.51,791.51,791.51,1.1,8.63,365214,292862250.0,0.0,0.29
2012-03-09,801.99,801.99,801.99,801.99,1.32,10.48,346542,294526176.0,0.0,0.28
2012-03-12,807.57,807.57,807.57,807.57,0.7,5.58,534291,436511716.0,0.0,0.43
2012-03-13,814.37,814.37,814.37,814.37,0.84,6.8,670589,509659841.0,0.0,0.54
2012-03-14,773.33,773.33,773.33,773.33,-5.04,-41.04,842438,681294089.0,0.0,0.68
2012-03-15,769.14,769.14,769.14,769.14,-0.54,-4.19,455859,348303428.0,0.0,0.37
2012-03-16,796.76,796.76,796.76,796.76,3.59,27.62,410326,314491120.0,0.0,0.33
2012-03-19,816.54,816.54,816.54,816.54,2.48,19.78,441383,417793549.0,0.0,0.36
2012-03-20,801.83,801.83,801.83,801.83,-1.8,-14.71,781705,626399581.0,0.0,0.63
2012-03-21,809.89,809.89,809.89,809.89,1.01,8.06,438412,383866252.0,0.0,0.35
2012-03-22,811.82,811.82,811.82,811.82,0.24,1.93,426833,384128365.0,0.0,0.34
2012-03-23,784.81,784.81,784.81,784.81,-3.33,-27.01,369220,295199168.0,0.0,0.3
2012-03-26,776.22,776.22,776.22,776.22,-1.09,-8.59,216445,169681145.0,0.0,0.17
2012-03-27,769.6,769.6,769.6,769.6,-0.85,-6.62,263900,193050937.0,0.0,0.21
2012-03-28,729.76,729.76,729.76,729.76,-5.18,-39.84,332629,226357902.0,0.0,0.27
2012-03-29,699.5,699.5,699.5,699.5,-4.15,-30.26,249692,185713397.0,0.0,0.2
2012-03-30,698.83,698.83,698.83,698.83,-0.1,-0.67,275833,197034716.0,0.0,0.22
2012-04-05,724.7,724.7,724.7,724.7,3.7,25.87,239798,170899614.0,0.0,0.19
2012-04-06,734.4,734.4,734.4,734.4,1.34,9.7,193711,162415132.0,0.0,0.16
2012-04-09,734.09,734.09,734.09,734.09,-0.04,-0.31,188642,164741466.0,0.0,0.15
2012-04-10,744.15,744.15,744.15,744.15,1.37,10.06,264088,192469314.0,0.0,0.21
2012-04-11,739.21,739.21,739.21,739.21,-0.66,-4.94,173393,131052132.0,0.0,0.14
2012-04-12,754.05,754.05,754.05,754.05,2.01,14.84,330427,264928674.0,0.0,0.27
2012-04-13,759.52,759.52,759.52,759.52,0.73,5.47,366845,308651451.0,0.0,0.3
2012-04-16,759.3,759.3,759.3,759.3,-0.03,-0.22,302898,255086373.0,0.0,0.24
2012-04-17,743.63,743.63,743.63,743.63,-2.06,-15.67,288682,230119297.0,0.0,0.23
2012-04-18,764.04,764.04,764.04,764.04,2.74,20.41,352169,251722729.0,0.0,0.28
2012-04-19,770.81,770.81,770.81,770.81,0.89,6.77,308975,261974131.0,0.0,0.25
2012-04-20,776.98,776.98,776.98,776.98,0.8,6.17,373888,280766269.0,0.0,0.3
2012-04-23,748.51,748.51,748.51,748.51,-3.66,-28.47,496994,412488645.0,0.0,0.4
2012-04-24,731.96,731.96,731.96,731.96,-2.21,-16.55,448172,325920378.0,0.0,0.36
2012-04-25,741.46,741.46,741.46,741.46,1.3,9.5,478903,313651882.0,0.0,0.39
2012-04-26,739.53,739.53,739.53,739.53,-0.26,-1.93,312323,202085455.0,0.0,0.25
2012-04-27,738.2,738.2,738.2,738.2,-0.18,-1.33,581388,371866290.0,0.0,0.47
2012-05-02,753.14,753.14,753.14,753.14,2.02,14.94,391049,283389432.0,0.0,0.31
2012-05-03,761.23,761.23,761.23,761.23,1.07,8.09,484778,363356318.0,0.0,0.39
2012-05-04,776.4,776.4,776.4,776.4,1.99,15.17,420673,322147201.0,0.0,0.34
2012-05-07,791.3,791.3,791.3,791.3,1.92,14.9,406864,327866978.0,0.0,0.33
2012-05-08,796.32,796.32,796.32,796.32,0.63,5.02,630198,487720905.0,0.0,0.51
2012-05-09,784.81,784.81,784.81,784.81,-1.45,-11.51,767591,524750057.0,0.0,0.62
2012-05-10,791.22,791.22,791.22,791.22,0.82,6.41,408636,295733679.0,0.0,0.33
2012-05-11,779.13,779.13,779.13,779.13,-1.53,-12.09,122642,111273783.0,0.0,0.1
2012-05-14,771.23,771.23,771.23,771.23,-1.01,-7.9,502276,329657214.0,0.0,0.4
2012-05-15,773.4,773.4,773.4,773.4,0.28,2.17,287403,198373099.0,0.0,0.23
2012-05-16,767.73,767.73,767.73,767.73,-0.73,-5.67,259243,189613340.0,0.0,0.21
2012-05-17,772.08,772.08,772.08,772.08,0.57,4.35,317663,229394095.0,0.0,0.26
2012-05-18,756.13,756.13,756.13,756.13,-2.07,-15.95,311271,216161072.0,0.0,0.25
2012-05-21,761.08,761.08,761.08,761.08,0.65,4.95,219641,150473711.0,0.0,0.18
2012-05-22,771.75,771.75,771.75,771.75,1.4,10.67,188584,141470913.0,0.0,0.15
2012-05-23,765.87,765.87,765.87,765.87,-0.76,-5.88,208691,160320655.0,0.0,0.17
2012-05-24,755.08,755.08,755.08,755.08,-1.41,-10.79,173107,130993350.0,0.0,0.14
2012-05-25,733.67,733.67,733.67,733.67,-2.84,-21.41,214454,154436248.0,0.0,0.17
2012-05-28,743.58,743.58,743.58,743.58,1.35,9.91,201385,142275665.0,0.0,0.16
2012-05-29,753.56,753.56,753.56,753.56,1.34,9.98,337805,229487942.0,0.0,0.27
2012-05-30,757.68,757.68,757.68,757.68,0.55,4.12,305501,214887460.0,0.0,0.25
2012-05-31,762.14,762.14,762.14,762.14,0.59,4.46,205161,151029612.0,0.0,0.17
2012-06-01,755.95,755.95,755.95,755.95,-0.81,-6.19,205197,143249700.0,0.0,0.17
2012-06-04,721.79,721.79,721.79,721.79,-4.52,-34.16,248729,166060098.0,0.0,0.2
2012-06-05,721.65,721.65,721.65,721.65,-0.02,-0.14,170577,110638828.0,0.0,0.14
2012-06-06,711.36,711.36,711.36,711.36,-1.43,-10.29,188555,121623837.0,0.0,0.15
2012-06-07,710.14,710.14,710.14,710.14,-0.17,-1.22,124269,79134552.0,0.0,0.1
2012-06-08,706.7,706.7,706.7,706.7,-0.48,-3.44,137884,91066193.0,0.0,0.11
2012-06-11,719.09,719.09,719.09,719.09,1.75,12.39,152009,99191020.0,0.0,0.12
2012-06-12,714.57,714.57,714.57,714.57,-0.63,-4.52,100497,70532642.0,0.0,0.08
2012-06-13,733.14,733.14,733.14,733.14,2.6,18.57,173343,113971349.0,0.0,0.14
2012-06-14,722.19,722.19,722.19,722.19,-1.49,-10.95,111840,77002354.0,0.0,0.09
2012-06-15,725.96,725.96,725.96,725.96,0.52,3.77,103640,68746635.0,0.0,0.08
2012-06-18,734.67,734.67,734.67,734.67,1.2,8.71,203777,138836735.0,0.0,0.16
2012-06-19,746.86,746.86,746.86,746.86,1.66,12.19,180211,140878431.0,0.0,0.15
2012-06-20,754.22,754.22,754.22,754.22,0.99,7.36,248204,231444277.0,0.0,0.2
2012-06-21,734.82,734.82,734.82,734.82,-2.57,-19.4,195970,153605680.0,0.0,0.16
2012-06-25,711.89,711.89,711.89,711.89,-3.12,-22.93,316181,209642863.0,0.0,0.25
2012-06-26,728.46,728.46,728.46,728.46,2.33,16.57,326484,256735404.0,0.0,0.26
2012-06-27,775.7,775.7,775.7,775.7,6.48,47.24,1185817,920597635.0,0.0,0.95
2012-06-28,759.06,759.06,759.06,759.06,-2.15,-16.64,675280,588902591.0,0.0,0.54
2012-06-29,775.73,775.73,775.73,775.73,2.2,16.67,708934,607166470.0,0.0,0.57
2012-07-02,778.15,778.15,778.15,778.15,0.31,2.42,443645,421579254.0,0.0,0.36
2012-07-03,800.38,800.38,800.38,800.38,2.86,22.23,699478,717516280.0,0.0,0.56
2012-07-04,778.9,778.9,778.9,778.9,-2.68,-21.48,463851,456755236.0,0.0,0.37
2012-07-05,772.2,772.2,772.2,772.2,-0.86,-6.7,331860,292872995.0,0.0,0.27
2012-07-06,784.8,784.8,784.8,784.8,1.63,12.6,376959,327804424.0,0.0,0.3
2012-07-09,761.73,761.73,761.73,761.73,-2.94,-23.07,422933,345816376.0,0.0,0.34
2012-07-10,741.67,741.67,741.67,741.67,-2.63,-20.06,492659,378490633.0,0.0,0.4
2012-07-11,747.03,747.03,747.03,747.03,0.72,5.36,363620,271630341.0,0.0,0.29
2012-07-12,752.77,752.77,752.77,752.77,0.77,5.74,308409,245148847.0,0.0,0.25
2012-07-13,752.35,752.35,752.35,752.35,-0.06,-0.42,299215,279911825.0,0.0,0.24
2012-07-16,753.13,753.13,753.13,753.13,0.1,0.78,424326,439551056.0,0.0,0.34
2012-07-17,762.45,762.45,762.45,762.45,1.24,9.32,354120,405070262.0,0.0,0.29
2012-07-18,773.18,773.18,773.18,773.18,1.41,10.73,412288,460547832.0,0.0,0.33
2012-07-19,786.47,786.47,786.47,786.47,1.72,13.29,408253,398116412.0,0.0,0.33
2012-07-20,782.37,782.37,782.37,782.37,-0.52,-4.1,365334,405855917.0,0.0,0.29
2012-07-23,767.01,767.01,767.01,767.01,-1.96,-15.36,266942,256779858.0,0.0,0.21
2012-07-24,785.13,785.13,785.13,785.13,2.36,18.12,416541,369367571.0,0.0,0.34
2012-07-25,783.05,783.05,783.05,783.05,-0.26,-2.08,315584,301578079.0,0.0,0.25
2012-07-26,755.13,755.13,755.13,755.13,-3.57,-27.92,321202,308489799.0,0.0,0.26
2012-07-27,744.76,744.76,744.76,744.76,-1.37,-10.37,315294,235764350.0,0.0,0.25
2012-07-30,734.97,734.97,734.97,734.97,-1.31,-9.79,186275,160149820.0,0.0,0.15
2012-07-31,718.59,718.59,718.59,718.59,-2.23,-16.38,193293,154869114.0,0.0,0.16
2012-08-01,744.16,744.16,744.16,744.16,3.56,25.57,175603,161443802.0,0.0,0.14
2012-08-02,743.72,743.72,743.72,743.72,-0.06,-0.44,143205,144681352.0,0.0,0.12
2012-08-03,761.43,761.43,761.43,761.43,2.38,17.71,256170,247434297.0,0.0,0.21
2012-08-06,778.76,778.76,778.76,778.76,2.28,17.33,250477,228457048.0,0.0,0.2
2012-08-07,789.96,789.96,789.96,789.96,1.44,11.2,272579,279632961.0,0.0,0.22
2012-08-08,785.22,785.22,785.22,785.22,-0.6,-4.74,249149,215619490.0,0.0,0.2
2012-08-09,808.74,808.74,808.74,808.74,3.0,23.52,296410,308020077.0,0.0,0.24
2012-08-10,815.94,815.94,815.94,815.94,0.89,7.2,320012,310928135.0,0.0,0.26
2012-08-13,778.14,778.14,778.14,778.14,-4.63,-37.8,255787,245378218.0,0.0,0.21
2012-08-14,815.2,815.2,815.2,815.2,4.76,37.06,465570,464028383.0,0.0,0.37
2012-08-15,799.7,799.7,799.7,799.7,-1.9,-15.5,455156,461006791.0,0.0,0.37
2012-08-16,779.5,779.5,779.5,779.5,-2.53,-20.2,262179,232510276.0,0.0,0.21
2012-08-17,784.54,784.54,784.54,784.54,0.65,5.04,210317,203162525.0,0.0,0.17
2012-08-20,797.07,797.07,797.07,797.07,1.6,12.53,247189,237231775.0,0.0,0.2
2012-08-21,803.84,803.84,803.84,803.84,0.85,6.77,315037,314888378.0,0.0,0.25
2012-08-22,824.1,824.1,824.1,824.1,2.52,20.26,379654,456788707.0,0.0,0.31
2012-08-23,817.38,817.38,817.38,817.38,-0.82,-6.72,322395,377619439.0,0.0,0.26
2012-08-24,800.27,800.27,800.27,800.27,-2.09,-17.11,288741,282775723.0,0.0,0.23
2012-08-27,799.71,799.71,799.71,799.71,-0.07,-0.56,357225,335168805.0,0.0,0.29
2012-08-28,794.45,794.45,794.45,794.45,-0.66,-5.26,239720,225919728.0,0.0,0.19
2012-08-29,783.96,783.96,783.96,783.96,-1.32,-10.49,195020,167887024.0,0.0,0.16
2012-08-30,742.8,742.8,742.8,742.8,-5.25,-41.16,289551,270368314.0,0.0,0.23
2012-08-31,757.64,757.64,757.64,757.64,2.0,14.84,202656,177687026.0,0.0,0.16
2012-09-03,779.1,779.1,779.1,779.1,2.83,21.46,196777,183327416.0,0.0,0.16
2012-09-04,777.43,777.43,777.43,777.43,-0.21,-1.67,222211,220955707.0,0.0,0.18
2012-09-05,774.53,774.53,774.53,774.53,-0.37,-2.9,134014,118150762.0,0.0,0.11
2012-09-06,792.68,792.68,792.68,792.68,2.34,18.15,181733,174406895.0,0.0,0.15
2012-09-07,814.99,814.99,814.99,814.99,2.81,22.31,439800,368169411.0,0.0,0.35
2012-09-10,842.32,842.32,842.32,842.32,3.35,27.33,467060,463756987.0,0.0,0.38
2012-09-11,822.67,822.67,822.67,822.67,-2.33,-19.65,298178,301141546.0,0.0,0.24
2012-09-12,846.43,846.43,846.43,846.43,2.89,23.76,383598,400625164.0,0.0,0.31
2012-09-13,857.68,857.68,857.68,857.68,1.33,11.25,679143,849650506.0,0.0,0.55
2012-09-14,837.34,837.34,837.34,837.34,-2.37,-20.34,519371,608016299.0,0.0,0.42
2012-09-17,804.52,804.52,804.52,804.52,-3.92,-32.82,412455,437955749.0,0.0,0.33
2012-09-18,803.7,803.7,803.7,803.7,-0.1,-0.82,319366,294808648.0,0.0,0.26
2012-09-19,803.24,803.24,803.24,803.24,-0.06,-0.46,318557,285109265.0,0.0,0.26
2012-09-20,772.76,772.76,772.76,772.76,-3.79,-30.48,343613,323977348.0,0.0,0.28
2012-09-21,757.43,757.43,757.43,757.43,-1.98,-15.33,405467,340587897.0,0.0,0.33
2012-09-24,757.45,757.45,757.45,757.45,0.0,0.02,306059,240782642.0,0.0,0.25
2012-09-25,761.28,761.28,761.28,761.28,0.51,3.83,250119,242381403.0,0.0,0.2
2012-09-26,723.09,723.09,723.09,723.09,-5.02,-38.19,232988,215910718.0,0.0,0.19
2012-09-27,743.88,743.88,743.88,743.88,2.88,20.79,303576,257990358.0,0.0,0.24
2012-09-28,754.06,754.06,754.06,754.06,1.37,10.18,241747,201362313.0,0.0,0.19
2012-10-08,767.06,767.06,767.06,767.06,1.72,13.0,222566,207942028.0,0.0,0.18
2012-10-09,787.15,787.15,787.15,787.15,2.62,20.09,309491,274741638.0,0.0,0.25
2012-10-10,790.58,790.58,790.58,790.58,0.44,3.43,288603,262444175.0,0.0,0.23
2012-10-11,769.8,769.8,769.8,769.8,-2.63,-20.78,271859,259613903.0,0.0,0.22
2012-10-12,776.88,776.88,776.88,776.88,0.92,7.08,264118,207638636.0,0.0,0.21
2012-10-15,759.27,759.27,759.27,759.27,-2.27,-17.61,206815,167992645.0,0.0,0.17
2012-10-16,765.0,765.0,765.0,765.0,0.75,5.73,169806,133479401.0,0.0,0.14
2012-10-17,766.85,766.85,766.85,766.85,0.24,1.85,232050,178233006.0,0.0,0.19
2012-10-18,783.89,783.89,783.89,783.89,2.22,17.04,327975,277937569.0,0.0,0.26
2012-10-19,796.24,796.24,796.24,796.24,1.58,12.35,328558,310868420.0,0.0,0.26
2012-10-22,806.84,806.84,806.84,806.84,1.33,10.6,287724,317024094.0,0.0,0.23
2012-10-23,789.05,789.05,789.05,789.05,-2.2,-17.79,209857,236679298.0,0.0,0.17
2012-10-24,765.02,765.02,765.02,765.02,-3.05,-24.03,192909,209645818.0,0.0,0.16
2012-10-25,759.0,759.0,759.0,759.0,-0.79,-6.02,178478,179682048.0,0.0,0.14
2012-10-26,730.69,730.69,730.69,730.69,-3.73,-28.31,177652,168339852.0,0.0,0.14
2012-10-29,730.3,730.3,730.3,730.3,-0.05,-0.39,80575,81710165.0,0.0,0.06
2012-10-30,738.68,738.68,738.68,738.68,1.15,8.38,256869,194747638.0,0.0,0.21
2012-10-31,735.85,735.85,735.85,735.85,-0.38,-2.83,206433,189507098.0,0.0,0.17
2012-11-01,745.55,745.55,745.55,745.55,1.32,9.7,293529,236837616.0,0.0,0.24
2012-11-02,746.29,746.29,746.29,746.29,0.1,0.74,198760,160206086.0,0.0,0.16
2012-11-05,738.03,738.03,738.03,738.03,-1.11,-8.26,213274,163038538.0,0.0,0.17
2012-11-06,741.47,741.47,741.47,741.47,0.47,3.44,270543,246902528.0,0.0,0.22
2012-11-07,738.65,738.65,738.65,738.65,-0.38,-2.82,199802,150171140.0,0.0,0.16
2012-11-08,711.01,711.01,711.01,711.01,-3.74,-27.64,204588,167944387.0,0.0,0.16
2012-11-09,703.43,703.43,703.43,703.43,-1.07,-7.58,182589,145078650.0,0.0,0.15
2012-11-12,713.77,713.77,713.77,713.77,1.47,10.34,130465,100932685.0,0.0,0.11
2012-11-13,691.17,691.17,691.17,691.17,-3.17,-22.6,151445,110521413.0,0.0,0.12
2012-11-14,691.0,691.0,691.0,691.0,-0.02,-0.17,117595,89138612.0,0.0,0.09
2012-11-15,686.12,686.12,686.12,686.12,-0.71,-4.88,130680,102475251.0,0.0,0.11
2012-11-16,683.26,683.26,683.26,683.26,-0.42,-2.86,122182,87467800.0,0.0,0.1
2012-11-19,685.59,685.59,685.59,685.59,0.34,2.33,94494,74155014.0,0.0,0.08
2012-11-20,684.25,684.25,684.25,684.25,-0.2,-1.34,103280,80461801.0,0.0,0.08
2012-11-21,698.02,698.02,698.02,698.02,2.01,13.77,146909,122357210.0,0.0,0.12
2012-11-22,685.1,685.1,685.1,685.1,-1.85,-12.92,140197,98809271.0,0.0,0.11
2012-11-23,685.18,685.18,685.18,685.18,0.01,0.08,89197,65787678.0,0.0,0.07
2012-11-26,665.49,665.49,665.49,665.49,-2.87,-19.69,107243,82858857.0,0.0,0.09
2012-11-27,633.79,633.79,633.79,633.79,-4.76,-31.7,157246,110496686.0,0.0,0.13
2012-11-28,624.59,624.59,624.59,624.59,-1.45,-9.2,131813,89722459.0,0.0,0.11
2012-11-29,609.2,609.2,609.2,609.2,-2.46,-15.39,114567,74237855.0,0.0,0.09
2012-11-30,619.74,619.74,619.74,619.74,1.73,10.54,109818,70610048.0,0.0,0.09
2012-12-03,606.12,606.12,606.12,606.12,-2.2,-13.62,92042,59625125.0,0.0,0.07
2012-12-04,615.43,615.43,615.43,615.43,1.54,9.31,150034,99912522.0,0.0,0.12
2012-12-05,637.32,637.32,637.32,637.32,3.56,21.89,254089,163524379.0,0.0,0.2
2012-12-06,629.96,629.96,629.96,629.96,-1.15,-7.36,143473,99474210.0,0.0,0.12
2012-12-07,639.86,639.86,639.86,639.86,1.57,9.9,308800,219169259.0,0.0,0.25
2012-12-10,653.14,653.14,653.14,653.14,2.08,13.28,332877,242397298.0,0.0,0.27
2012-12-11,644.7,644.7,644.7,644.7,-1.29,-8.44,229240,156729469.0,0.0,0.18
2012-12-12,646.04,646.04,646.04,646.04,0.21,1.34,210128,132888638.0,0.0,0.17
2012-12-13,627.39,627.39,627.39,627.39,-2.89,-18.65,169807,117983941.0,0.0,0.14
2012-12-14,654.03,654.03,654.03,654.03,4.25,26.64,481562,300336830.0,0.0,0.39
2012-12-17,664.32,664.32,664.32,664.32,1.57,10.29,441350,295282638.0,0.0,0.36
2012-12-18,660.39,660.39,660.39,660.39,-0.59,-3.93,387600,247280169.0,0.0,0.31
2012-12-19,675.84,675.84,675.84,675.84,2.34,15.45,304275,250918049.0,0.0,0.24
2012-12-20,672.93,672.93,672.93,672.93,-0.43,-2.91,271038,196296058.0,0.0,0.22
2012-12-21,673.78,673.78,673.78,673.78,0.13,0.85,249659,193100357.0,0.0,0.2
2012-12-24,683.27,683.27,683.27,683.27,1.41,9.49,370102,260616359.0,0.0,0.3
2012-12-25,693.1,693.1,693.1,693.1,1.44,9.83,432770,304889328.0,0.0,0.35
2012-12-26,712.24,712.24,712.24,712.24,2.76,19.14,518472,363684323.0,0.0,0.42
2012-12-27,702.0,702.0,702.0,702.0,-1.44,-10.24,369064,290425866.0,0.0,0.3
2012-12-28,710.21,710.21,710.21,710.21,1.17,8.21,335208,248355094.0,0.0,0.27
2012-12-31,705.95,705.95,705.95,705.95,-0.6,-4.26,316467,233746576.0,0.0,0.25
2013-01-04,709.53,709.53,709.53,709.53,0.51,3.58,285504,205843533.0,0.0,0.23
2013-01-07,718.18,718.18,718.18,718.18,1.22,8.65,259730,189942356.0,0.0,0.21
2013-01-08,736.88,736.88,736.88,736.88,2.6,18.7,453142,356795068.0,0.0,0.36
2013-01-09,735.06,735.06,735.06,735.06,-0.25,-1.82,460742,368397628.0,0.0,0.37
2013-01-10,731.03,731.03,731.03,731.03,-0.55,-4.03,329686,236596341.0,0.0,0.27
2013-01-11,718.08,718.08,718.08,718.08,-1.77,-12.95,371643,282581554.0,0.0,0.3
2013-01-14,747.76,747.76,747.76,747.76,4.13,29.68,449263,390608369.0,0.0,0.36
2013-01-15,761.96,761.96,761.96,761.96,1.9,14.2,500231,422644795.0,0.0,0.4
2013-01-16,755.19,755.19,755.19,755.19,-0.89,-6.77,617852,419176899.0,0.0,0.5
2013-01-17,767.01,767.01,767.01,767.01,1.57,11.82,514358,479672127.0,0.0,0.41
2013-01-18,768.67,768.67,768.67,768.67,0.22,1.66,523884,407280276.0,0.0,0.42
2013-01-21,764.5,764.5,764.5,764.5,-0.54,-4.17,409481,315293662.0,0.0,0.33
2013-01-22,747.7,747.7,747.7,747.7,-2.2,-16.8,391264,338582662.0,0.0,0.31
2013-01-23,758.69,758.69,758.69,758.69,1.47,10.99,1317763,869083508.0,0.0,1.06
2013-01-24,730.91,730.91,730.91,730.91,-3.66,-27.78,640754,451164635.0,0.0,0.52
2013-01-25,737.04,737.04,737.04,737.04,0.84,6.13,366328,254432887.0,0.0,0.29
2013-01-28,745.86,745.86,745.86,745.86,1.2,8.82,576763,436333868.0,0.0,0.46
2013-01-29,753.3,753.3,753.3,753.3,1.0,7.44,402981,312565038.0,0.0,0.32
2013-01-30,751.52,751.52,751.52,751.52,-0.24,-1.78,395253,300207455.0,0.0,0.32
2013-01-31,754.06,754.06,754.06,754.06,0.34,2.54,680552,455981804.0,0.0,0.55
2013-02-01,764.54,764.54,764.54,764.54,1.39,10.48,588876,439561848.0,0.0,0.47
2013-02-04,760.34,760.34,760.34,760.34,-0.55,-4.2,457127,304767156.0,0.0,0.37
2013-02-05,767.4,767.4,767.4,767.4,0.93,7.06,634278,420336829.0,0.0,0.51
2013-02-06,768.35,768.35,768.35,768.35,0.12,0.95,410356,290067590.0,0.0,0.33
2013-02-07,786.87,786.87,786.87,786.87,2.41,18.52,639254,473605786.0,0.0,0.51
2013-02-08,788.28,788.28,788.28,788.28,0.18,1.41,379852,288109201.0,0.0,0.31
2013-02-18,799.5,799.5,799.5,799.5,1.42,11.22,441619,351963288.0,0.0,0.36
2013-02-19,787.01,787.01,787.01,787.01,-1.56,-12.49,457805,338541133.0,0.0,0.37
2013-02-20,807.06,807.06,807.06,807.06,2.55,20.05,551737,411623263.0,0.0,0.44
2013-02-21,775.27,775.27,775.27,775.27,-3.94,-31.79,555777,391819714.0,0.0,0.45
2013-02-22,769.06,769.06,769.06,769.06,-0.8,-6.21,302144,217820171.0,0.0,0.24
2013-02-25,780.71,780.71,780.71,780.71,1.51,11.65,253114,191840724.0,0.0,0.2
2013-02-26,762.96,762.96,762.96,762.96,-2.27,-17.75,405071,295065960.0,0.0,0.33
2013-02-27,770.97,770.97,770.97,770.97,1.05,8.01,311779,230060786.0,0.0,0.25
2013-02-28,786.19,786.19,786.19,786.19,1.97,15.22,398170,298394882.0,0.0,0.32
2013-03-01,804.53,804.53,804.53,804.53,2.33,18.34,415470,371313052.0,0.0,0.33
2013-03-04,784.08,784.08,784.08,784.08,-2.54,-20.45,527949,418023839.0,0.0,0.42
2013-03-05,810.08,810.08,810.08,810.08,3.32,26.0,336139,298066212.0,0.0,0.27
2013-03-06,821.28,821.28,821.28,821.28,1.38,11.2,412750,325413876.0,0.0,0.33
2013-03-07,821.02,821.02,821.02,821.02,-0.03,-0.26,398449,327693992.0,0.0,0.32
2013-03-08,820.02,820.02,820.02,820.02,-0.12,-1.0,432138,328913621.0,0.0,0.35
2013-03-11,807.55,807.55,807.55,807.55,-1.52,-12.47,225879,172048057.0,0.0,0.18
2013-03-12,790.55,790.55,790.55,790.55,-2.11,-17.0,396585,306063642.0,0.0,0.32
2013-03-13,799.96,799.96,799.96,799.96,1.19,9.41,1033985,743875553.0,0.0,0.83
2013-03-14,801.51,801.51,801.51,801.51,0.19,1.55,725782,517606386.0,0.0,0.58
2013-03-15,808.89,808.89,808.89,808.89,0.92,7.38,457778,361074485.0,0.0,0.37
2013-03-18,810.94,810.94,810.94,810.94,0.25,2.05,705160,522341851.0,0.0,0.57
2013-03-19,802.11,802.11,802.11,802.11,-1.09,-8.83,502570,406291890.0,0.0,0.4
2013-03-20,834.8,834.8,834.8,834.8,4.08,32.69,572285,456751434.0,0.0,0.46
2013-03-21,849.95,849.95,849.95,849.95,1.81,15.15,842216,706179474.0,0.0,0.68
2013-03-22,846.59,846.59,846.59,846.59,-0.4,-3.36,537803,426579893.0,0.0,0.43
2013-03-25,848.97,848.97,848.97,848.97,0.28,2.38,454290,382388652.0,0.0,0.37
2013-03-26,833.55,833.55,833.55,833.55,-1.82,-15.42,388795,315409760.0,0.0,0.31
2013-03-27,837.37,837.37,837.37,837.37,0.46,3.82,406499,316650685.0,0.0,0.33
2013-03-28,798.1,798.1,798.1,798.1,-4.69,-39.27,377705,297931267.0,0.0,0.3
2013-03-29,797.32,797.32,797.32,797.32,-0.1,-0.78,258984,213549326.0,0.0,0.21
2013-04-01,799.01,799.01,799.01,799.01,0.21,1.69,159351,128040649.0,0.0,0.13
2013-04-02,781.57,781.57,781.57,781.57,-2.18,-17.44,265728,218618188.0,0.0,0.21
2013-04-03,776.1,776.1,776.1,776.1,-0.7,-5.47,188632,144442062.0,0.0,0.15
2013-04-08,783.09,783.09,783.09,783.09,0.9,6.99,310443,231867907.0,0.0,0.25
2013-04-09,789.77,789.77,789.77,789.77,0.85,6.68,284000,217082543.0,0.0,0.23
2013-04-10,792.3,792.3,792.3,792.3,0.32,2.53,173783,146654454.0,0.0,0.14
2013-04-11,789.36,789.36,789.36,789.36,-0.37,-2.94,255515,188501184.0,0.0,0.21
2013-04-12,805.3,805.3,805.3,805.3,2.02,15.94,469569,370528519.0,0.0,0.38
2013-04-15,793.43,793.43,793.43,793.43,-1.47,-11.87,298226,223016677.0,0.0,0.24
2013-04-16,795.69,795.69,795.69,795.69,0.28,2.26,333103,240714342.0,0.0,0.27
2013-04-17,798.01,798.01,798.01,798.01,0.29,2.32,176474,150752375.0,0.0,0.14
2013-04-18,804.43,804.43,804.43,804.43,0.8,6.42,281113,256435151.0,0.0,0.23
2013-04-19,839.71,839.71,839.71,839.71,4.39,35.28,451401,386704543.0,0.0,0.36
2013-04-22,864.73,864.73,864.73,864.73,2.98,25.02,425964,460970591.0,0.0,0.34
2013-04-23,851.94,851.94,851.94,851.94,-1.48,-12.79,369872,420024650.0,0.0,0.3
2013-04-24,875.52,875.52,875.52,875.52,2.77,23.58,369796,413181918.0,0.0,0.3
2013-04-25,850.04,850.04,850.04,850.04,-2.91,-25.48,347602,395579697.0,0.0,0.28
2013-04-26,845.52,845.52,845.52,845.52,-0.53,-4.52,464046,427635087.0,0.0,0.37
2013-05-02,863.33,863.33,863.33,863.33,2.11,17.81,290508,283711278.0,0.0,0.23
2013-05-03,867.45,867.45,867.45,867.45,0.48,4.12,469994,475530618.0,0.0,0.38
2013-05-06,880.15,880.15,880.15,880.15,1.46,12.7,438158,452585910.0,0.0,0.35
2013-05-07,899.75,899.75,899.75,899.75,2.23,19.6,301716,362117526.0,0.0,0.24
2013-05-08,936.65,936.65,936.65,936.65,4.1,36.9,590891,610193261.0,0.0,0.48
2013-05-09,940.51,940.51,940.51,940.51,0.41,3.86,426543,465362859.0,0.0,0.34
2013-05-10,932.89,932.89,932.89,932.89,-0.81,-7.62,278609,314866636.0,0.0,0.22
2013-05-13,943.29,943.29,943.29,943.29,1.11,10.4,527561,468054677.0,0.0,0.42
2013-05-14,932.69,932.69,932.69,932.69,-1.12,-10.6,355399,338051048.0,0.0,0.29
2013-05-15,935.94,935.94,935.94,935.94,0.35,3.25,308500,331658759.0,0.0,0.25
2013-05-16,953.07,953.07,953.07,953.07,1.83,17.13,582509,589995237.0,0.0,0.47
2013-05-17,968.23,968.23,968.23,968.23,1.59,15.16,766747,666091725.0,0.0,0.62
2013-05-20,1003.4,1003.4,1003.4,1003.4,3.63,35.17,733309,667301160.0,0.0,0.59
2013-05-21,1008.15,1008.15,1008.15,1008.15,0.47,4.75,595624,549400229.0,0.0,0.48
2013-05-22,991.49,991.49,991.49,991.49,-1.65,-16.66,423038,400592513.0,0.0,0.34
2013-05-23,1005.43,1005.43,1005.43,1005.43,1.41,13.94,783856,689698761.0,0.0,0.63
2013-05-24,1027.0,1027.0,1027.0,1027.0,2.15,21.57,465028,447948043.0,0.0,0.37
2013-05-27,1062.75,1062.75,1062.75,1062.75,3.48,35.75,1032877,966032537.0,0.0,0.83
2013-05-28,1066.83,1066.83,1066.83,1066.83,0.38,4.08,833588,814506292.0,0.0,0.67
2013-05-29,1067.51,1067.51,1067.51,1067.51,0.06,0.68,532521,535880429.0,0.0,0.43
2013-05-30,1054.11,1054.11,1054.11,1054.11,-1.26,-13.4,657071,632180813.0,0.0,0.53
2013-05-31,1058.78,1058.78,1058.78,1058.78,0.44,4.67,627312,611397081.0,0.0,0.5
2013-06-03,1045.6,1045.6,1045.6,1045.6,-1.24,-13.18,721017,763889012.0,0.0,0.58
2013-06-04,1033.42,1033.42,1033.42,1033.42,-1.16,-12.18,901984,871098306.0,0.0,0.73
2013-06-05,1061.42,1061.42,1061.42,1061.42,2.71,28.0,418145,434091724.0,0.0,0.34
2013-06-06,1058.0,1058.0,1058.0,1058.0,-0.32,-3.42,692395,837467887.0,0.0,0.56
2013-06-07,1043.82,1043.82,1043.82,1043.82,-1.34,-14.18,747310,813552712.0,0.0,0.6
2013-06-13,1024.45,1024.45,1024.45,1024.45,-1.86,-19.37,601090,621834636.0,0.0,0.48
2013-06-14,1049.81,1049.81,1049.81,1049.81,2.48,25.36,547080,583111720.0,0.0,0.44
2013-06-17,1054.82,1054.82,1054.82,1054.82,0.48,5.01,451344,474626407.0,0.0,0.36
2013-06-18,1025.45,1025.45,1025.45,1025.45,-2.78,-29.37,491398,495887016.0,0.0,0.4
2013-06-19,1011.99,1011.99,1011.99,1011.99,-1.31,-13.46,415142,366982373.0,0.0,0.33
2013-06-20,985.6,985.6,985.6,985.6,-2.61,-26.39,398826,361535392.0,0.0,0.32
2013-06-21,970.4,970.4,970.4,970.4,-1.54,-15.2,460261,379204400.0,0.0,0.37
2013-06-24,892.06,892.06,892.06,892.06,-8.07,-78.34,543092,448813639.0,0.0,0.44
2013-06-25,907.08,907.08,907.08,907.08,1.68,15.02,781931,595453077.0,0.0,0.63
2013-06-26,942.01,942.01,942.01,942.01,3.85,34.93,629054,544753272.0,0.0,0.51
2013-06-27,904.23,904.23,904.23,904.23,-4.01,-37.78,687373,558801355.0,0.0,0.55
2013-06-28,904.48,904.48,904.48,904.48,0.03,0.25,652542,489688747.0,0.0,0.53
2013-07-01,928.94,928.94,928.94,928.94,2.7,24.46,534175,407360144.0,0.0,0.43
2013-07-02,955.61,955.61,955.61,955.61,2.87,26.67,592149,484336943.0,0.0,0.48
2013-07-03,950.34,950.34,950.34,950.34,-0.55,-5.27,618799,527066013.0,0.0,0.5
2013-07-04,947.53,947.53,947.53,947.53,-0.3,-2.81,742646,588002064.0,0.0,0.6
2013-07-05,942.28,942.28,942.28,942.28,-0.55,-5.25,485302,405439083.0,0.0,0.39
2013-07-08,895.55,895.55,895.55,895.55,-4.96,-46.73,497568,372726637.0,0.0,0.4
2013-07-09,904.4,904.4,904.4,904.4,0.99,8.85,416151,302855800.0,0.0,0.33
2013-07-10,933.03,933.03,933.03,933.03,3.17,28.63,523905,417336110.0,0.0,0.42
2013-07-11,969.64,969.64,969.64,969.64,3.92,36.61,1158749,913569123.0,0.0,0.93
2013-07-12,966.22,966.22,966.22,966.22,-0.35,-3.42,1072801,855576529.0,0.0,0.86
2013-07-15,1003.06,1003.06,1003.06,1003.06,3.81,36.84,601276,487625229.0,0.0,0.48
2013-07-16,1032.9,1032.9,1032.9,1032.9,2.97,29.84,550684,466091245.0,0.0,0.44
2013-07-17,1013.86,1013.86,1013.86,1013.86,-1.84,-19.04,807771,755399911.0,0.0,0.65
2013-07-18,1021.67,1021.67,1021.67,1021.67,0.77,7.81,684210,610855231.0,0.0,0.55
2013-07-19,1010.85,1010.85,1010.85,1010.85,-1.06,-10.82,723938,644499435.0,0.0,0.58
2013-07-22,1035.08,1035.08,1035.08,1035.08,2.4,24.23,497044,474170348.0,0.0,0.4
2013-07-23,1069.87,1069.87,1069.87,1069.87,3.36,34.79,820416,782894598.0,0.0,0.66
2013-07-24,1070.03,1070.03,1070.03,1070.03,0.01,0.16,627845,578017814.0,0.0,0.51
2013-07-25,1044.84,1044.84,1044.84,1044.84,-2.35,-25.19,879583,754541659.0,0.0,0.71
2013-07-26,1039.08,1039.08,1039.08,1039.08,-0.55,-5.76,410545,360389529.0,0.0,0.33
2013-07-29,1019.7,1019.7,1019.7,1019.7,-1.87,-19.38,425942,344197815.0,0.0,0.34
2013-07-30,1020.85,1020.85,1020.85,1020.85,0.11,1.15,494348,370213810.0,0.0,0.4
2013-07-31,1012.1,1012.1,1012.1,1012.1,-0.86,-8.75,428236,335130563.0,0.0,0.34
2013-08-01,1054.81,1054.81,1054.81,1054.81,4.22,42.71,959724,844161372.0,0.0,0.77
2013-08-02,1039.36,1039.36,1039.36,1039.36,-1.46,-15.45,690010,624618630.0,0.0,0.56
2013-08-05,1051.55,1051.55,1051.55,1051.55,1.17,12.19,606294,543701322.0,0.0,0.49
2013-08-06,1057.64,1057.64,1057.64,1057.64,0.58,6.09,607225,560060650.0,0.0,0.49
2013-08-07,1029.88,1029.88,1029.88,1029.88,-2.62,-27.76,562169,523054633.0,0.0,0.45
2013-08-08,1024.01,1024.01,1024.01,1024.01,-0.57,-5.87,436642,376576033.0,0.0,0.35
2013-08-09,1010.09,1010.09,1010.09,1010.09,-1.36,-13.92,544187,440926160.0,0.0,0.44
2013-08-12,1032.17,1032.17,1032.17,1032.17,2.19,22.08,668219,544754593.0,0.0,0.54
2013-08-13,1033.83,1033.83,1033.83,1033.83,0.16,1.66,437847,328413339.0,0.0,0.35
2013-08-14,1022.73,1022.73,1022.73,1022.73,-1.07,-11.1,461836,373920025.0,0.0,0.37
2013-08-15,1021.39,1021.39,1021.39,1021.39,-0.13,-1.34,620220,444199743.0,0.0,0.5
2013-08-16,981.86,981.86,981.86,981.86,-3.87,-39.53,761784,610696281.0,0.0,0.61
2013-08-19,993.87,993.87,993.87,993.87,1.22,12.01,391769,317065152.0,0.0,0.32
2013-08-20,993.88,993.88,993.88,993.88,0.0,0.01,498704,402741954.0,0.0,0.4
2013-08-21,1001.13,1001.13,1001.13,1001.13,0.73,7.25,312084,249668187.0,0.0,0.25
2013-08-22,1008.6,1008.6,1008.6,1008.6,0.75,7.47,358601,288391213.0,0.0,0.29
2013-08-23,994.19,994.19,994.19,994.19,-1.43,-14.41,636632,514647115.0,0.0,0.51
2013-08-26,1016.49,1016.49,1016.49,1016.49,2.24,22.3,382941,318716604.0,0.0,0.31
2013-08-27,1021.72,1021.72,1021.72,1021.72,0.51,5.23,430007,350562791.0,0.0,0.35
2013-08-28,1014.67,1014.67,1014.67,1014.67,-0.69,-7.05,730934,581533910.0,0.0,0.59
2013-08-29,1005.36,1005.36,1005.36,1005.36,-0.92,-9.31,499609,393250077.0,0.0,0.4
2013-08-30,978.91,978.91,978.91,978.91,-2.63,-26.45,714816,529263648.0,0.0,0.58
2013-09-02,967.02,967.02,967.02,967.02,-1.21,-11.89,549019,441444297.0,0.0,0.44
2013-09-03,981.72,981.72,981.72,981.72,1.52,14.7,501523,388550220.0,0.0,0.4
2013-09-04,997.35,997.35,997.35,997.35,1.59,15.63,475106,359605925.0,0.0,0.38
2013-09-05,992.64,992.64,992.64,992.64,-0.47,-4.71,625060,454928893.0,0.0,0.5
2013-09-06,997.21,997.21,997.21,997.21,0.46,4.57,401598,335418728.0,0.0,0.32
2013-09-09,1001.9,1001.9,1001.9,1001.9,0.47,4.69,605643,478777085.0,0.0,0.49
2013-09-10,1014.02,1014.02,1014.02,1014.02,1.21,12.12,1255977,1001100702.0,0.0,1.01
2013-09-11,1008.8,1008.8,1008.8,1008.8,-0.51,-5.22,1046806,829562089.0,0.0,0.84
2013-09-12,999.56,999.56,999.56,999.56,-0.92,-9.24,523144,403331833.0,0.0,0.42
2013-09-13,998.59,998.59,998.59,998.59,-0.1,-0.97,487482,372414925.0,0.0,0.39
2013-09-16,1005.27,1005.27,1005.27,1005.27,0.67,6.68,361148,310607357.0,0.0,0.29
2013-09-17,1012.02,1012.02,1012.02,1012.02,0.67,6.75,610383,469120362.0,0.0,0.49
2013-09-18,1030.65,1030.65,1030.65,1030.65,1.84,18.63,525493,445152492.0,0.0,0.42
2013-09-23,1071.27,1071.27,1071.27,1071.27,3.94,40.62,578101,544458738.0,0.0,0.47
2013-09-24,1091.89,1091.89,1091.89,1091.89,1.92,20.62,521288,479815008.0,0.0,0.42
2013-09-25,1131.15,1131.15,1131.15,1131.15,3.6,39.26,592307,621408983.0,0.0,0.48
2013-09-26,1171.08,1171.08,1171.08,1171.08,3.53,39.93,679748,727414626.0,0.0,0.55
2013-09-27,1146.72,1146.72,1146.72,1146.72,-2.08,-24.36,837076,1050547492.0,0.0,0.67
2013-09-30,1170.97,1170.97,1170.97,1170.97,2.11,24.25,584588,701966006.0,0.0,0.47
2013-10-08,1226.21,1226.21,1226.21,1226.21,4.72,55.24,710426,818284172.0,0.0,0.57
2013-10-09,1272.79,1272.79,1272.79,1272.79,3.8,46.58,1163583,1220376062.0,0.0,0.94
2013-10-10,1254.8,1254.8,1254.8,1254.8,-1.41,-17.99,767998,954491970.0,0.0,0.62
2013-10-11,1289.62,1289.62,1289.62,1289.62,2.77,34.82,801514,880758424.0,0.0,0.65
2013-10-14,1359.15,1359.15,1359.15,1359.15,5.39,69.53,977066,1071701606.0,0.0,0.79
2013-10-15,1351.29,1351.29,1351.29,1351.29,-0.58,-7.86,741878,1020904355.0,0.0,0.6
2013-10-16,1332.85,1332.85,1332.85,1332.85,-1.36,-18.44,679197,888164844.0,0.0,0.55
2013-10-17,1351.05,1351.05,1351.05,1351.05,1.37,18.2,566421,884624035.0,0.0,0.46
2013-10-18,1399.53,1399.53,1399.53,1399.53,3.59,48.48,724059,1054732059.0,0.0,0.58
2013-10-21,1462.24,1462.24,1462.24,1462.24,4.48,62.71,950998,1135098635.0,0.0,0.77
2013-10-22,1495.97,1495.97,1495.97,1495.97,2.31,33.73,1055062,1084419482.0,0.0,0.85
2013-10-23,1427.71,1427.71,1427.71,1427.71,-4.56,-68.26,784900,758340609.0,0.0,0.63
2013-10-24,1423.65,1423.65,1423.65,1423.65,-0.28,-4.06,458176,413358922.0,0.0,0.37
2013-10-25,1380.03,1380.03,1380.03,1380.03,-3.06,-43.62,503076,462025560.0,0.0,0.4
2013-10-28,1357.72,1357.72,1357.72,1357.72,-1.62,-22.31,645708,954429728.0,0.0,0.52
2013-10-29,1376.18,1376.18,1376.18,1376.18,1.36,18.46,1247098,1207334687.0,0.0,1.0
2013-10-30,1432.69,1432.69,1432.69,1432.69,4.11,56.51,1810684,1949039606.0,0.0,1.46
2013-10-31,1379.25,1379.25,1379.25,1379.25,-3.73,-53.44,2042407,1914397446.0,0.0,1.64
2013-11-01,1327.79,1327.79,1327.79,1327.79,-3.73,-51.46,1368598,1275379083.0,0.0,1.1
2013-11-04,1370.39,1370.39,1370.39,1370.39,3.21,42.6,2136308,2040221403.0,0.0,1.72
2013-11-05,1435.69,1435.69,1435.69,1435.69,4.77,65.3,1895469,1887412836.0,0.0,1.53
2013-11-06,1463.99,1463.99,1463.99,1463.99,1.97,28.3,3099727,3078804961.0,0.0,2.49
2013-11-07,1438.52,1438.52,1438.52,1438.52,-1.74,-25.47,1584267,1402349749.0,0.0,1.28
2013-11-08,1430.88,1430.88,1430.88,1430.88,-0.53,-7.64,1815097,1751702811.0,0.0,1.46
2013-11-11,1440.18,1440.18,1440.18,1440.18,0.65,9.3,1416808,1371920583.0,0.0,1.14
2013-11-12,1410.78,1410.78,1410.78,1410.78,-2.04,-29.4,1383750,1309390702.0,0.0,1.11
2013-11-13,1350.14,1350.14,1350.14,1350.14,-4.3,-60.64,1169554,1125067689.0,0.0,0.94
2013-11-14,1372.23,1372.23,1372.23,1372.23,1.64,22.09,1278085,1199419955.0,0.0,1.03
2013-11-15,1361.44,1361.44,1361.44,1361.44,-0.79,-10.79,1616514,1707716814.0,0.0,1.3
2013-11-18,1394.51,1394.51,1394.51,1394.51,2.43,33.07,1474740,1497700979.0,0.0,1.19
2013-11-19,1432.16,1432.16,1432.16,1432.16,2.7,37.65,1285297,1304738076.0,0.0,1.03
2013-11-20,1452.02,1452.02,1452.02,1452.02,1.39,19.86,1060027,1323893278.0,0.0,0.85
2013-11-21,1476.23,1476.23,1476.23,1476.23,1.67,24.21,1651694,1795973941.0,0.0,1.33
2013-11-22,1506.47,1506.47,1506.47,1506.47,2.05,30.24,1444035,1493374696.0,0.0,1.16
2013-11-25,1499.81,1499.81,1499.81,1499.81,-0.44,-6.66,1521949,1678036907.0,0.0,1.22
2013-11-26,1515.75,1515.75,1515.75,1515.75,1.06,15.94,1232117,1447307966.0,0.0,0.99
2013-11-27,1536.86,1536.86,1536.86,1536.86,1.39,21.11,1132320,1638841452.0,0.0,0.91
2013-11-28,1501.8,1501.8,1501.8,1501.8,-2.28,-35.06,992342,1289509994.0,0.0,0.8
2013-11-29,1528.06,1528.06,1528.06,1528.06,1.75,26.26,946443,1464465175.0,0.0,0.76
2013-12-02,1400.58,1400.58,1400.58,1400.58,-8.34,-127.48,1269682,1830681589.0,0.0,1.02
2013-12-03,1454.74,1454.74,1454.74,1454.74,3.87,54.16,1033857,1583596639.0,0.0,0.83
2013-12-04,1428.33,1428.33,1428.33,1428.33,-1.82,-26.41,1092806,1647859150.0,0.0,0.88
2013-12-05,1394.85,1394.85,1394.85,1394.85,-2.34,-33.48,772239,1133028020.0,0.0,0.62
2013-12-06,1398.78,1398.78,1398.78,1398.78,0.28,3.93,642078,900167916.0,0.0,0.52
2013-12-09,1417.83,1417.83,1417.83,1417.83,1.36,19.05,734886,1066808603.0,0.0,0.59
2013-12-10,1402.17,1402.17,1402.17,1402.17,-1.1,-15.66,641046,886772840.0,0.0,0.52
2013-12-11,1404.7,1404.7,1404.7,1404.7,0.18,2.53,698930,910663697.0,0.0,0.56
2013-12-12,1441.37,1441.37,1441.37,1441.37,2.61,36.67,780705,1243454551.0,0.0,0.63
2013-12-13,1475.28,1475.28,1475.28,1475.28,2.35,33.91,671290,1224776886.0,0.0,0.54
2013-12-16,1430.94,1430.94,1430.94,1430.94,-3.01,-44.34,821086,1363072187.0,0.0,0.66
2013-12-17,1417.66,1417.66,1417.66,1417.66,-0.93,-13.28,712277,1172306801.0,0.0,0.57
2013-12-18,1428.98,1428.98,1428.98,1428.98,0.8,11.32,614583,1106720515.0,0.0,0.49
2013-12-19,1385.06,1385.06,1385.06,1385.06,-3.07,-43.92,508673,865851817.0,0.0,0.41
2013-12-20,1371.15,1371.15,1371.15,1371.15,-1.0,-13.91,525358,685325364.0,0.0,0.42
2013-12-23,1391.51,1391.51,1391.51,1391.51,1.48,20.36,520523,806539376.0,0.0,0.42
2013-12-24,1406.47,1406.47,1406.47,1406.47,1.08,14.96,432328,721588180.0,0.0,0.35
2013-12-25,1431.59,1431.59,1431.59,1431.59,1.79,25.12,486973,771071000.0,0.0,0.39
2013-12-26,1395.3,1395.3,1395.3,1395.3,-2.53,-36.29,791804,1302085938.0,0.0,0.64
2013-12-27,1405.74,1405.74,1405.74,1405.74,0.75,10.44,562760,831089842.0,0.0,0.45
2013-12-30,1397.44,1397.44,1397.44,1397.44,-0.59,-8.3,460248,731766303.0,0.0,0.37
2013-12-31,1403.58,1403.58,1403.58,1403.58,0.44,6.14,476798,645086743.0,0.0,0.38
2014-01-02,1395.71,1395.71,1395.71,1395.71,-0.56,-7.87,504899,616436926.0,0.0,0.41
2014-01-03,1416.06,1416.06,1416.06,1416.06,1.46,20.35,654099,857635016.0,0.0,0.53
2014-01-06,1364.4,1364.4,1364.4,1364.4,-3.65,-51.66,651116,868532732.0,0.0,0.52
2014-01-07,1388.62,1388.62,1388.62,1388.62,1.78,24.22,622943,722133653.0,0.0,0.5
2014-01-08,1417.18,1417.18,1417.18,1417.18,2.06,28.56,569102,790463760.0,0.0,0.46
2014-01-09,1419.8,1419.8,1419.8,1419.8,0.18,2.62,570299,796971440.0,0.0,0.46
2014-01-10,1411.52,1411.52,1411.52,1411.52,-0.58,-8.28,1961542,1807619785.0,0.0,1.58
2014-01-13,1369.87,1369.87,1369.87,1369.87,-2.95,-41.65,855191,931144055.0,0.0,0.69
2014-01-14,1427.95,1427.95,1427.95,1427.95,4.24,58.08,800807,870824157.0,0.0,0.64
2014-01-15,1418.0,1418.0,1418.0,1418.0,-0.7,-9.95,557334,633359625.0,0.0,0.45
2014-01-16,1417.68,1417.68,1417.68,1417.68,-0.02,-0.32,491320,601681458.0,0.0,0.4
2014-01-17,1418.46,1418.46,1418.46,1418.46,0.06,0.78,522406,735541241.0,0.0,0.42
2014-01-20,1382.45,1382.45,1382.45,1382.45,-2.54,-36.01,407048,548139062.0,0.0,0.33
2014-01-21,1398.23,1398.23,1398.23,1398.23,1.14,15.78,538298,580243192.0,0.0,0.43
2014-01-22,1435.41,1435.41,1435.41,1435.41,2.66,37.18,748804,844678001.0,0.0,0.6
2014-01-23,1457.38,1457.38,1457.38,1457.38,1.53,21.97,698015,918316364.0,0.0,0.56
2014-01-24,1452.54,1452.54,1452.54,1452.54,-0.33,-4.84,742026,967481782.0,0.0,0.6
2014-01-27,1434.61,1434.61,1434.61,1434.61,-1.23,-17.93,521738,694376581.0,0.0,0.42
2014-01-28,1456.79,1456.79,1456.79,1456.79,1.55,22.18,479524,671513699.0,0.0,0.39
2014-01-29,1459.57,1459.57,1459.57,1459.57,0.19,2.78,521883,627424275.0,0.0,0.42
2014-01-30,1434.47,1434.47,1434.47,1434.47,-1.72,-25.1,391442,477437878.0,0.0,0.32
2014-02-07,1451.61,1451.61,1451.61,1451.61,1.19,17.14,455697,526114866.0,0.0,0.37
2014-02-10,1502.71,1502.71,1502.71,1502.71,3.52,51.1,818620,949011337.0,0.0,0.66
2014-02-11,1539.89,1539.89,1539.89,1539.89,2.47,37.18,952985,1179848860.0,0.0,0.77
2014-02-12,1549.62,1549.62,1549.62,1549.62,0.63,9.73,917763,1073852588.0,0.0,0.74
2014-02-13,1490.33,1490.33,1490.33,1490.33,-3.83,-59.29,777739,970145919.0,0.0,0.63
2014-02-14,1518.48,1518.48,1518.48,1518.48,1.89,28.15,616981,649831590.0,0.0,0.5
2014-02-17,1531.68,1531.68,1531.68,1531.68,0.87,13.2,863574,945103573.0,0.0,0.7
2014-02-18,1521.97,1521.97,1521.97,1521.97,-0.63,-9.71,1015557,1127838304.0,0.0,0.82
2014-02-19,1533.95,1533.95,1533.95,1533.95,0.79,11.98,952747,1017143323.0,0.0,0.77
2014-02-20,1600.09,1600.09,1600.09,1600.09,4.31,66.14,1490655,1851788857.0,0.0,1.2
2014-02-21,1524.71,1524.71,1524.71,1524.71,-4.71,-75.38,1207491,1190476298.0,0.0,0.97
2014-02-24,1522.6,1522.6,1522.6,1522.6,-0.14,-2.11,679257,716910317.0,0.0,0.55
2014-02-25,1485.49,1485.49,1485.49,1485.49,-2.44,-37.11,869991,1022484575.0,0.0,0.7
2014-02-26,1544.21,1544.21,1544.21,1544.21,3.95,58.72,790159,766328361.0,0.0,0.64
2014-02-27,1532.52,1532.52,1532.52,1532.52,-0.76,-11.69,1086838,992363892.0,0.0,0.87
2014-02-28,1532.71,1532.71,1532.71,1532.71,0.01,0.19,851626,805326697.0,0.0,0.69
2014-03-03,1555.28,1555.28,1555.28,1555.28,1.47,22.57,706582,663696433.0,0.0,0.57
2014-03-04,1580.46,1580.46,1580.46,1580.46,1.62,25.18,670442,827105889.0,0.0,0.54
2014-03-05,1552.77,1552.77,1552.77,1552.77,-1.75,-27.69,661351,722720961.0,0.0,0.53
2014-03-06,1531.39,1531.39,1531.39,1531.39,-1.38,-21.38,589413,652750575.0,0.0,0.47
2014-03-07,1587.62,1587.62,1587.62,1587.62,3.67,56.23,839443,1174923252.0,0.0,0.68
2014-03-10,1537.88,1537.88,1537.88,1537.88,-3.13,-49.74,672630,1030452174.0,0.0,0.54
2014-03-11,1508.15,1508.15,1508.15,1508.15,-1.93,-29.73,465696,636373980.0,0.0,0.37
2014-03-12,1485.32,1485.32,1485.32,1485.32,-1.51,-22.83,492785,598487458.0,0.0,0.4
2014-03-13,1516.77,1516.77,1516.77,1516.77,2.12,31.45,365207,476078848.0,0.0,0.29
2014-03-14,1494.75,1494.75,1494.75,1494.75,-1.45,-22.02,326244,376710830.0,0.0,0.26
2014-03-17,1532.25,1532.25,1532.25,1532.25,2.51,37.5,480651,519427782.0,0.0,0.39
2014-03-18,1518.3,1518.3,1518.3,1518.3,-0.91,-13.95,488873,501990741.0,0.0,0.39
2014-03-19,1499.63,1499.63,1499.63,1499.63,-1.23,-18.67,580665,583768452.0,0.0,0.47
2014-03-20,1443.57,1443.57,1443.57,1443.57,-3.74,-56.06,621172,616754157.0,0.0,0.5
2014-03-21,1474.86,1474.86,1474.86,1474.86,2.17,31.29,502297,478122480.0,0.0,0.4
2014-03-24,1468.41,1468.41,1468.41,1468.41,-0.44,-6.45,414328,421817256.0,0.0,0.33
2014-03-25,1476.7,1476.7,1476.7,1476.7,0.56,8.29,468541,483214775.0,0.0,0.38
2014-03-26,1482.57,1482.57,1482.57,1482.57,0.4,5.87,289898,305552751.0,0.0,0.23
2014-03-27,1436.01,1436.01,1436.01,1436.01,-3.14,-46.56,316448,332546051.0,0.0,0.25
2014-03-28,1376.82,1376.82,1376.82,1376.82,-4.12,-59.19,453843,494363366.0,0.0,0.37
2014-03-31,1366.41,1366.41,1366.41,1366.41,-0.76,-10.41,250015,267130324.0,0.0,0.2
2014-04-01,1386.22,1386.22,1386.22,1386.22,1.45,19.81,250189,240371724.0,0.0,0.2
2014-04-02,1385.94,1385.94,1385.94,1385.94,-0.02,-0.28,235068,234517814.0,0.0,0.19
2014-04-03,1401.47,1401.47,1401.47,1401.47,1.12,15.53,392806,371324278.0,0.0,0.32
2014-04-04,1405.29,1405.29,1405.29,1405.29,0.27,3.82,228259,227610178.0,0.0,0.18
2014-04-08,1423.36,1423.36,1423.36,1423.36,1.29,18.07,463124,414132273.0,0.0,0.37
2014-04-09,1456.91,1456.91,1456.91,1456.91,2.36,33.55,440090,482558391.0,0.0,0.35
2014-04-10,1450.23,1450.23,1450.23,1450.23,-0.46,-6.68,425528,455400916.0,0.0,0.34
2014-04-11,1436.06,1436.06,1436.06,1436.06,-0.98,-14.17,319472,312054269.0,0.0,0.26
2014-04-14,1479.35,1479.35,1479.35,1479.35,3.01,43.29,485115,368585428.0,0.0,0.39
2014-04-15,1469.67,1469.67,1469.67,1469.67,-0.65,-9.68,834576,634437381.0,0.0,0.67
2014-04-16,1477.68,1477.68,1477.68,1477.68,0.55,8.01,591468,426020668.0,0.0,0.48
2014-04-17,1466.71,1466.71,1466.71,1466.71,-0.74,-10.97,462502,374919398.0,0.0,0.37
2014-04-18,1479.88,1479.88,1479.88,1479.88,0.9,13.17,418883,388077245.0,0.0,0.34
2014-04-21,1456.24,1456.24,1456.24,1456.24,-1.6,-23.64,428488,391027122.0,0.0,0.34
2014-04-22,1424.97,1424.97,1424.97,1424.97,-2.15,-31.27,438181,390226407.0,0.0,0.35
2014-04-23,1424.19,1424.19,1424.19,1424.19,-0.05,-0.78,325371,276012958.0,0.0,0.26
2014-04-24,1407.81,1407.81,1407.81,1407.81,-1.15,-16.38,232527,213502558.0,0.0,0.19
2014-04-25,1367.69,1367.69,1367.69,1367.69,-2.85,-40.12,379780,314447274.0,0.0,0.31
2014-04-28,1333.47,1333.47,1333.47,1333.47,-2.5,-34.22,349036,311735160.0,0.0,0.28
2014-04-29,1346.81,1346.81,1346.81,1346.81,1.0,13.34,335296,256509840.0,0.0,0.27
2014-04-30,1347.03,1347.03,1347.03,1347.03,0.02,0.22,243728,203933128.0,0.0,0.2
2014-05-05,1360.03,1360.03,1360.03,1360.03,0.97,13.0,214661,195736989.0,0.0,0.17
2014-05-06,1372.15,1372.15,1372.15,1372.15,0.89,12.12,301384,261104191.0,0.0,0.24
2014-05-07,1331.96,1331.96,1331.96,1331.96,-2.93,-40.19,237612,219475621.0,0.0,0.19
2014-05-08,1341.2,1341.2,1341.2,1341.2,0.69,9.24,184416,165997098.0,0.0,0.15
2014-05-09,1336.91,1336.91,1336.91,1336.91,-0.32,-4.29,279684,246056614.0,0.0,0.23
2014-05-12,1381.68,1381.68,1381.68,1381.68,3.35,44.77,337736,325168219.0,0.0,0.27
2014-05-13,1404.02,1404.02,1404.02,1404.02,1.62,22.34,564499,605792595.0,0.0,0.45
2014-05-14,1395.04,1395.04,1395.04,1395.04,-0.64,-8.98,300434,300058855.0,0.0,0.24
2014-05-15,1396.58,1396.58,1396.58,1396.58,0.11,1.54,464525,479860989.0,0.0,0.37
2014-05-16,1389.07,1389.07,1389.07,1389.07,-0.54,-7.51,354224,362956878.0,0.0,0.29
2014-05-19,1371.93,1371.93,1371.93,1371.93,-1.23,-17.14,257616,254445787.0,0.0,0.21
2014-05-20,1384.67,1384.67,1384.67,1384.67,0.93,12.74,310161,274817343.0,0.0,0.25
2014-05-21,1382.63,1382.63,1382.63,1382.63,-0.15,-2.04,296746,251158791.0,0.0,0.24
2014-05-22,1372.6,1372.6,1372.6,1372.6,-0.73,-10.03,297685,266511205.0,0.0,0.24
2014-05-23,1386.7,1386.7,1386.7,1386.7,1.03,14.1,275536,250398385.0,0.0,0.22
2014-05-26,1398.91,1398.91,1398.91,1398.91,0.88,12.21,391750,342520328.0,0.0,0.32
2014-05-27,1384.37,1384.37,1384.37,1384.37,-1.04,-14.54,485795,367846174.0,0.0,0.39
2014-05-28,1414.42,1414.42,1414.42,1414.42,2.17,30.05,791956,602596868.0,0.0,0.64
2014-05-29,1405.78,1405.78,1405.78,1405.78,-0.61,-8.64,1048758,792749047.0,0.0,0.84
2014-05-30,1415.34,1415.34,1415.34,1415.34,0.68,9.56,700300,603633011.0,0.0,0.56
2014-06-03,1466.3,1466.3,1466.3,1466.3,3.6,50.96,790529,774520354.0,0.0,0.64
2014-06-04,1480.18,1480.18,1480.18,1480.18,0.95,13.88,811134,937544822.0,0.0,0.65
2014-06-05,1567.54,1567.54,1567.54,1567.54,5.9,87.36,976700,1174597470.0,0.0,0.79
2014-06-06,1525.73,1525.73,1525.73,1525.73,-2.67,-41.81,1103055,1278924298.0,0.0,0.89
2014-06-09,1509.93,1509.93,1509.93,1509.93,-1.04,-15.8,677804,821549887.0,0.0,0.55
2014-06-10,1526.63,1526.63,1526.63,1526.63,1.11,16.7,642432,738753579.0,0.0,0.52
2014-06-11,1524.3,1524.3,1524.3,1524.3,-0.15,-2.33,467851,558751090.0,0.0,0.38
2014-06-12,1538.51,1538.51,1538.51,1538.51,0.93,14.21,707874,993390763.0,0.0,0.57
2014-06-13,1533.18,1533.18,1533.18,1533.18,-0.35,-5.33,681387,809413130.0,0.0,0.55
2014-06-16,1586.96,1586.96,1586.96,1586.96,3.51,53.78,894456,1149717521.0,0.0,0.72
2014-06-17,1546.54,1546.54,1546.54,1546.54,-2.55,-40.42,758819,850883202.0,0.0,0.61
2014-06-18,1520.28,1520.28,1520.28,1520.28,-1.7,-26.26,462265,517917168.0,0.0,0.37
2014-06-19,1478.18,1478.18,1478.18,1478.18,-2.77,-42.1,380389,433918242.0,0.0,0.31
2014-06-20,1503.16,1503.16,1503.16,1503.16,1.69,24.98,411375,423417240.0,0.0,0.33
2014-06-23,1521.92,1521.92,1521.92,1521.92,1.25,18.76,342412,404840878.0,0.0,0.28
2014-06-24,1518.01,1518.01,1518.01,1518.01,-0.26,-3.91,286448,334023914.0,0.0,0.23
2014-06-25,1546.07,1546.07,1546.07,1546.07,1.85,28.06,474157,643298255.0,0.0,0.38
2014-06-26,1558.47,1558.47,1558.47,1558.47,0.8,12.4,409005,544754687.0,0.0,0.33
2014-06-27,1559.08,1559.08,1559.08,1559.08,0.04,0.61,382324,513223656.0,0.0,0.31
2014-06-30,1559.44,1559.44,1559.44,1559.44,0.02,0.36,473686,518821222.0,0.0,0.38
2014-07-01,1587.99,1587.99,1587.99,1587.99,1.83,28.55,465563,563970418.0,0.0,0.37
2014-07-02,1601.47,1601.47,1601.47,1601.47,0.85,13.48,711207,749745797.0,0.0,0.57
2014-07-03,1586.5,1586.5,1586.5,1586.5,-0.93,-14.97,909790,813035145.0,0.0,0.73
2014-07-04,1589.51,1589.51,1589.51,1589.51,0.19,3.01,604769,648373598.0,0.0,0.49
2014-07-07,1561.92,1561.92,1561.92,1561.92,-1.74,-27.59,386921,417400539.0,0.0,0.31
2014-07-08,1574.8,1574.8,1574.8,1574.8,0.82,12.88,391786,392326474.0,0.0,0.32
2014-07-09,1546.54,1546.54,1546.54,1546.54,-1.79,-28.26,617856,670001552.0,0.0,0.5
2014-07-10,1535.97,1535.97,1535.97,1535.97,-0.68,-10.57,351595,397183997.0,0.0,0.28
2014-07-11,1559.04,1559.04,1559.04,1559.04,1.5,23.07,320331,332765814.0,0.0,0.26
2014-07-14,1556.8,1556.8,1556.8,1556.8,-0.14,-2.24,388278,406154364.0,0.0,0.31
2014-07-15,1502.33,1502.33,1502.33,1502.33,-3.5,-54.47,425716,431631019.0,0.0,0.34
2014-07-16,1505.59,1505.59,1505.59,1505.59,0.22,3.26,533122,461455537.0,0.0,0.43
2014-07-17,1517.58,1517.58,1517.58,1517.58,0.8,11.99,419420,395009800.0,0.0,0.34
2014-07-18,1497.2,1497.2,1497.2,1497.2,-1.34,-20.38,331421,321402538.0,0.0,0.27
2014-07-21,1470.82,1470.82,1470.82,1470.82,-1.76,-26.38,381929,386166497.0,0.0,0.31
2014-07-22,1489.01,1489.01,1489.01,1489.01,1.24,18.19,317711,302282608.0,0.0,0.26
2014-07-23,1463.71,1463.71,1463.71,1463.71,-1.7,-25.3,398237,372810316.0,0.0,0.32
2014-07-24,1456.5,1456.5,1456.5,1456.5,-0.49,-7.21,419843,365798793.0,0.0,0.34
2014-07-25,1481.77,1481.77,1481.77,1481.77,1.73,25.27,572954,451288377.0,0.0,0.46
2014-07-28,1508.33,1508.33,1508.33,1508.33,1.79,26.56,867594,701145582.0,0.0,0.7
2014-07-29,1521.9,1521.9,1521.9,1521.9,0.9,13.57,635719,576914716.0,0.0,0.51
2014-07-30,1581.62,1581.62,1581.62,1581.62,3.92,59.72,1368245,1348471572.0,0.0,1.1
2014-07-31,1566.57,1566.57,1566.57,1566.57,-0.95,-15.05,697106,658385464.0,0.0,0.56
2014-08-01,1523.55,1523.55,1523.55,1523.55,-2.75,-43.02,693534,621312875.0,0.0,0.56
2014-08-04,1546.7,1546.7,1546.7,1546.7,1.52,23.15,413572,327905198.0,0.0,0.33
2014-08-05,1567.77,1567.77,1567.77,1567.77,1.36,21.07,518765,447018703.0,0.0,0.42
2014-08-06,1576.55,1576.55,1576.55,1576.55,0.56,8.78,710679,592229014.0,0.0,0.57
2014-08-07,1586.56,1586.56,1586.56,1586.56,0.63,10.01,813663,777622052.0,0.0,0.65
2014-08-08,1586.85,1586.85,1586.85,1586.85,0.02,0.29,455692,423235797.0,0.0,0.37
2014-08-11,1593.35,1593.35,1593.35,1593.35,0.41,6.5,576911,484895248.0,0.0,0.46
2014-08-12,1602.61,1602.61,1602.61,1602.61,0.58,9.26,543398,481313334.0,0.0,0.44
2014-08-13,1593.9,1593.9,1593.9,1593.9,-0.54,-8.71,636918,537493536.0,0.0,0.51
2014-08-14,1573.38,1573.38,1573.38,1573.38,-1.29,-20.52,388918,324241334.0,0.0,0.31
2014-08-15,1584.49,1584.49,1584.49,1584.49,0.71,11.11,517166,404677378.0,0.0,0.42
2014-08-18,1597.07,1597.07,1597.07,1597.07,0.79,12.58,525907,449765695.0,0.0,0.42
2014-08-19,1619.08,1619.08,1619.08,1619.08,1.38,22.01,921123,731047729.0,0.0,0.74
2014-08-20,1635.0,1635.0,1635.0,1635.0,0.98,15.92,855944,708574420.0,0.0,0.69
2014-08-21,1607.71,1607.71,1607.71,1607.71,-1.67,-27.29,721837,664655037.0,0.0,0.58
2014-08-22,1599.7,1599.7,1599.7,1599.7,-0.5,-8.01,696257,603336224.0,0.0,0.56
2014-08-25,1623.84,1623.84,1623.84,1623.84,1.51,24.14,1443135,1144908420.0,0.0,1.16
2014-08-26,1581.64,1581.64,1581.64,1581.64,-2.6,-42.2,719841,584281654.0,0.0,0.58
2014-08-27,1578.84,1578.84,1578.84,1578.84,-0.18,-2.8,1027868,836582644.0,0.0,0.83
2014-08-28,1627.31,1627.31,1627.31,1627.31,3.07,48.47,1137817,971890105.0,0.0,0.92
2014-08-29,1615.78,1615.78,1615.78,1615.78,-0.71,-11.53,831734,890348549.0,0.0,0.67
2014-09-01,1632.44,1632.44,1632.44,1632.44,1.03,16.66,1406516,1286102007.0,0.0,1.13
2014-09-02,1656.91,1656.91,1656.91,1656.91,1.5,24.47,1166552,1156551250.0,0.0,0.94
2014-09-03,1674.41,1674.41,1674.41,1674.41,1.06,17.5,1333430,1233636890.0,0.0,1.07
2014-09-04,1674.91,1674.91,1674.91,1674.91,0.03,0.5,1124894,1067300246.0,0.0,0.91
2014-09-05,1666.65,1666.65,1666.65,1666.65,-0.49,-8.26,1333470,1216485703.0,0.0,1.07
2014-09-09,1665.72,1665.72,1665.72,1665.72,-0.06,-0.93,712036,673236304.0,0.0,0.57
2014-09-10,1663.25,1663.25,1663.25,1663.25,-0.15,-2.47,870975,821241466.0,0.0,0.7
2014-09-11,1668.3,1668.3,1668.3,1668.3,0.3,5.05,1094455,1137053286.0,0.0,0.88
2014-09-12,1698.49,1698.49,1698.49,1698.49,1.81,30.19,1591598,1672104468.0,0.0,1.28
2014-09-15,1716.78,1716.78,1716.78,1716.78,1.08,18.29,1194990,1244117974.0,0.0,0.96
2014-09-16,1646.85,1646.85,1646.85,1646.85,-4.07,-69.93,1365456,1353074164.0,0.0,1.1
2014-09-17,1656.37,1656.37,1656.37,1656.37,0.58,9.52,850248,810318641.0,0.0,0.68
2014-09-18,1670.74,1670.74,1670.74,1670.74,0.87,14.37,693175,708508635.0,0.0,0.56
2014-09-19,1666.59,1666.59,1666.59,1666.59,-0.25,-4.15,729708,683620035.0,0.0,0.59
2014-09-22,1653.24,1653.24,1653.24,1653.24,-0.8,-13.35,809452,756613484.0,0.0,0.65
2014-09-23,1664.8,1664.8,1664.8,1664.8,0.7,11.56,711937,655489312.0,0.0,0.57
2014-09-24,1719.8,1719.8,1719.8,1719.8,3.3,55.0,899203,999640574.0,0.0,0.72
2014-09-25,1718.71,1718.71,1718.71,1718.71,-0.06,-1.09,1047741,1283769516.0,0.0,0.84
2014-09-26,1715.26,1715.26,1715.26,1715.26,-0.2,-3.45,696187,765147380.0,0.0,0.56
2014-09-29,1726.59,1726.59,1726.59,1726.59,0.66,11.33,967237,1077562795.0,0.0,0.78
2014-09-30,1718.21,1718.21,1718.21,1718.21,-0.49,-8.38,691932,762905385.0,0.0,0.56
2014-10-08,1737.14,1737.14,1737.14,1737.14,1.1,18.93,859324,921446535.0,0.0,0.69
2014-10-09,1738.49,1738.49,1738.49,1738.49,0.08,1.35,862962,897131767.0,0.0,0.69
2014-10-10,1713.54,1713.54,1713.54,1713.54,-1.44,-24.95,943344,934415302.0,0.0,0.76
2014-10-13,1702.62,1702.62,1702.62,1702.62,-0.64,-10.92,941111,919350017.0,0.0,0.76
2014-10-14,1720.63,1720.63,1720.63,1720.63,1.06,18.01,853866,954062174.0,0.0,0.69
2014-10-15,1708.27,1708.27,1708.27,1708.27,-0.72,-12.36,631291,655300544.0,0.0,0.51
2014-10-16,1682.13,1682.13,1682.13,1682.13,-1.53,-26.14,883182,870556284.0,0.0,0.71
2014-10-17,1665.4,1665.4,1665.4,1665.4,-0.99,-16.73,937860,983889786.0,0.0,0.75
2014-10-20,1676.47,1676.47,1676.47,1676.47,0.66,11.07,635290,704598624.0,0.0,0.51
2014-10-21,1639.51,1639.51,1639.51,1639.51,-2.2,-36.96,758983,743028088.0,0.0,0.61
2014-10-22,1606.82,1606.82,1606.82,1606.82,-1.99,-32.69,560698,591638752.0,0.0,0.45
2014-10-23,1631.95,1631.95,1631.95,1631.95,1.56,25.13,1077472,864265426.0,0.0,0.87
2014-10-24,1605.13,1605.13,1605.13,1605.13,-1.64,-26.82,584717,483496605.0,0.0,0.47
2014-10-27,1569.2,1569.2,1569.2,1569.2,-2.24,-35.93,647214,603497390.0,0.0,0.52
2014-10-28,1603.55,1603.55,1603.55,1603.55,2.19,34.35,651318,607100297.0,0.0,0.52
2014-10-29,1610.33,1610.33,1610.33,1610.33,0.42,6.78,897157,849166948.0,0.0,0.72
2014-10-30,1600.12,1600.12,1600.12,1600.12,-0.63,-10.21,1136992,1011883252.0,0.0,0.92
2014-10-31,1597.02,1597.02,1597.02,1597.02,-0.19,-3.1,1056192,923274200.0,0.0,0.85
2014-11-03,1599.02,1624.39,1624.96,1595.04,1.71,27.37,1130859,1014979367.0,1.87,0.91
2014-11-04,1622.46,1619.91,1624.05,1608.49,-0.28,-4.48,1362514,1191418420.0,0.96,1.1
2014-11-05,1621.34,1637.4,1640.99,1608.57,1.08,17.49,1345141,1234091534.0,2.0,1.08
2014-11-06,1637.44,1636.79,1639.72,1608.26,-0.04,-0.61,1017426,923408418.0,1.92,0.82
2014-11-07,1633.38,1614.36,1644.82,1610.85,-1.37,-22.43,896238,843584041.0,2.08,0.72
2014-11-10,1616.32,1643.03,1643.03,1615.11,1.78,28.67,1134552,980370554.0,1.73,0.91
2014-11-11,1643.56,1575.16,1643.59,1556.25,-4.13,-67.87,1353842,1251510640.0,5.32,1.09
2014-11-12,1571.15,1589.93,1590.63,1563.94,0.94,14.77,1110556,981359068.0,1.69,0.89
2014-11-13,1587.31,1530.25,1587.31,1527.91,-3.75,-59.68,1110564,1033575246.0,3.74,0.89
2014-11-14,1524.56,1524.02,1526.96,1505.88,-0.41,-6.23,814935,725369861.0,1.38,0.66
2014-11-17,1522.11,1525.01,1536.44,1503.11,0.06,0.99,707691,641308367.0,2.19,0.57
2014-11-18,1521.66,1518.98,1529.34,1512.28,-0.4,-6.03,824821,702558970.0,1.12,0.66
2014-11-19,1518.6,1542.17,1542.17,1517.84,1.53,23.19,676653,602867538.0,1.6,0.54
2014-11-20,1537.53,1538.76,1546.03,1534.32,-0.22,-3.41,599329,524468868.0,0.76,0.48
2014-11-21,1539.83,1548.19,1555.27,1539.83,0.61,9.43,773484,674292078.0,1.0,0.62
2014-11-24,1561.74,1546.1,1561.74,1541.62,-0.13,-2.09,1153746,1017668386.0,1.3,0.93
2014-11-25,1544.45,1572.72,1572.72,1542.01,1.72,26.62,1275548,1138597694.0,1.99,1.03
2014-11-26,1568.59,1588.33,1588.83,1559.97,0.99,15.61,1549906,1367406168.0,1.84,1.25
2014-11-27,1587.86,1582.1,1588.28,1564.68,-0.39,-6.23,1392562,1261772409.0,1.49,1.12
2014-11-28,1568.68,1555.9,1568.68,1538.21,-1.66,-26.2,2155166,1884508336.0,1.93,1.73
2014-12-01,1546.56,1520.21,1546.56,1511.18,-2.29,-35.69,1713060,1489017726.0,2.27,1.38
2014-12-02,1526.75,1537.53,1539.23,1526.75,1.14,17.32,1556457,1321329994.0,0.82,1.25
2014-12-03,1540.46,1565.97,1567.03,1518.1,1.85,28.44,2919987,2503700639.0,3.18,2.35
2014-12-04,1566.56,1638.32,1648.87,1563.16,4.62,72.35,3972506,3617894242.0,5.47,3.2
2014-12-05,1633.92,1578.04,1633.92,1537.96,-3.68,-60.28,3366180,3049796861.0,5.86,2.71
2014-12-08,1578.66,1561.13,1588.69,1556.77,-1.07,-16.91,2725685,2517612961.0,2.02,2.19
2014-12-09,1543.14,1478.01,1543.14,1477.02,-5.32,-83.12,3596284,3331167764.0,4.24,2.89
2014-12-10,1468.38,1525.02,1526.66,1467.3,3.18,47.01,2137076,1944290618.0,4.02,1.72
2014-12-11,1508.76,1533.52,1537.01,1502.32,0.56,8.5,1962425,1802474869.0,2.27,1.58
2014-12-12,1532.8,1540.81,1544.55,1525.6,0.48,7.29,1522147,1441586430.0,1.24,1.23
2014-12-15,1532.61,1557.84,1559.22,1525.73,1.11,17.03,1730867,1582713233.0,2.17,1.39
2014-12-16,1555.1,1564.26,1565.84,1545.57,0.41,6.42,2086711,1932570106.0,1.3,1.68
2014-12-17,1566.06,1528.61,1566.06,1513.85,-2.28,-35.65,1705977,1576065660.0,3.34,1.37
2014-12-18,1530.92,1572.53,1572.53,1520.81,2.87,43.92,2894522,2755761251.0,3.38,2.33
2014-12-19,1566.82,1557.33,1575.76,1524.12,-0.97,-15.2,5100523,5288018755.0,3.28,4.11
2014-12-22,1548.05,1481.46,1560.26,1476.28,-4.87,-75.87,4107587,4362919594.0,5.39,3.31
2014-12-23,1471.58,1434.79,1483.91,1433.96,-3.15,-46.67,2237765,2300554539.0,3.37,1.8
2014-12-24,1444.37,1488.3,1490.56,1444.37,3.73,53.51,3017520,3148753105.0,3.22,2.43
2014-12-25,1483.88,1498.47,1513.68,1483.21,0.68,10.17,3167554,3452326199.0,2.05,2.55
2014-12-26,1496.3,1484.85,1496.3,1479.88,-0.91,-13.62,2200565,2360050120.0,1.1,1.77
2014-12-29,1489.75,1437.92,1489.75,1430.42,-3.16,-46.93,2493124,2707989709.0,4.0,2.01
2014-12-30,1434.79,1381.72,1439.9,1377.65,-3.91,-56.2,1779658,1854976794.0,4.33,1.43
2014-12-31,1381.95,1409.06,1415.37,1381.95,1.98,27.34,1575578,1645906271.0,2.42,1.27
2015-01-05,1408.27,1466.44,1468.11,1383.91,4.07,57.38,2669297,2846497827.0,5.98,2.15
2015-01-06,1439.29,1467.77,1474.16,1422.95,0.09,1.33,1923993,2041434274.0,3.49,1.55
2015-01-07,1449.07,1457.89,1460.94,1436.24,-0.67,-9.88,1536417,1616618610.0,1.68,1.24
2015-01-08,1451.16,1483.5,1509.19,1451.16,1.76,25.61,1768432,1951587264.0,3.98,1.42
2015-01-09,1481.72,1462.65,1494.01,1462.65,-1.41,-20.85,2185399,2395662828.0,2.11,1.76
2015-01-12,1454.54,1431.49,1454.54,1422.7,-2.13,-31.16,1397348,1428546484.0,2.18,1.12
2015-01-13,1422.26,1434.26,1443.39,1419.62,0.19,2.77,878542,892987597.0,1.66,0.71
2015-01-14,1437.59,1434.99,1453.37,1429.19,0.05,0.73,711242,759029255.0,1.69,0.57
2015-01-15,1448.54,1457.93,1465.56,1448.54,1.6,22.94,991981,1049048439.0,1.19,0.8
2015-01-16,1455.16,1469.86,1474.71,1443.01,0.82,11.93,996488,1049541636.0,2.17,0.8
2015-01-19,1439.05,1422.68,1471.68,1407.17,-3.21,-47.18,1800370,1803970709.0,4.39,1.45
2015-01-20,1420.58,1466.1,1466.1,1420.58,3.05,43.42,1199214,1224737088.0,3.2,0.97
2015-01-21,1463.13,1487.89,1489.04,1457.69,1.49,21.79,1436666,1457092329.0,2.14,1.16
2015-01-22,1518.02,1540.64,1548.59,1515.29,3.55,52.75,1312511,1396628294.0,2.24,1.06
2015-01-23,1569.24,1550.89,1569.24,1540.26,0.67,10.25,1348764,1437729116.0,1.88,1.09
2015-01-26,1530.98,1553.79,1553.79,1530.93,0.19,2.9,937204,955404297.0,1.47,0.75
2015-01-27,1552.18,1542.96,1552.91,1521.09,-0.7,-10.83,1075697,1073338279.0,2.05,0.87
2015-01-28,1543.07,1552.91,1559.72,1535.57,0.64,9.95,913582,879810544.0,1.57,0.74
2015-01-29,1540.06,1529.53,1547.33,1528.43,-1.51,-23.38,761578,736955506.0,1.22,0.61
2015-01-30,1524.73,1505.75,1538.83,1504.38,-1.55,-23.78,644991,633662943.0,2.25,0.52
2015-02-02,1504.73,1512.64,1533.36,1504.73,0.46,6.89,716852,707922812.0,1.9,0.58
2015-02-03,1526.73,1569.31,1572.24,1526.73,3.75,56.67,975241,1083900892.0,3.01,0.78
2015-02-04,1583.97,1547.6,1595.81,1547.36,-1.38,-21.71,1122267,1202576154.0,3.09,0.9
2015-02-05,1547.59,1516.15,1550.91,1516.15,-2.03,-31.45,1074360,1056045465.0,2.25,0.86
2015-02-06,1517.35,1499.26,1527.27,1492.29,-1.11,-16.89,825010,798503471.0,2.31,0.66
2015-02-09,1501.83,1498.99,1517.48,1495.78,-0.02,-0.27,464396,463726492.0,1.45,0.37
2015-02-10,1498.26,1509.04,1509.04,1484.05,0.67,10.05,482922,478348028.0,1.67,0.39
2015-02-11,1512.9,1513.37,1518.74,1507.9,0.29,4.33,482438,481599413.0,0.72,0.39
2015-02-12,1513.54,1527.44,1527.44,1501.29,0.93,14.07,583761,592593749.0,1.73,0.47
2015-02-13,1532.26,1553.16,1565.32,1532.24,1.68,25.72,845215,894223200.0,2.17,0.68
2015-02-16,1555.99,1567.88,1574.01,1551.38,0.95,14.72,679663,708239023.0,1.46,0.55
2015-02-17,1566.1,1573.41,1574.49,1563.39,0.35,5.53,689015,688590973.0,0.71,0.55
2015-02-25,1577.68,1562.11,1578.99,1562.11,-0.72,-11.3,861243,848049429.0,1.07,0.69
2015-02-26,1567.32,1585.05,1586.43,1564.35,1.47,22.94,990549,963588352.0,1.41,0.8
2015-02-27,1579.35,1593.54,1602.03,1571.99,0.54,8.49,1022783,1025404453.0,1.9,0.82
2015-03-02,1598.41,1617.44,1625.89,1585.46,1.5,23.9,1066701,1135546282.0,2.54,0.86
2015-03-03,1609.75,1583.77,1611.93,1583.77,-2.08,-33.67,1115009,1161754254.0,1.74,0.9
2015-03-04,1582.24,1608.66,1609.0,1582.24,1.57,24.89,909008,933827682.0,1.69,0.73
2015-03-05,1614.68,1606.87,1614.68,1591.56,-0.11,-1.79,964465,966977077.0,1.44,0.78
2015-03-06,1609.43,1571.39,1610.09,1571.15,-2.21,-35.48,736113,767124214.0,2.42,0.59
2015-03-09,1572.6,1595.66,1598.16,1560.34,1.54,24.27,1206694,1148750359.0,2.41,0.97
2015-03-10,1599.95,1612.06,1624.36,1595.34,1.03,16.4,1039599,1033808598.0,1.82,0.84
2015-03-11,1608.75,1592.23,1611.65,1582.35,-1.23,-19.83,798128,800801258.0,1.82,0.64
2015-03-12,1595.47,1600.29,1609.76,1591.21,0.51,8.06,1472819,1457839658.0,1.17,1.19
2015-03-13,1605.34,1618.69,1619.03,1602.58,1.15,18.4,1068059,1098780003.0,1.03,0.86
2015-03-16,1622.04,1650.02,1650.02,1618.42,1.94,31.33,1540477,1580460943.0,1.95,1.24
2015-03-17,1659.43,1666.71,1673.13,1645.14,1.01,16.69,1923771,2002990631.0,1.7,1.55
2015-03-18,1667.72,1721.47,1722.34,1661.73,3.29,54.76,2001360,2236840746.0,3.64,1.61
2015-03-19,1717.97,1749.47,1755.74,1703.83,1.63,28.0,2132595,2342776836.0,3.02,1.72
2015-03-20,1744.13,1737.33,1750.57,1724.66,-0.69,-12.14,1451801,1623005084.0,1.48,1.17
2015-03-23,1741.44,1776.36,1777.93,1741.44,2.25,39.03,1718334,1972197772.0,2.1,1.38
2015-03-24,1778.81,1742.15,1782.39,1699.62,-1.93,-34.21,2005939,2221889814.0,4.66,1.61
2015-03-25,1740.06,1772.43,1782.05,1722.99,1.74,30.28,2417698,2653031015.0,3.39,1.95
2015-03-26,1764.57,1875.41,1895.46,1749.64,5.81,102.98,3696790,4469195336.0,8.23,2.98
2015-03-27,1907.36,1912.36,1939.46,1897.82,1.97,36.95,4226846,5539659924.0,2.22,3.4
2015-03-30,1909.89,1935.33,1956.95,1898.67,1.2,22.97,2716270,3598589177.0,3.05,2.19
2015-03-31,1958.89,1909.9,1959.25,1905.27,-1.31,-25.43,3650378,4814185484.0,2.79,2.94
2015-04-01,1908.73,1943.78,1948.33,1902.02,1.77,33.88,2410445,3097043476.0,2.42,1.94
2015-04-02,1957.98,1967.36,1976.6,1933.01,1.21,23.58,2334982,3009346872.0,2.24,1.88
2015-04-03,1961.84,1971.8,1980.35,1936.17,0.23,4.44,2085316,2669362264.0,2.25,1.68
2015-04-07,1987.71,2038.89,2050.07,1987.71,3.4,67.09,2443540,3242146799.0,3.16,1.97
2015-04-08,2053.36,2019.66,2068.78,1981.04,-0.94,-19.23,3254524,4397072630.0,4.3,2.62
2015-04-09,2006.34,1936.94,2006.34,1889.21,-4.1,-82.72,2603283,3366173943.0,5.8,2.1
2015-04-10,1927.3,1971.79,1983.04,1917.66,1.8,34.85,1901099,2482831799.0,3.38,1.53
2015-04-13,1977.09,2009.5,2040.08,1977.09,1.91,37.71,2260695,2996792322.0,3.19,1.82
2015-04-14,2004.93,2027.29,2042.71,1988.46,0.89,17.79,2813552,3804817103.0,2.7,2.26
2015-04-15,2025.24,1944.23,2035.94,1944.23,-4.1,-83.06,2436023,3292919947.0,4.52,1.96
2015-04-16,1949.32,2012.14,2035.51,1946.95,3.49,67.91,2905478,4013013710.0,4.56,2.34
2015-04-17,2029.72,2069.38,2116.46,2018.95,2.84,57.24,3690376,5370131752.0,4.85,2.97
2015-04-20,2057.2,2008.89,2098.7,2000.78,-2.92,-60.49,5603462,8530951507.0,4.73,4.51
2015-04-21,1999.63,2090.37,2090.37,1999.63,4.06,81.48,2970190,4243243203.0,4.52,2.39
2015-04-22,2088.53,2140.81,2166.79,2088.53,2.41,50.44,3048859,4500334704.0,3.74,2.45
2015-04-23,2144.28,2164.95,2194.39,2128.81,1.13,24.14,2894821,4405527679.0,3.06,2.33
2015-04-24,2132.14,2227.53,2227.53,2111.12,2.89,62.58,3162726,4624319408.0,5.38,2.55
2015-04-27,2247.06,2296.84,2358.84,2240.14,3.11,69.31,4363449,6715911856.0,5.33,3.51
2015-04-28,2267.38,2135.27,2267.38,2118.26,-7.03,-161.57,3753509,5456708224.0,6.49,3.02
2015-04-29,2122.84,2151.61,2166.6,2105.43,0.77,16.34,1984073,2783506797.0,2.86,1.6
2015-04-30,2162.1,2134.07,2173.6,2132.67,-0.82,-17.54,1736513,2443230657.0,1.9,1.4
2015-05-04,2135.15,2163.21,2173.67,2098.14,1.37,29.14,1830538,2597763932.0,3.54,1.47
2015-05-05,2168.98,2155.35,2260.91,2131.0,-0.36,-7.86,4274918,6524689741.0,6.01,3.44
2015-05-06,2151.11,2089.77,2182.71,2073.3,-3.04,-65.58,2674721,3915590194.0,5.08,2.15
2015-05-07,2079.88,1980.07,2079.88,1973.86,-5.25,-109.7,2052076,2736462714.0,5.07,1.65
2015-05-08,1999.41,2067.88,2067.88,1996.84,4.43,87.81,1900739,2442975069.0,3.59,1.53
2015-05-11,2088.35,2133.95,2135.58,2068.01,3.2,66.07,1953212,2607001528.0,3.27,1.57
2015-05-12,2148.73,2150.14,2165.63,2101.88,0.76,16.19,2011773,2794972639.0,2.99,1.62
2015-05-13,2125.64,2205.96,2229.25,2099.62,2.6,55.82,1960444,2679451044.0,6.03,1.58
2015-05-14,2216.61,2259.68,2272.5,2200.52,2.44,53.72,2138130,3144174987.0,3.26,1.72
2015-05-15,2234.91,2229.1,2264.77,2212.65,-1.35,-30.58,1630920,2436232197.0,2.31,1.31
2015-05-18,2206.32,2267.44,2277.82,2198.23,1.72,38.34,1581699,2316679423.0,3.57,1.27
2015-05-19,2263.19,2291.5,2303.77,2247.41,1.06,24.06,1789574,2553146165.0,2.49,1.44
2015-05-20,2288.5,2305.62,2360.34,2288.3,0.62,14.12,2346493,3387505536.0,3.14,1.89
2015-05-21,2300.73,2362.89,2362.91,2291.64,2.48,57.27,2174701,3111045776.0,3.09,1.75
2015-05-22,2399.92,2365.52,2412.03,2332.75,0.11,2.63,2667893,3895407695.0,3.36,2.15
2015-05-25,2344.62,2468.44,2468.45,2329.7,4.35,102.92,2951978,4412531920.0,5.87,2.38
2015-05-26,2467.2,2534.81,2551.47,2467.2,2.69,66.37,2835112,4382244576.0,3.41,2.28
2015-05-27,2541.96,2642.62,2665.53,2487.59,4.25,107.81,3066991,4895362608.0,7.02,2.47
2015-05-28,2625.92,2382.02,2635.04,2382.02,-9.86,-260.6,2938568,4445591184.0,9.57,2.37
2015-05-29,2371.88,2330.37,2405.97,2230.21,-2.17,-51.65,2033859,2860178464.0,7.38,1.64
2015-06-01,2337.36,2460.38,2460.44,2337.36,5.58,130.01,1677262,2427478477.0,5.28,1.35
2015-06-02,2462.72,2577.13,2577.13,2462.72,4.75,116.75,2054680,3064633488.0,4.65,1.65
2015-06-03,2584.46,2580.63,2631.03,2497.05,0.14,3.5,1952426,2910027328.0,5.2,1.57
2015-06-04,2581.03,2516.79,2581.03,2366.39,-2.47,-63.84,1819683,2689982016.0,8.32,1.46
2015-06-05,2546.46,2692.58,2701.93,2534.85,6.98,175.79,3487493,5225631952.0,6.64,2.81
2015-06-08,2714.17,2643.89,2716.58,2590.43,-1.81,-48.69,3448352,5471184800.0,4.69,2.78
2015-06-09,2614.93,2710.75,2710.75,2591.77,2.53,66.86,3080545,5033655230.0,4.5,2.48
2015-06-10,2667.99,2703.44,2741.83,2647.65,-0.27,-7.31,2196818,3580751536.0,3.47,1.77
2015-06-11,2702.98,2750.25,2764.96,2681.62,1.73,46.81,2088836,3311362583.0,3.08,1.68
2015-06-12,2781.82,2877.66,2885.1,2779.6,4.63,127.41,3357454,5489218896.0,3.84,2.7
2015-06-15,2884.28,2778.05,2908.08,2767.93,-3.46,-99.61,2739521,4466741936.0,4.87,2.21
2015-06-16,2723.71,2617.9,2723.71,2590.83,-5.76,-160.15,1969434,3040754282.0,4.78,1.59
2015-06-17,2631.76,2738.82,2738.82,2557.94,4.62,120.92,1753647,2632297508.0,6.91,1.41
2015-06-18,2718.48,2677.03,2851.45,2675.75,-2.26,-61.79,2676782,4190182590.0,6.42,2.15
2015-06-19,2574.4,2459.08,2629.76,2452.79,-8.14,-217.95,2355781,3546600193.0,6.61,1.9
2015-06-23,2444.33,2513.94,2516.24,2293.22,2.23,54.86,2984414,4454017860.0,9.07,2.4
2015-06-24,2555.06,2647.08,2653.89,2511.97,5.3,133.14,5144679,8474437198.0,5.65,4.14
2015-06-25,2613.98,2501.82,2638.59,2448.04,-5.49,-145.26,4256403,6960649029.0,7.2,3.43
2015-06-26,2404.81,2287.74,2430.43,2254.58,-8.56,-214.08,4407575,6993487243.0,7.03,3.55
2015-06-29,2333.31,2179.35,2355.53,2117.2,-4.74,-108.39,5200488,8355697552.0,10.42,4.19
2015-06-30,2117.56,2239.7,2264.44,1972.63,2.77,60.35,5325561,8346547250.0,13.39,4.29
2015-07-01,2173.02,2082.07,2291.02,2080.05,-7.04,-157.63,4783388,7876804847.0,9.42,3.85
2015-07-02,2031.59,1890.93,2058.86,1881.52,-9.18,-191.14,3251721,4818548479.0,8.52,2.62
2015-07-03,1764.43,1722.84,1870.5,1704.53,-8.89,-168.09,2019989,2562839047.0,8.78,1.63
2015-07-06,1866.07,1571.34,1866.07,1557.0,-8.79,-151.5,3596938,4381553483.0,17.94,2.9
2015-07-07,1474.1,1414.33,1474.1,1414.33,-9.99,-157.01,2773216,2955018011.0,3.8,2.23
2015-07-08,1272.84,1273.17,1305.4,1272.84,-9.98,-141.16,3160390,3181538624.0,2.3,2.54
2015-07-09,1208.99,1401.19,1401.19,1208.99,10.06,128.02,2253882,2100920436.0,15.1,1.81
2015-07-10,1441.99,1542.15,1542.15,1441.99,10.06,140.96,2226078,2454488626.0,7.15,1.79
2015-07-13,1605.89,1675.18,1683.66,1563.33,8.63,133.03,2888125,3339761688.0,7.8,2.32
2015-07-14,1670.88,1601.63,1738.33,1587.27,-4.39,-73.55,2588853,2840395216.0,9.02,2.08
2015-07-15,1563.29,1470.06,1583.91,1442.02,-8.21,-131.57,1941821,1970756472.0,8.86,1.56
2015-07-16,1405.17,1501.54,1557.09,1380.63,2.14,31.48,1353852,1369086814.0,12.0,1.09
2015-07-17,1506.72,1589.31,1612.63,1506.72,5.85,87.77,1382679,1467894938.0,7.05,1.11
2015-07-20,1578.5,1604.97,1646.77,1558.1,0.99,15.66,1571283,1716893094.0,5.58,1.26
2015-07-21,1639.61,1681.48,1698.76,1631.42,4.77,76.51,1461375,1568338193.0,4.2,1.18
2015-07-22,1719.47,1807.37,1809.13,1718.03,7.49,125.89,2236728,2512213139.0,5.42,1.8
2015-07-23,1852.96,1883.27,1886.02,1833.31,4.2,75.9,2002351,2308031509.0,2.92,1.61
2015-07-24,1971.97,2056.47,2071.87,1954.33,9.2,173.2,4089981,5303470192.0,6.24,3.29
2015-07-27,1995.65,1850.77,2006.46,1850.77,-10.0,-205.7,3135899,3773864560.0,7.57,2.52
2015-07-28,1688.98,1678.11,1810.86,1665.49,-9.33,-172.66,2493412,2626189312.0,7.85,2.01
2015-07-29,1722.26,1811.78,1818.45,1637.35,7.97,133.67,2021176,2179763641.0,10.79,1.63
2015-07-30,1774.46,1738.91,1860.59,1728.33,-4.02,-72.87,1981790,2221538472.0,7.3,1.6
2015-07-31,1694.53,1677.24,1750.12,1652.51,-3.55,-61.67,1296067,1406435901.0,5.61,1.04
2015-08-03,1644.45,1598.98,1685.9,1554.74,-4.67,-78.26,1058676,1092742884.0,7.82,0.85
2015-08-04,1602.64,1719.84,1719.84,1602.64,7.56,120.86,1155551,1261492720.0,7.33,0.93
2015-08-05,1714.85,1676.87,1753.55,1662.97,-2.5,-42.97,1156396,1262557729.0,5.27,0.93
2015-08-06,1638.71,1664.1,1690.67,1626.23,-0.76,-12.77,689431,708945427.0,3.84,0.55
2015-08-07,1674.4,1720.88,1728.94,1674.4,3.41,56.78,926945,988975120.0,3.28,0.75
2015-08-10,1759.53,1829.6,1851.35,1752.05,6.32,108.72,2017098,2388903381.0,5.77,1.62
2015-08-11,1836.52,1886.45,1936.95,1816.37,3.11,56.85,2818199,3526069362.0,6.59,2.27
2015-08-12,1839.68,1824.1,1878.34,1819.68,-3.31,-62.35,1596247,1953134541.0,3.11,1.28
2015-08-13,1810.67,1874.9,1877.36,1793.07,2.78,50.8,1305025,1537473945.0,4.62,1.05
2015-08-14,1884.99,1890.45,1940.37,1872.88,0.83,15.55,1709518,2099224628.0,3.6,1.38
2015-08-17,1872.93,1935.99,1935.99,1858.95,2.41,45.54,1489078,1734472805.0,4.08,1.2
2015-08-18,1938.87,1742.87,1942.54,1742.87,-9.98,-193.12,1875326,2147945945.0,10.31,1.51
2015-08-19,1668.85,1780.16,1790.44,1614.81,2.14,37.29,1602814,1680165781.0,10.08,1.29
2015-08-20,1747.98,1771.09,1857.33,1747.98,-0.51,-9.07,1781182,1859397926.0,6.14,1.43
2015-08-21,1742.41,1659.36,1759.99,1638.75,-6.31,-111.73,1383816,1427844955.0,6.85,1.11
2015-08-24,1564.71,1494.17,1587.93,1494.17,-9.96,-165.19,1068055,1016895372.0,5.65,0.86
2015-08-25,1354.43,1344.33,1386.77,1344.33,-10.03,-149.84,1237229,1069307686.0,2.84,1.0
2015-08-26,1346.15,1345.71,1398.99,1251.01,0.1,1.38,1672140,1305992419.0,11.01,1.35
2015-08-27,1374.83,1436.43,1436.46,1340.48,6.74,90.72,1544542,1182901519.0,7.13,1.24
2015-08-28,1460.31,1559.06,1559.06,1450.22,8.54,122.63,1945439,1612424468.0,7.58,1.57
2015-08-31,1539.44,1526.55,1562.31,1491.36,-2.09,-32.51,1884298,1599345527.0,4.55,1.52
2015-09-01,1500.73,1444.5,1500.73,1415.27,-5.37,-82.05,1589066,1371805636.0,5.6,1.28
2015-09-02,1346.61,1362.99,1450.82,1332.75,-5.64,-81.51,1673664,1428174536.0,8.17,1.35
2015-09-07,1375.55,1347.74,1432.36,1340.93,-1.12,-15.25,1155225,987984361.0,6.71,0.93
2015-09-08,1332.96,1404.02,1408.41,1310.83,4.18,56.28,774944,630618344.0,7.24,0.62
2015-09-09,1417.08,1470.2,1480.35,1403.15,4.71,66.18,1165694,1005034411.0,5.5,0.94
2015-09-10,1435.94,1450.92,1473.1,1428.49,-1.31,-19.28,929667,791687424.0,3.03,0.75
2015-09-11,1444.65,1461.31,1468.3,1436.5,0.72,10.39,730963,613552332.0,2.19,0.59
2015-09-14,1479.97,1373.04,1486.62,1329.31,-6.04,-88.27,1370760,1213941886.0,10.76,1.1
2015-09-15,1323.44,1292.76,1357.53,1269.7,-5.85,-80.28,889168,736450972.0,6.4,0.72
2015-09-16,1296.08,1400.07,1415.6,1290.76,8.3,107.31,999700,870805848.0,9.66,0.8
2015-09-17,1391.41,1419.09,1489.84,1377.84,1.36,19.02,1638962,1418609022.0,8.0,1.32
2015-09-18,1427.15,1444.24,1461.66,1399.89,1.77,25.15,1183477,946643206.0,4.35,0.95
2015-09-21,1417.92,1512.51,1512.51,1411.29,4.73,68.27,1218879,963633438.0,7.01,0.98
2015-09-22,1514.31,1526.79,1558.08,1503.61,0.94,14.28,1575046,1311253262.0,3.6,1.27
2015-09-23,1487.15,1492.5,1532.33,1462.31,-2.25,-34.29,1338659,1086945690.0,4.59,1.08
2015-09-24,1490.06,1498.19,1504.74,1473.03,0.38,5.69,732621,592455456.0,2.12,0.59
2015-09-25,1489.4,1423.51,1508.7,1410.99,-4.98,-74.68,860583,709880135.0,6.52,0.69
2015-09-28,1421.89,1428.32,1431.18,1373.73,0.34,4.81,490004,390968100.0,4.04,0.39
2015-09-29,1395.65,1390.63,1416.44,1377.05,-2.64,-37.69,427772,344261119.0,2.76,0.34
2015-09-30,1434.84,1436.19,1452.68,1431.92,3.28,45.56,364382,282236284.0,1.49,0.29
2015-10-08,1530.77,1530.02,1538.48,1517.11,6.53,93.83,800983,699357320.0,1.49,0.64
2015-10-09,1565.97,1579.25,1583.45,1556.55,3.22,49.23,735240,698463636.0,1.76,0.59
2015-10-12,1617.88,1679.62,1690.1,1617.88,6.36,100.37,1208035,1155501423.0,4.57,0.97
2015-10-13,1663.79,1679.57,1684.27,1661.99,0.0,-0.05,819487,762922967.0,1.33,0.66
2015-10-14,1672.3,1674.73,1695.22,1662.36,-0.29,-4.84,1007958,872748557.0,1.96,0.81
2015-10-15,1668.18,1710.45,1714.73,1668.18,2.13,35.72,1163951,1053566273.0,2.78,0.94
2015-10-16,1737.56,1751.67,1757.15,1714.88,2.41,41.22,2361897,2361750103.0,2.47,1.9
2015-10-19,1783.66,1756.97,1783.66,1743.24,0.3,5.3,1759617,1908912980.0,2.31,1.42
2015-10-20,1770.2,1806.45,1806.84,1737.21,2.82,49.48,1508784,1979000438.0,3.96,1.21
2015-10-21,1834.43,1751.13,1877.79,1731.26,-3.06,-55.32,2240837,2790926032.0,8.11,1.8
2015-10-22,1751.61,1824.73,1829.07,1751.61,4.2,73.6,1316951,1823347958.0,4.42,1.06
2015-10-23,1865.03,1896.06,1910.76,1850.24,3.91,71.33,1379451,1860672037.0,3.32,1.11
2015-10-26,1877.08,1897.19,1965.67,1875.22,0.06,1.13,1510785,2552666760.0,4.77,1.22
2015-10-27,1847.85,1914.9,1924.14,1842.29,0.93,17.71,1841133,2612402110.0,4.31,1.48
2015-10-28,1905.24,1885.85,1937.56,1873.31,-1.52,-29.05,1724347,2612734655.0,3.36,1.39
2015-10-29,1914.25,1918.13,1936.4,1905.55,1.71,32.28,959721,1344007348.0,1.64,0.77
2015-10-30,1948.57,1888.14,1948.57,1888.14,-1.56,-29.99,1283537,2836200823.0,3.15,1.03
2015-11-02,1818.31,1796.17,1850.3,1796.17,-4.87,-91.97,713866,723030718.0,2.87,0.57
2015-11-03,1788.46,1765.09,1815.96,1748.04,-1.73,-31.08,856611,1708570257.0,3.78,0.69
2015-11-04,1785.34,1853.56,1853.56,1775.2,5.01,88.47,1144512,1753024072.0,4.44,0.92
2015-11-05,1854.16,1878.85,1911.05,1850.55,1.36,25.29,1935177,2643478737.0,3.26,1.56
2015-11-06,1874.68,1898.72,1904.34,1866.24,1.06,19.87,1688070,2218075580.0,2.03,1.36
2015-11-09,1875.78,1930.54,1952.34,1875.78,1.68,31.82,1868275,2405503072.0,4.03,1.5
2015-11-10,1913.36,1924.09,1933.34,1894.94,-0.33,-6.45,1373363,1810416173.0,1.99,1.11
2015-11-11,1925.21,1972.75,1972.75,1912.4,2.53,48.66,1146889,1438483952.0,3.14,0.92
2015-11-12,2006.78,2018.44,2033.01,1993.63,2.32,45.69,1512097,2231732136.0,2.0,1.22
2015-11-13,2012.24,1937.49,2012.24,1932.85,-4.01,-80.95,1182095,1984799516.0,3.93,0.95
2015-11-16,1897.51,1985.01,1985.01,1883.49,2.45,47.52,1001985,1445412407.0,5.24,0.81
2015-11-17,1989.91,1997.55,2048.02,1986.06,0.63,12.54,1608393,2226930845.0,3.12,1.29
2015-11-18,1977.59,1988.7,2029.25,1977.59,-0.44,-8.85,1542636,1813322968.0,2.59,1.24
2015-11-19,1993.27,2030.49,2034.59,1987.16,2.1,41.79,1052321,1305883751.0,2.38,0.85
2015-11-20,2064.15,2071.51,2099.88,2046.98,2.02,41.02,1513659,2110448724.0,2.61,1.22
2015-11-23,2040.84,2004.85,2049.65,2002.28,-3.22,-66.66,1117773,1480986838.0,2.29,0.9
2015-11-24,2008.72,2036.26,2037.85,1987.72,1.57,31.41,882901,1239354604.0,2.5,0.71
2015-11-25,2040.51,2121.33,2130.38,2035.97,4.18,85.07,1572689,2098325113.0,4.64,1.27
2015-11-26,2137.06,2097.88,2141.04,2096.03,-1.11,-23.45,1711912,2176456144.0,2.12,1.38
2015-11-27,2093.04,1996.21,2121.07,1985.25,-4.85,-101.67,1437190,1946606902.0,6.47,1.16
2015-11-30,2011.45,2000.0,2032.66,1895.11,0.19,3.79,1397137,2676348770.0,6.89,1.12
2015-12-01,2005.89,1969.34,2008.0,1948.0,-1.53,-30.66,937886,1803312308.0,3.0,0.75
2015-12-02,1931.04,1920.74,1935.66,1869.15,-2.47,-48.6,908921,1359070534.0,3.38,0.73
2015-12-03,1924.01,2002.73,2002.73,1912.7,4.27,81.99,909165,1536126549.0,4.69,0.73
2015-12-04,1988.1,1993.71,2016.71,1962.62,-0.45,-9.02,886882,1597951728.0,2.7,0.71
2015-12-07,1972.27,1980.55,1986.64,1962.7,-0.66,-13.16,660999,1062681838.0,1.2,0.53
2015-12-08,1959.51,1916.14,1970.65,1916.14,-3.25,-64.41,756820,1178974400.0,2.75,0.61
2015-12-09,1904.84,1898.79,1916.22,1880.79,-0.91,-17.35,627890,1082976762.0,1.85,0.51
2015-12-10,1891.72,1875.06,1905.91,1868.14,-1.25,-23.73,583509,855375118.0,1.99,0.47
2015-12-11,1861.95,1858.0,1872.06,1843.44,-0.91,-17.06,593087,811124734.0,1.53,0.48
2015-12-14,1836.16,1909.04,1910.71,1831.22,2.75,51.04,706336,1004656027.0,4.28,0.57
2015-12-15,1907.1,1922.16,1935.29,1904.89,0.69,13.12,580369,969032523.0,1.59,0.47
2015-12-16,1929.43,1946.7,1987.19,1926.33,1.28,24.54,934513,1319161210.0,3.17,0.75
2015-12-17,1937.87,1966.06,1967.42,1931.44,0.99,19.36,1008979,1688997513.0,1.85,0.81
2015-12-18,1961.48,1987.15,2001.93,1952.05,1.07,21.09,925609,1709823327.0,2.54,0.75
2015-12-21,1994.63,2046.13,2059.42,1982.93,2.97,58.98,1110735,2314467720.0,3.85,0.89
2015-12-22,2045.12,2129.27,2130.78,2045.12,4.06,83.14,1096274,1596778577.0,4.19,0.88
2015-12-23,2145.17,2075.3,2163.65,2075.3,-2.53,-53.97,1236431,3202554964.0,4.15,1.0
2015-12-24,2065.04,2057.37,2081.5,2041.88,-0.86,-17.93,929073,1855405868.0,1.91,0.75
2015-12-25,2057.28,2067.07,2082.39,2049.25,0.47,9.7,778569,1369033323.0,1.61,0.63
2015-12-28,2069.37,2003.09,2069.37,2000.79,-3.1,-63.98,986257,1584997381.0,3.32,0.79
2015-12-29,2002.06,2021.46,2021.46,1973.19,0.92,18.37,624549,1063634981.0,2.41,0.5
2015-12-30,2016.05,2014.43,2026.9,1994.86,-0.35,-7.03,540288,892436705.0,1.58,0.43
2015-12-31,2015.45,1955.28,2021.5,1955.28,-2.94,-59.15,519304,1000787187.0,3.29,0.42
2016-01-04,1950.21,1768.54,1950.21,1767.28,-9.55,-186.74,552203,781326476.0,9.36,0.44
2016-01-05,1670.38,1700.91,1749.2,1641.77,-3.82,-67.63,813430,1101941603.0,6.07,0.65
2016-01-06,1710.58,1777.83,1783.64,1710.58,4.52,76.92,692840,1061931200.0,4.3,0.56
2016-01-07,1733.93,1612.44,1733.93,1608.89,-9.3,-165.39,178015,278327404.0,7.03,0.14
2016-01-08,1650.85,1653.51,1678.13,1537.5,2.55,41.07,916687,1189732408.0,8.72,0.74
2016-01-11,1620.24,1512.64,1640.27,1512.64,-8.52,-140.87,796312,928758536.0,7.72,0.64
2016-01-12,1511.43,1529.22,1546.93,1478.74,1.1,16.58,596341,730205898.0,4.51,0.48
2016-01-13,1537.0,1457.08,1549.62,1457.08,-4.72,-72.14,523381,696837619.0,6.05,0.42
2016-01-14,1410.7,1498.64,1505.58,1400.8,2.85,41.56,599010,719174190.0,7.19,0.48
2016-01-15,1481.47,1409.49,1491.57,1391.96,-5.95,-89.15,634259,749173458.0,6.65,0.51
2016-01-18,1370.3,1440.93,1456.18,1370.3,2.23,31.44,574842,709572615.0,6.09,0.46
2016-01-19,1436.81,1493.99,1494.28,1429.74,3.68,53.06,709077,956458263.0,4.48,0.57
2016-01-20,1492.52,1495.72,1534.0,1479.91,0.12,1.73,784982,1098569558.0,3.62,0.63
2016-01-21,1459.93,1421.05,1512.37,1421.05,-4.99,-74.67,619683,795305605.0,6.11,0.5
2016-01-22,1443.97,1457.82,1466.5,1404.13,2.59,36.77,489768,646008413.0,4.39,0.39
2016-01-25,1491.71,1525.0,1543.13,1491.71,4.61,67.18,648815,688301402.0,3.53,0.52
2016-01-26,1498.65,1386.72,1516.83,1379.31,-9.07,-138.28,879019,1363711227.0,9.02,0.71
2016-01-27,1401.08,1424.52,1434.84,1343.24,2.73,37.8,879181,1293519342.0,6.61,0.71
2016-01-28,1422.53,1378.37,1437.22,1368.85,-3.24,-46.15,780804,1349999680.0,4.8,0.63
2016-01-29,1384.64,1427.07,1445.87,1373.86,3.53,48.7,746340,1048881456.0,5.22,0.6
2016-02-01,1405.87,1371.25,1414.57,1352.79,-3.91,-55.82,605254,852536246.0,4.33,0.49
2016-02-02,1357.49,1405.06,1408.23,1357.49,2.47,33.81,577805,777560164.0,3.7,0.47
2016-02-03,1376.17,1395.55,1410.73,1349.8,-0.68,-9.51,526552,766911272.0,4.34,0.42
2016-02-04,1424.81,1421.11,1443.6,1418.5,1.83,25.56,650486,886891074.0,1.8,0.52
2016-02-05,1418.31,1441.33,1473.15,1414.62,1.42,20.22,962934,992001897.0,4.12,0.78
2016-02-15,1382.37,1416.04,1427.77,1367.81,-1.75,-25.29,714335,696578020.0,4.16,0.57
2016-02-16,1422.11,1495.31,1504.45,1422.11,5.6,79.27,822767,952487195.0,5.81,0.66
2016-02-17,1476.85,1519.57,1525.62,1472.91,1.62,24.26,812886,1098187713.0,3.53,0.65
2016-02-18,1570.99,1521.0,1581.17,1519.13,0.09,1.43,1122571,1390809248.0,4.08,0.9
2016-02-19,1502.04,1535.75,1544.18,1502.04,0.97,14.75,640369,836985856.0,2.77,0.52
2016-02-22,1549.62,1583.89,1590.59,1539.85,3.13,48.14,763404,1063120703.0,3.3,0.61
2016-02-23,1646.03,1609.57,1662.38,1590.85,1.62,25.68,940912,1441954144.0,4.52,0.76
2016-02-24,1577.65,1630.76,1631.84,1573.26,1.32,21.19,683313,1196369385.0,3.64,0.55
2016-02-25,1615.09,1482.58,1620.34,1472.7,-9.09,-148.18,768231,1062724275.0,9.05,0.62
2016-02-26,1497.01,1484.44,1521.62,1442.77,0.13,1.86,517527,695019229.0,5.32,0.42
2016-02-29,1461.32,1401.41,1461.32,1366.23,-5.59,-83.03,538865,585537152.0,6.41,0.43
2016-03-01,1394.5,1419.32,1435.8,1357.64,1.28,17.91,472070,659243475.0,5.58,0.38
2016-03-02,1430.39,1512.36,1520.46,1426.31,6.56,93.04,753370,894934583.0,6.63,0.61
2016-03-03,1495.36,1507.75,1545.24,1492.62,-0.3,-4.61,814783,1032821520.0,3.48,0.66
2016-03-04,1494.58,1444.81,1500.12,1435.99,-4.17,-62.94,1120536,1164307242.0,4.25,0.9
2016-03-07,1465.05,1470.58,1516.27,1453.9,1.78,25.77,831798,855167958.0,4.32,0.67
2016-03-08,1490.04,1525.19,1525.57,1450.22,3.71,54.61,844787,1148481647.0,5.12,0.68
2016-03-09,1467.66,1479.16,1515.46,1465.94,-3.02,-46.03,626344,969122809.0,3.25,0.5
2016-03-10,1495.14,1440.42,1502.01,1436.81,-2.62,-38.74,384744,575072875.0,4.41,0.31
2016-03-11,1418.9,1412.23,1428.05,1386.25,-1.96,-28.19,326813,468316456.0,2.9,0.26
2016-03-14,1436.45,1462.0,1483.14,1435.46,3.52,49.77,474339,613799534.0,3.38,0.38
2016-03-15,1450.68,1436.44,1465.83,1431.77,-1.75,-25.56,427341,600563303.0,2.33,0.34
2016-03-16,1443.72,1414.99,1449.61,1409.62,-1.49,-21.45,427168,517933867.0,2.78,0.34
2016-03-17,1443.18,1471.47,1478.41,1435.37,3.99,56.48,550733,744287900.0,3.04,0.44
2016-03-18,1484.22,1540.5,1563.24,1484.22,4.69,69.03,993063,1284747792.0,5.37,0.8
2016-03-21,1552.76,1592.75,1592.75,1540.3,3.39,52.25,880347,1203802722.0,3.4,0.71
2016-03-22,1575.58,1588.91,1603.63,1564.38,-0.24,-3.84,749354,1012868511.0,2.46,0.6
2016-03-23,1580.0,1597.75,1598.84,1569.59,0.56,8.84,549953,756985372.0,1.84,0.44
2016-03-24,1573.48,1564.24,1601.88,1551.51,-2.1,-33.51,791460,1099081792.0,3.15,0.64
2016-03-25,1551.75,1556.87,1573.19,1530.97,-0.47,-7.37,423803,608972865.0,2.7,0.34
2016-03-28,1595.61,1598.38,1617.05,1589.58,2.67,41.51,547761,738317330.0,1.76,0.44
2016-03-29,1635.22,1575.98,1638.15,1566.16,-1.4,-22.4,842357,894059212.0,4.5,0.68
2016-03-30,1584.6,1632.7,1632.7,1577.66,3.6,56.72,750234,840690315.0,3.49,0.6
2016-03-31,1628.33,1623.94,1643.59,1616.07,-0.54,-8.76,634302,854858734.0,1.69,0.51
2016-04-01,1616.63,1611.12,1623.27,1569.64,-0.79,-12.82,599606,709519507.0,3.3,0.48
2016-04-05,1607.34,1655.79,1658.62,1605.11,2.77,44.67,796861,944675538.0,3.32,0.64
2016-04-06,1643.95,1660.97,1672.54,1641.63,0.31,5.18,735764,934372150.0,1.87,0.59
2016-04-07,1678.46,1638.77,1680.9,1631.01,-1.34,-22.2,767500,996301011.0,3.0,0.62
2016-04-08,1624.65,1626.92,1626.92,1585.59,-0.72,-11.85,546505,658968558.0,2.52,0.44
2016-04-11,1647.38,1652.75,1660.25,1639.7,1.59,25.83,595597,735092825.0,1.26,0.48
2016-04-12,1651.77,1653.41,1659.89,1627.91,0.04,0.66,611007,783573289.0,1.93,0.49
2016-04-13,1709.54,1719.59,1738.64,1709.54,4.0,66.18,1148498,1169556563.0,1.76,0.92
2016-04-14,1738.11,1717.18,1738.11,1700.99,-0.14,-2.41,720400,1178246238.0,2.16,0.58
2016-04-15,1718.69,1713.95,1730.98,1710.66,-0.19,-3.23,656520,901531134.0,1.18,0.53
2016-04-18,1673.72,1657.56,1673.72,1640.34,-3.29,-56.39,551007,675923697.0,1.95,0.44
2016-04-19,1668.04,1673.42,1676.14,1648.82,0.96,15.86,359179,451783236.0,1.65,0.29
2016-04-20,1687.56,1597.5,1688.84,1557.65,-4.54,-75.92,720577,804438109.0,7.84,0.58
2016-04-21,1620.37,1592.48,1629.58,1589.75,-0.31,-5.02,282034,404197143.0,2.49,0.23
2016-04-22,1573.2,1611.0,1612.7,1570.62,1.16,18.52,261813,352147981.0,2.64,0.21
2016-04-25,1603.03,1586.69,1603.03,1568.5,-1.51,-24.31,188153,261971195.0,2.14,0.15
2016-04-26,1588.68,1615.41,1615.41,1588.68,1.81,28.72,286558,329369381.0,1.68,0.23
2016-04-27,1636.19,1635.66,1659.1,1619.89,1.25,20.25,492100,546186330.0,2.43,0.4
2016-04-28,1649.53,1633.79,1657.59,1607.66,-0.11,-1.87,572601,577244889.0,3.05,0.46
2016-04-29,1614.97,1642.91,1646.47,1611.67,0.56,9.12,476302,470441576.0,2.13,0.38
2016-05-03,1634.25,1676.12,1676.12,1623.63,2.02,33.21,721237,692435150.0,3.19,0.58
2016-05-04,1662.4,1674.71,1696.63,1657.77,-0.08,-1.41,498892,640264816.0,2.32,0.4
2016-05-05,1668.19,1678.03,1684.97,1662.07,0.2,3.32,385049,461168034.0,1.37,0.31
2016-05-06,1680.5,1599.09,1684.96,1597.16,-4.7,-78.94,541402,579648339.0,5.23,0.44
2016-05-09,1591.7,1511.81,1591.7,1502.37,-5.46,-87.28,435112,423321800.0,5.59,0.35
2016-05-10,1506.11,1515.87,1522.43,1504.72,0.27,4.06,230768,243795587.0,1.17,0.19
2016-05-11,1529.08,1509.35,1534.98,1502.37,-0.43,-6.52,251750,245564241.0,2.15,0.2
2016-05-12,1499.75,1503.67,1503.67,1462.79,-0.38,-5.68,318600,303252757.0,2.71,0.26
2016-05-13,1498.42,1473.33,1509.19,1464.08,-2.02,-30.34,276956,277010421.0,3.0,0.22
2016-05-16,1461.31,1495.12,1495.81,1451.36,1.48,21.79,230301,232322076.0,3.02,0.19
2016-05-17,1477.41,1513.9,1528.2,1477.41,1.26,18.78,604882,734030355.0,3.4,0.49
2016-05-18,1503.83,1461.55,1506.23,1440.52,-3.46,-52.35,565491,703414064.0,4.34,0.46
2016-05-19,1453.78,1450.23,1479.23,1448.93,-0.77,-11.32,369908,454526973.0,2.07,0.3
2016-05-20,1434.82,1470.85,1470.85,1425.57,1.42,20.62,277522,342931685.0,3.12,0.22
2016-05-23,1467.08,1486.62,1490.37,1467.08,1.07,15.77,324294,380725978.0,1.58,0.26
2016-05-24,1481.3,1472.21,1484.3,1456.11,-0.97,-14.41,262037,300233326.0,1.9,0.21
2016-05-25,1490.59,1471.66,1496.48,1466.15,-0.04,-0.55,292338,353422937.0,2.06,0.24
2016-05-26,1477.32,1492.98,1499.87,1456.46,1.45,21.32,365840,523743707.0,2.95,0.29
2016-05-27,1480.97,1481.38,1494.98,1478.12,-0.78,-11.6,257652,355712688.0,1.13,0.21
2016-05-30,1474.79,1463.68,1480.48,1455.47,-1.19,-17.7,179728,225310230.0,1.69,0.14
2016-05-31,1467.99,1528.59,1533.06,1467.99,4.43,64.91,639776,657368733.0,4.45,0.51
2016-06-01,1527.62,1541.97,1566.53,1523.81,0.88,13.38,551223,698534598.0,2.79,0.44
2016-06-02,1544.38,1556.05,1556.22,1534.73,0.91,14.08,406077,491710403.0,1.39,0.33
2016-06-03,1546.91,1565.59,1582.93,1546.91,0.61,9.54,504921,681956918.0,2.31,0.41
2016-06-06,1570.95,1562.08,1573.79,1548.27,-0.22,-3.51,322331,395998844.0,1.63,0.26
2016-06-07,1575.18,1567.4,1576.24,1554.11,0.34,5.32,341864,431918112.0,1.42,0.28
2016-06-08,1582.88,1580.99,1594.18,1568.91,0.87,13.59,384069,339219298.0,1.61,0.31
2016-06-13,1553.25,1488.26,1553.25,1485.14,-5.87,-92.73,389977,338830699.0,4.31,0.31
2016-06-14,1482.98,1489.32,1492.02,1472.86,0.07,1.06,230642,192963423.0,1.29,0.19
2016-06-15,1476.62,1530.33,1532.95,1469.39,2.75,41.01,269420,225732973.0,4.27,0.22
2016-06-16,1522.42,1504.78,1525.0,1501.27,-1.67,-25.55,287102,258022720.0,1.55,0.23
2016-06-17,1509.98,1523.4,1530.66,1507.12,1.24,18.62,310917,264160712.0,1.56,0.25
2016-06-20,1527.36,1522.67,1530.4,1507.24,-0.05,-0.73,226485,205362084.0,1.52,0.18
2016-06-21,1544.21,1500.35,1544.21,1491.47,-1.47,-22.32,359494,342265582.0,3.46,0.29
2016-06-22,1499.5,1515.34,1515.94,1498.72,1.0,14.99,242101,212714373.0,1.15,0.19
2016-06-23,1516.52,1508.08,1521.99,1498.77,-0.48,-7.26,241934,214464859.0,1.53,0.19
2016-06-24,1550.43,1529.71,1556.36,1505.69,1.43,21.63,407779,402893122.0,3.36,0.33
2016-06-27,1559.93,1591.02,1591.8,1559.93,4.01,61.31,337274,328586444.0,2.08,0.27
2016-06-28,1628.15,1636.77,1639.21,1617.39,2.88,45.75,371408,270435600.0,1.37,0.3
2016-06-29,1684.09,1713.78,1727.18,1681.49,4.7,77.01,690608,512063575.0,2.79,0.56
2016-06-30,1756.76,1756.28,1760.7,1746.61,2.48,42.5,505411,736327475.0,0.82,0.41
2016-07-01,1768.21,1724.92,1770.22,1723.38,-1.79,-31.36,664408,1773076006.0,2.67,0.53
2016-07-04,1703.67,1744.82,1749.43,1703.67,1.15,19.9,676934,1163914041.0,2.65,0.54
2016-07-05,1748.26,1795.71,1798.34,1746.74,2.92,50.89,813802,1406844351.0,2.96,0.66
2016-07-06,1772.61,1762.1,1775.54,1751.81,-1.87,-33.61,636823,1270161725.0,1.32,0.51
2016-07-07,1761.93,1794.16,1796.27,1756.6,1.82,32.06,773130,1163354592.0,2.25,0.62
2016-07-08,1792.48,1767.04,1806.57,1766.06,-1.51,-27.12,567703,1079605019.0,2.26,0.46
2016-07-11,1755.6,1739.99,1771.14,1731.84,-1.53,-27.05,947958,1294950078.0,2.22,0.76
2016-07-12,1736.53,1777.01,1785.79,1695.07,2.13,37.02,1357554,1435406913.0,5.21,1.09
2016-07-13,1789.02,1766.23,1789.02,1753.57,-0.61,-10.78,998406,1142970988.0,1.99,0.8
2016-07-14,1749.68,1750.0,1758.59,1733.64,-0.92,-16.23,784853,955975488.0,1.41,0.63
2016-07-15,1758.03,1755.14,1766.91,1743.51,0.29,5.14,976301,1066340430.0,1.34,0.79
2016-07-18,1755.58,1728.96,1760.39,1728.96,-1.49,-26.18,749610,867268910.0,1.79,0.6
2016-07-19,1728.03,1742.62,1745.23,1716.61,0.79,13.66,648270,848606215.0,1.66,0.52
2016-07-20,1744.43,1743.86,1764.32,1736.26,0.07,1.24,487261,892537154.0,1.61,0.39
2016-07-21,1735.58,1725.86,1744.38,1720.06,-1.03,-18.0,461391,700895999.0,1.39,0.37
2016-07-22,1719.47,1693.18,1724.76,1693.0,-1.89,-32.68,441791,591202095.0,1.84,0.36
2016-07-25,1694.72,1692.43,1702.84,1681.22,-0.04,-0.75,366306,431019405.0,1.28,0.29
2016-07-26,1693.24,1704.29,1704.29,1687.77,0.7,11.86,373545,414832105.0,0.98,0.3
2016-07-27,1705.77,1605.18,1713.11,1587.67,-5.82,-99.11,880816,958124017.0,7.36,0.71
2016-07-28,1587.47,1590.85,1600.95,1569.4,-0.89,-14.33,495351,554513846.0,1.97,0.4
2016-07-29,1592.14,1598.92,1600.53,1577.24,0.51,8.07,793817,756028058.0,1.46,0.64
2016-08-01,1582.66,1567.68,1594.43,1543.15,-1.95,-31.24,517297,500669623.0,3.21,0.42
2016-08-02,1560.81,1573.74,1573.74,1556.71,0.39,6.06,343984,365722572.0,1.09,0.28
2016-08-03,1569.28,1576.42,1576.42,1563.59,0.17,2.68,307000,322853099.0,0.82,0.25
2016-08-04,1585.69,1626.81,1641.18,1585.69,3.2,50.39,564427,941265533.0,3.52,0.45
2016-08-05,1610.2,1607.29,1612.18,1594.28,-1.2,-19.52,411930,589497398.0,1.1,0.33
2016-08-08,1598.27,1634.68,1637.61,1587.12,1.7,27.39,546932,586201775.0,3.14,0.44
2016-08-09,1635.79,1647.82,1659.7,1635.79,0.8,13.14,495876,648947777.0,1.46,0.4
2016-08-10,1644.02,1643.64,1652.32,1637.7,-0.25,-4.18,455987,514135980.0,0.89,0.37
2016-08-11,1637.84,1623.22,1645.44,1621.35,-1.24,-20.42,573596,610736444.0,1.47,0.46
2016-08-12,1634.39,1649.1,1650.59,1627.02,1.59,25.88,620117,683894925.0,1.45,0.5
2016-08-15,1648.29,1676.14,1685.17,1644.61,1.64,27.04,1008239,1039254158.0,2.46,0.81
2016-08-16,1686.86,1705.46,1715.71,1681.72,1.75,29.32,919854,1129103841.0,2.03,0.74
2016-08-17,1695.47,1693.09,1702.44,1682.43,-0.73,-12.37,515844,618608885.0,1.17,0.42
2016-08-18,1703.05,1695.57,1709.64,1687.29,0.15,2.48,477553,595919736.0,1.32,0.38
2016-08-19,1714.45,1712.08,1741.1,1709.79,0.97,16.51,641332,916653990.0,1.85,0.52
2016-08-22,1697.01,1658.38,1697.01,1657.7,-3.14,-53.7,540972,655830562.0,2.3,0.44
2016-08-23,1647.21,1647.08,1656.85,1638.31,-0.68,-11.3,784898,679632829.0,1.12,0.63
2016-08-24,1650.58,1649.02,1656.67,1643.06,0.12,1.94,330183,346195183.0,0.83,0.27
2016-08-25,1639.33,1621.11,1639.33,1608.02,-1.69,-27.91,392061,452379821.0,1.9,0.32
2016-08-26,1625.9,1628.56,1639.21,1623.28,0.46,7.45,312007,338464828.0,0.98,0.25
2016-08-29,1627.24,1637.4,1641.82,1624.32,0.54,8.84,292154,294365139.0,1.07,0.24
2016-08-30,1640.06,1662.68,1666.76,1637.32,1.54,25.28,332956,486086682.0,1.8,0.27
2016-08-31,1657.87,1651.48,1661.09,1641.52,-0.67,-11.2,228868,316532483.0,1.18,0.18
2016-09-01,1647.66,1642.8,1667.47,1642.8,-0.53,-8.68,361403,430976018.0,1.49,0.29
2016-09-02,1638.1,1630.07,1640.29,1613.98,-0.77,-12.73,364001,422072001.0,1.6,0.29
2016-09-05,1629.37,1630.86,1646.41,1628.58,0.05,0.79,260547,294564972.0,1.09,0.21
2016-09-06,1637.81,1659.94,1659.94,1628.45,1.78,29.08,323177,391419539.0,1.93,0.26
2016-09-07,1678.7,1658.6,1681.9,1657.77,-0.08,-1.34,452570,572179915.0,1.45,0.36
2016-09-08,1651.61,1678.98,1678.98,1651.61,1.23,20.38,318365,473424204.0,1.65,0.26
2016-09-09,1684.69,1665.16,1685.87,1663.76,-0.82,-13.82,260565,332643319.0,1.32,0.21
2016-09-12,1628.57,1606.02,1629.77,1603.28,-3.55,-59.14,563376,506804442.0,1.59,0.45
2016-09-13,1607.54,1621.1,1623.92,1607.54,0.94,15.08,235135,238057559.0,1.02,0.19
2016-09-14,1609.5,1619.95,1631.07,1604.04,-0.07,-1.15,210701,220983608.0,1.67,0.17
2016-09-19,1619.18,1635.77,1636.99,1619.18,0.98,15.82,198347,206165973.0,1.1,0.16
2016-09-20,1634.7,1637.1,1641.51,1629.62,0.08,1.33,228769,273547182.0,0.73,0.18
2016-09-21,1637.06,1646.31,1650.28,1637.06,0.56,9.21,201501,226314097.0,0.81,0.16
2016-09-22,1670.38,1661.3,1672.28,1658.36,0.91,14.99,252738,273531330.0,0.85,0.2
2016-09-23,1678.69,1674.03,1683.43,1673.1,0.77,12.73,198837,242640235.0,0.62,0.16
2016-09-26,1714.69,1670.63,1714.69,1670.03,-0.2,-3.4,331809,503600105.0,2.67,0.27
2016-09-27,1680.4,1684.1,1687.87,1669.39,0.81,13.47,255491,350827630.0,1.11,0.21
2016-09-28,1701.31,1660.57,1701.31,1656.09,-1.4,-23.53,538203,421179144.0,2.69,0.43
2016-09-29,1671.47,1687.72,1715.79,1671.47,1.63,27.15,739553,618557915.0,2.67,0.6
2016-09-30,1679.21,1685.68,1692.06,1675.19,-0.12,-2.04,401424,379399929.0,1.0,0.32
2016-10-10,1744.57,1746.79,1765.38,1734.72,3.63,61.11,1233199,1009157997.0,1.82,0.99
2016-10-11,1750.97,1816.32,1817.59,1750.97,3.98,69.53,1761273,1572906740.0,3.81,1.42
2016-10-12,1804.66,1799.2,1806.21,1786.86,-0.94,-17.12,985290,868604180.0,1.07,0.79
2016-10-13,1794.08,1782.72,1794.08,1776.77,-0.92,-16.48,673346,576294727.0,0.96,0.54
2016-10-14,1780.59,1768.91,1785.42,1751.01,-0.77,-13.81,652038,547653381.0,1.93,0.52
2016-10-17,1769.38,1745.64,1772.2,1736.65,-1.32,-23.27,533298,460691366.0,2.01,0.43
2016-10-18,1743.53,1774.44,1775.05,1743.53,1.65,28.8,555590,515068487.0,1.81,0.45
2016-10-19,1774.94,1768.16,1790.48,1761.27,-0.35,-6.28,650304,609517745.0,1.65,0.52
2016-10-20,1778.22,1783.95,1790.47,1773.87,0.89,15.79,824059,767286003.0,0.94,0.66
2016-10-21,1772.57,1762.73,1772.57,1747.03,-1.19,-21.22,708583,626974552.0,1.43,0.57
2016-10-24,1768.61,1821.56,1827.66,1768.61,3.34,58.83,1077674,1086025575.0,3.35,0.87
2016-10-25,1829.29,1830.94,1849.3,1823.58,0.51,9.38,846642,1601174660.0,1.41,0.68
2016-10-26,1822.69,1828.83,1850.87,1822.54,-0.12,-2.11,760111,1150569303.0,1.55,0.61
2016-10-27,1823.89,1813.21,1825.19,1804.89,-0.85,-15.62,498929,735305089.0,1.11,0.4
2016-10-28,1811.97,1780.2,1814.24,1780.2,-1.82,-33.01,535204,670356816.0,1.88,0.43
2016-10-31,1776.61,1761.63,1776.74,1757.03,-1.04,-18.57,452335,533463667.0,1.11,0.36
2016-11-01,1758.17,1775.33,1776.14,1756.31,0.78,13.7,412056,523962985.0,1.13,0.33
2016-11-02,1770.04,1754.56,1776.5,1749.86,-1.17,-20.77,452234,524769358.0,1.5,0.36
2016-11-03,1748.96,1762.96,1774.93,1748.83,0.48,8.4,497878,569418100.0,1.49,0.4
2016-11-04,1760.28,1768.59,1776.45,1759.34,0.32,5.63,362829,450997587.0,0.97,0.29
2016-11-07,1769.67,1769.89,1773.3,1755.77,0.07,1.3,361312,416436716.0,0.99,0.29
2016-11-08,1773.59,1780.42,1783.15,1773.12,0.59,10.53,405097,488022630.0,0.57,0.33
2016-11-09,1780.73,1762.07,1782.84,1743.64,-1.03,-18.35,574570,746493352.0,2.2,0.46
2016-11-10,1777.81,1805.66,1808.26,1777.81,2.47,43.59,741703,846000020.0,1.73,0.6
2016-11-11,1804.8,1819.65,1822.6,1795.77,0.77,13.99,848405,874208671.0,1.49,0.68
2016-11-14,1806.35,1818.75,1830.75,1806.35,-0.05,-0.9,985536,1000120485.0,1.34,0.79
2016-11-15,1815.73,1824.22,1824.22,1804.62,0.3,5.47,734357,739882736.0,1.08,0.59
2016-11-16,1842.58,1857.23,1863.32,1835.2,1.81,33.01,752170,941971832.0,1.54,0.61
2016-11-17,1853.01,1840.05,1854.84,1825.98,-0.93,-17.18,715290,750250840.0,1.55,0.58
2016-11-18,1849.36,1843.23,1859.44,1836.97,0.17,3.18,530751,618163174.0,1.22,0.43
2016-11-21,1841.77,1870.9,1870.92,1841.77,1.5,27.67,803608,866828017.0,1.58,0.65
2016-11-22,1886.74,1903.76,1907.14,1877.93,1.76,32.86,1291240,1256466153.0,1.56,1.04
2016-11-23,1901.76,1952.82,1986.59,1901.76,2.58,49.06,2214878,2276989107.0,4.46,1.78
2016-11-24,1949.35,1944.01,1973.86,1935.5,-0.45,-8.81,1764236,1704067906.0,1.96,1.42
2016-11-25,1929.69,1944.9,1947.32,1885.97,0.05,0.89,1108849,1044087027.0,3.16,0.89
2016-11-28,1940.96,1936.52,1944.92,1910.71,-0.43,-8.38,1060863,996965911.0,1.76,0.85
2016-11-29,1934.87,1910.58,1945.68,1910.58,-1.34,-25.94,1511761,1427301667.0,1.81,1.22
2016-11-30,1885.47,1865.65,1890.6,1853.88,-2.35,-44.93,851336,851134686.0,1.92,0.69
2016-12-01,1974.27,1929.64,1975.03,1921.25,3.43,63.99,1794776,1659497653.0,2.88,1.44
2016-12-02,1962.41,1981.92,2038.88,1945.71,2.71,52.28,2616869,3451330736.0,4.83,2.11
2016-12-05,1928.63,1938.46,1973.45,1928.63,-2.19,-43.46,1845980,3423409858.0,2.26,1.49
2016-12-06,1934.68,2017.73,2049.9,1934.68,4.09,79.27,1983821,3141180739.0,5.94,1.6
2016-12-07,2007.79,2029.67,2030.46,1979.52,0.59,11.94,1687776,2787647977.0,2.52,1.36
2016-12-08,2018.62,2002.05,2030.09,2001.62,-1.36,-27.62,1165643,2283618500.0,1.4,0.94
2016-12-09,1999.52,1989.91,2005.96,1968.56,-0.61,-12.14,1089912,1934889360.0,1.87,0.88
2016-12-12,2013.49,1932.17,2041.86,1930.35,-2.9,-57.74,1927908,2501945319.0,5.6,1.55
2016-12-13,1919.13,1987.95,1995.08,1878.26,2.89,55.78,1795244,2312721885.0,6.05,1.44
2016-12-14,1967.04,1952.95,2006.85,1952.82,-1.76,-35.0,1933003,2173915070.0,2.72,1.56
2016-12-15,1919.78,1965.03,1967.38,1919.11,0.62,12.08,1188981,1460815695.0,2.47,0.96
2016-12-16,1957.1,1978.1,1982.74,1947.51,0.67,13.07,1021585,1392682831.0,1.79,0.82
2016-12-19,1975.59,2005.14,2015.28,1968.16,1.37,27.04,1232289,1518986860.0,2.38,0.99
2016-12-20,1986.76,1969.19,1996.1,1961.46,-1.79,-35.95,891379,1081054790.0,1.73,0.72
2016-12-21,1979.38,2008.61,2022.97,1979.38,2.0,39.42,1761443,1877541400.0,2.21,1.42
2016-12-22,1996.94,1982.69,1996.94,1978.37,-1.29,-25.92,1297359,1471590496.0,0.92,1.04
2016-12-23,1976.03,1940.5,1986.61,1931.02,-2.13,-42.19,1080534,1372291263.0,2.8,0.87
2016-12-26,1929.68,1930.62,1933.16,1875.74,-0.51,-9.88,1025405,1240910800.0,2.96,0.83
2016-12-27,1924.91,1910.07,1933.55,1910.07,-1.06,-20.55,694790,805997210.0,1.22,0.56
2016-12-28,1918.58,1889.29,1933.56,1884.41,-1.09,-20.78,905820,961462799.0,2.57,0.73
2016-12-29,1883.2,1871.38,1893.04,1866.9,-0.95,-17.91,687906,728990958.0,1.38,0.55
2016-12-30,1878.26,1890.8,1899.29,1878.26,1.04,19.42,601764,684178852.0,1.12,0.48
2017-01-03,1895.59,1915.14,1919.7,1885.34,1.29,24.34,680895,779912409.0,1.82,0.55
2017-01-04,1910.73,1962.0,1973.34,1910.73,2.45,46.86,999889,1101206341.0,3.27,0.8
2017-01-05,1960.7,1961.79,1986.78,1952.96,-0.01,-0.21,965771,1073456179.0,1.72,0.78
2017-01-06,1962.14,1948.95,1976.28,1945.99,-0.65,-12.84,922093,1115388920.0,1.54,0.74
2017-01-09,1926.53,1948.2,1955.43,1926.53,-0.04,-0.75,796349,897040629.0,1.48,0.64
2017-01-10,1934.22,1909.92,1934.45,1909.61,-1.96,-38.28,728361,802178156.0,1.28,0.59
2017-01-11,1899.73,1848.04,1899.73,1848.04,-3.24,-61.88,898396,991527820.0,2.71,0.72
2017-01-12,1848.55,1832.05,1863.04,1825.11,-0.87,-15.99,568188,673784848.0,2.05,0.46
2017-01-13,1831.89,1795.27,1841.71,1788.71,-2.01,-36.78,505607,636085967.0,2.89,0.41
2017-01-16,1786.27,1730.15,1791.11,1681.37,-3.63,-65.12,1125441,1156235532.0,6.11,0.91
2017-01-17,1720.84,1774.63,1775.04,1695.81,2.57,44.48,725232,882091128.0,4.58,0.58
2017-01-18,1768.82,1768.93,1789.4,1763.94,-0.32,-5.7,783686,812501928.0,1.43,0.63
2017-01-19,1758.1,1799.46,1816.59,1741.98,1.73,30.53,512879,685129081.0,4.22,0.41
2017-01-20,1802.16,1821.25,1830.46,1786.51,1.21,21.79,801001,962566929.0,2.44,0.64
2017-01-23,1828.37,1847.29,1872.68,1828.37,1.43,26.04,745301,1031998927.0,2.43,0.6
2017-01-24,1846.6,1842.93,1859.01,1839.48,-0.24,-4.36,575575,699739763.0,1.06,0.46
2017-01-25,1843.54,1834.75,1846.66,1826.23,-0.44,-8.18,495801,559139101.0,1.11,0.4
2017-01-26,1839.44,1828.07,1839.44,1820.8,-0.36,-6.68,488712,538755681.0,1.02,0.39
2017-02-03,1831.97,1821.87,1837.6,1820.46,-0.34,-6.2,306880,366493090.0,0.94,0.25
2017-02-06,1821.18,1861.22,1861.22,1818.14,2.16,39.35,599662,709056941.0,2.36,0.48
2017-02-07,1859.39,1859.78,1874.87,1847.7,-0.08,-1.44,508142,628237143.0,1.46,0.41
2017-02-08,1850.58,1863.15,1864.53,1836.58,0.18,3.37,510834,621991896.0,1.5,0.41
2017-02-09,1860.39,1868.72,1878.07,1857.22,0.3,5.57,624734,744917214.0,1.12,0.5
2017-02-10,1870.8,1863.58,1874.75,1857.21,-0.28,-5.14,800280,933904761.0,0.94,0.64
2017-02-13,1864.7,1889.8,1892.88,1863.58,1.41,26.22,854729,979872132.0,1.57,0.69
2017-02-14,1885.62,1880.97,1889.31,1873.58,-0.47,-8.83,545543,608001975.0,0.83,0.44
2017-02-15,1883.49,1860.08,1889.66,1850.81,-1.11,-20.89,880079,1166576993.0,2.07,0.71
2017-02-16,1855.14,1883.21,1883.21,1848.03,1.24,23.13,778211,952268504.0,1.89,0.63
2017-02-17,1875.29,1818.72,1876.38,1812.22,-3.42,-64.49,1009831,1267214086.0,3.41,0.81
2017-02-20,1813.47,1805.28,1817.13,1791.13,-0.74,-13.44,819115,952984166.0,1.43,0.66
2017-02-21,1808.55,1841.45,1842.08,1803.78,2.0,36.17,725918,791642273.0,2.12,0.58
2017-02-22,1843.18,1858.77,1867.52,1843.18,0.94,17.32,1326370,1295376965.0,1.32,1.07
2017-02-23,1858.03,1848.94,1858.03,1831.99,-0.53,-9.83,746940,881839570.0,1.4,0.6
2017-02-24,1846.37,1864.65,1869.51,1846.37,0.85,15.71,775384,1115665460.0,1.25,0.62
2017-02-27,1861.88,1830.37,1861.98,1827.56,-1.84,-34.28,639466,852819789.0,1.85,0.51
2017-02-28,1827.24,1855.45,1858.16,1827.24,1.37,25.08,493655,661332007.0,1.69,0.4
2017-03-01,1852.36,1847.44,1869.23,1846.57,-0.43,-8.01,700368,797588275.0,1.22,0.56
2017-03-02,1859.47,1843.77,1866.77,1843.77,-0.2,-3.67,894631,1143368870.0,1.24,0.72
2017-03-03,1835.44,1862.76,1866.43,1827.98,1.03,18.99,634020,843450529.0,2.09,0.51
2017-03-06,1868.82,1881.19,1883.62,1865.87,0.99,18.43,611708,809987955.0,0.95,0.49
2017-03-07,1882.15,1894.6,1898.72,1876.56,0.71,13.41,632020,1049856294.0,1.18,0.51
2017-03-08,1895.5,1886.95,1904.02,1876.41,-0.4,-7.65,503148,817861827.0,1.46,0.4
2017-03-09,1869.89,1837.42,1869.89,1834.46,-2.62,-49.53,979582,1069141302.0,1.88,0.79
2017-03-10,1834.9,1828.78,1847.14,1820.73,-0.47,-8.64,554761,687674620.0,1.44,0.45
2017-03-13,1824.49,1847.35,1847.35,1803.3,1.02,18.57,491736,630554051.0,2.41,0.4
2017-03-14,1843.05,1830.31,1848.03,1829.94,-0.92,-17.04,406712,621212733.0,0.98,0.33
2017-03-15,1827.78,1820.14,1827.78,1812.92,-0.56,-10.17,394959,510548580.0,0.81,0.32
2017-03-16,1823.33,1855.72,1856.85,1823.33,1.95,35.58,549845,811279794.0,1.84,0.44
2017-03-17,1856.77,1833.55,1865.27,1832.32,-1.19,-22.17,468196,763381215.0,1.78,0.38
2017-03-20,1828.73,1847.19,1847.19,1828.73,0.74,13.64,370991,495975348.0,1.01,0.3
2017-03-21,1846.49,1861.91,1862.0,1844.83,0.8,14.72,486337,677613548.0,0.93,0.39
2017-03-22,1851.44,1852.88,1865.53,1843.94,-0.48,-9.03,508990,729127633.0,1.16,0.41
2017-03-23,1850.89,1832.48,1855.31,1811.26,-1.1,-20.4,601085,931817085.0,2.38,0.48
2017-03-24,1830.71,1823.54,1834.18,1802.71,-0.49,-8.94,687546,893263592.0,1.72,0.55
2017-03-27,1822.94,1819.19,1829.2,1811.86,-0.24,-4.35,515308,658528078.0,0.95,0.41
2017-03-28,1816.67,1801.96,1817.0,1797.33,-0.95,-17.23,336366,520607720.0,1.08,0.27
2017-03-29,1800.64,1786.38,1808.39,1776.81,-0.86,-15.58,501789,689931244.0,1.75,0.4
2017-03-30,1779.97,1761.34,1781.17,1755.42,-1.4,-25.04,572536,743402787.0,1.44,0.46
2017-03-31,1762.06,1755.02,1783.09,1742.42,-0.36,-6.32,537700,596931134.0,2.31,0.43
2017-04-05,1749.24,1773.71,1774.78,1749.24,1.06,18.69,520299,584054138.0,1.46,0.42
2017-04-06,1775.52,1772.22,1779.9,1765.33,-0.08,-1.49,382799,451263452.0,0.82,0.31
2017-04-07,1772.94,1795.76,1809.03,1769.67,1.33,23.54,805460,834102770.0,2.22,0.65
2017-04-10,1783.94,1750.52,1783.94,1746.35,-2.52,-45.24,639840,762973655.0,2.09,0.52
2017-04-11,1756.32,1765.44,1766.87,1740.22,0.85,14.92,576127,598009807.0,1.52,0.46
2017-04-12,1762.26,1740.32,1762.26,1739.22,-1.42,-25.12,567295,562930283.0,1.31,0.46
2017-04-13,1756.37,1755.34,1756.37,1740.81,0.86,15.02,575729,549751597.0,0.89,0.46
2017-04-14,1749.78,1758.52,1773.81,1748.16,0.18,3.18,636712,748052134.0,1.46,0.51
2017-04-17,1744.65,1730.02,1751.56,1719.19,-1.62,-28.5,550097,590546775.0,1.84,0.44
2017-04-18,1727.74,1703.32,1732.87,1701.3,-1.54,-26.7,604204,594519208.0,1.82,0.49
2017-04-19,1699.24,1652.34,1702.36,1637.83,-2.99,-50.98,640952,644996766.0,3.79,0.52
2017-04-20,1647.01,1599.64,1649.57,1585.17,-3.19,-52.7,816281,723713642.0,3.9,0.66
2017-04-21,1596.94,1604.33,1609.42,1593.48,0.29,4.69,319559,300328091.0,1.0,0.26
2017-04-24,1600.39,1514.8,1600.39,1514.8,-5.58,-89.53,582729,496910992.0,5.33,0.47
2017-04-25,1518.03,1503.56,1527.59,1502.81,-0.74,-11.24,483272,454059359.0,1.64,0.39
2017-04-26,1502.41,1504.26,1513.22,1494.15,0.05,0.7,513601,449471810.0,1.27,0.41
2017-04-27,1503.49,1553.01,1553.81,1491.17,3.24,48.75,600104,583101096.0,4.16,0.48
2017-04-28,1544.11,1565.47,1566.51,1540.57,0.8,12.46,541393,480189900.0,1.67,0.44
2017-05-02,1540.58,1523.55,1544.96,1516.15,-2.68,-41.92,500337,528384981.0,1.84,0.4
2017-05-03,1519.91,1516.75,1529.79,1501.59,-0.45,-6.8,634685,540212053.0,1.85,0.51
2017-05-04,1514.55,1530.44,1552.81,1504.72,0.9,13.69,720201,576726306.0,3.17,0.58
2017-05-05,1514.8,1479.45,1514.8,1479.22,-3.33,-50.99,607023,496081837.0,2.32,0.49
2017-05-08,1496.55,1480.76,1513.81,1480.76,0.09,1.31,628320,542644490.0,2.23,0.51
2017-05-09,1487.05,1497.42,1501.43,1465.96,1.13,16.66,1277675,1074442460.0,2.4,1.03
2017-05-10,1490.04,1470.14,1503.77,1470.14,-1.82,-27.28,1110270,932041393.0,2.25,0.89
2017-05-11,1457.03,1447.41,1466.82,1400.88,-1.55,-22.73,892113,750211129.0,4.49,0.72
2017-05-12,1439.44,1457.67,1466.74,1434.3,0.71,10.26,873149,730258786.0,2.24,0.7
2017-05-15,1462.16,1473.55,1476.45,1455.46,1.09,15.88,744704,633342699.0,1.44,0.6
2017-05-16,1476.22,1494.97,1494.97,1454.5,1.45,21.42,727557,628965630.0,2.75,0.59
2017-05-17,1487.2,1556.3,1577.21,1484.47,4.1,61.33,1539874,1302733209.0,6.2,1.24
2017-05-18,1543.84,1647.68,1655.08,1532.85,5.87,91.38,2739507,2420285283.0,7.85,2.2
2017-05-19,1730.84,1735.26,1783.39,1728.48,5.32,87.58,4093006,3728527785.0,3.33,3.29
2017-05-22,1760.19,1706.77,1762.4,1699.93,-1.64,-28.49,2881322,3374044610.0,3.6,2.32
2017-05-23,1668.78,1550.63,1668.78,1548.03,-9.15,-156.14,2182865,2172606245.0,7.07,1.76
2017-05-24,1508.16,1580.53,1585.72,1475.07,1.93,29.9,1620511,1669679059.0,7.14,1.3
2017-05-25,1571.8,1586.42,1601.28,1532.27,0.37,5.89,1397304,1476090613.0,4.37,1.12
2017-05-26,1569.15,1592.85,1630.99,1558.47,0.41,6.43,1605261,1756273298.0,4.57,1.29
2017-05-31,1594.45,1526.56,1594.98,1526.56,-4.16,-66.29,1198820,1247095565.0,4.3,0.96
2017-06-01,1514.4,1434.37,1531.24,1434.37,-6.04,-92.19,1193044,1140847293.0,6.35,0.96
2017-06-02,1423.64,1457.94,1465.93,1409.67,1.64,23.57,950596,834718725.0,3.92,0.77
2017-06-05,1474.43,1499.32,1531.91,1474.43,2.84,41.38,1035210,1176676634.0,3.94,0.83
2017-06-06,1486.59,1481.92,1489.58,1468.54,-1.16,-17.4,715140,784998254.0,1.4,0.58
2017-06-07,1483.23,1523.82,1523.82,1482.88,2.83,41.9,928196,968293273.0,2.76,0.75
2017-06-08,1512.27,1507.72,1523.77,1503.47,-1.06,-16.1,834065,872185996.0,1.33,0.67
2017-06-09,1497.78,1487.45,1503.24,1473.56,-1.34,-20.27,704707,679364320.0,1.97,0.57
2017-06-12,1487.62,1471.23,1505.73,1469.23,-1.09,-16.22,724635,836032568.0,2.45,0.58
2017-06-13,1462.37,1492.62,1492.64,1457.58,1.45,21.39,564787,614515877.0,2.38,0.45
2017-06-14,1489.33,1474.83,1493.85,1473.77,-1.19,-17.79,714493,726268804.0,1.35,0.58
2017-06-15,1467.72,1491.87,1496.52,1465.5,1.16,17.04,575406,607170584.0,2.1,0.46
2017-06-16,1489.65,1498.96,1512.53,1481.37,0.48,7.09,541367,756098372.0,2.09,0.44
2017-06-19,1494.77,1507.59,1510.1,1493.6,0.58,8.63,533737,575859084.0,1.1,0.43
2017-06-20,1508.08,1503.16,1513.34,1497.52,-0.29,-4.43,532042,552323584.0,1.05,0.43
2017-06-21,1501.78,1490.99,1505.59,1478.13,-0.81,-12.17,723223,665221234.0,1.83,0.58
2017-06-22,1490.64,1458.81,1493.54,1458.81,-2.16,-32.18,660418,625187958.0,2.33,0.53
2017-06-23,1445.42,1437.14,1455.63,1411.2,-1.49,-21.67,648887,622904301.0,3.05,0.52
2017-06-26,1433.84,1442.84,1443.62,1426.0,0.4,5.7,588072,466365370.0,1.23,0.47
2017-06-27,1441.1,1443.64,1448.85,1436.14,0.06,0.8,532772,422393678.0,0.88,0.43
2017-06-28,1439.97,1422.63,1439.97,1421.3,-1.46,-21.01,541666,432299561.0,1.29,0.44
2017-06-29,1422.33,1429.59,1434.44,1422.33,0.49,6.96,396871,324065035.0,0.85,0.32
2017-06-30,1429.11,1446.3,1455.5,1429.11,1.17,16.71,476345,577429808.0,1.85,0.38
2017-07-03,1443.74,1460.15,1460.15,1442.62,0.96,13.85,537202,488384711.0,1.21,0.43
2017-07-04,1457.37,1459.09,1471.24,1454.27,-0.07,-1.06,525029,454207085.0,1.16,0.42
2017-07-05,1455.65,1462.89,1462.89,1448.05,0.26,3.8,457766,410005317.0,1.02,0.37
2017-07-06,1457.05,1451.9,1459.7,1446.14,-0.75,-10.99,407318,398879181.0,0.93,0.33
2017-07-07,1448.76,1457.09,1457.83,1447.92,0.36,5.19,398488,420738092.0,0.68,0.32
2017-07-10,1455.35,1451.61,1460.06,1449.22,-0.38,-5.48,517868,478969295.0,0.74,0.42
2017-07-11,1445.94,1422.45,1448.24,1422.45,-2.01,-29.16,477992,418907216.0,1.78,0.38
2017-07-12,1421.89,1414.34,1429.51,1396.96,-0.57,-8.11,407722,354481718.0,2.29,0.33
2017-07-13,1412.71,1417.49,1418.12,1404.55,0.22,3.15,431855,336870657.0,0.96,0.35
2017-07-14,1417.69,1419.32,1428.02,1411.36,0.13,1.83,502322,391003830.0,1.18,0.4
2017-07-17,1410.15,1323.66,1410.15,1322.39,-6.74,-95.66,989891,797754068.0,6.18,0.8
2017-07-18,1313.86,1330.98,1330.98,1301.96,0.55,7.32,614109,478605569.0,2.19,0.49
2017-07-19,1325.69,1345.82,1346.92,1317.55,1.11,14.84,683595,511608185.0,2.21,0.55
2017-07-20,1342.22,1335.98,1354.28,1334.5,-0.73,-9.84,475918,379429953.0,1.47,0.38
2017-07-21,1333.45,1333.86,1346.57,1329.98,-0.16,-2.12,336145,282426838.0,1.24,0.27
2017-07-24,1326.1,1352.52,1352.52,1322.02,1.4,18.66,485767,377379179.0,2.29,0.39
2017-07-25,1347.9,1344.09,1352.51,1340.04,-0.62,-8.43,383826,293690292.0,0.92,0.31
2017-07-26,1351.66,1370.71,1375.8,1351.66,1.98,26.62,532190,476877528.0,1.8,0.43
2017-07-27,1365.07,1383.19,1390.1,1356.91,0.91,12.48,528708,484668050.0,2.42,0.43
2017-07-28,1380.29,1369.2,1381.18,1367.47,-1.01,-13.99,351334,314016489.0,0.99,0.28
2017-07-31,1369.12,1375.79,1376.95,1366.57,0.48,6.59,515451,397101084.0,0.76,0.41
2017-08-01,1375.45,1388.14,1402.72,1375.45,0.9,12.35,584088,495372317.0,1.98,0.47
2017-08-02,1380.23,1370.56,1381.08,1364.27,-1.27,-17.58,441500,378979254.0,1.21,0.36
2017-08-03,1371.04,1375.7,1385.19,1368.63,0.38,5.14,387487,365764207.0,1.21,0.31
2017-08-04,1374.06,1363.75,1378.63,1363.75,-0.87,-11.95,461184,378488602.0,1.08,0.37
2017-08-07,1367.38,1381.72,1382.39,1363.08,1.32,17.97,417501,333611384.0,1.42,0.34
2017-08-08,1382.03,1378.57,1382.23,1370.92,-0.23,-3.15,329430,283475808.0,0.82,0.27
2017-08-09,1378.61,1365.74,1378.61,1364.81,-0.93,-12.83,283711,250953318.0,1.0,0.23
2017-08-10,1364.79,1346.97,1368.48,1343.04,-1.37,-18.77,324632,274284136.0,1.86,0.26
2017-08-11,1340.34,1320.35,1343.21,1318.79,-1.98,-26.62,448074,335097730.0,1.81,0.36
2017-08-14,1323.15,1345.6,1349.13,1323.15,1.91,25.25,255384,221864150.0,1.97,0.21
2017-08-15,1344.66,1355.31,1356.12,1344.66,0.72,9.71,243788,218957310.0,0.85,0.2
2017-08-16,1355.38,1365.47,1368.67,1351.71,0.75,10.16,331417,301552658.0,1.25,0.27
2017-08-17,1361.74,1379.88,1379.88,1361.74,1.06,14.41,452937,394901370.0,1.33,0.36
2017-08-18,1371.21,1398.16,1415.33,1371.21,1.32,18.28,936566,774467293.0,3.2,0.75
2017-08-21,1404.72,1410.93,1412.0,1394.63,0.91,12.77,697860,564108882.0,1.24,0.56
2017-08-22,1427.44,1397.73,1427.44,1394.15,-0.94,-13.2,704840,608008580.0,2.36,0.57
2017-08-23,1398.26,1386.45,1405.06,1382.7,-0.81,-11.28,447961,382397836.0,1.6,0.36
2017-08-24,1384.03,1400.49,1411.34,1377.85,1.01,14.04,577750,580450296.0,2.42,0.47
2017-08-25,1395.79,1406.66,1411.16,1395.79,0.44,6.17,461485,435504539.0,1.1,0.37
2017-08-28,1401.53,1423.56,1423.56,1401.53,1.2,16.9,583659,580268911.0,1.57,0.47
2017-08-29,1418.22,1418.36,1423.87,1412.61,-0.37,-5.2,514500,486122557.0,0.79,0.41
2017-08-30,1418.49,1409.51,1419.37,1407.27,-0.62,-8.85,437700,399026280.0,0.85,0.35
2017-08-31,1408.96,1405.05,1408.96,1399.94,-0.32,-4.46,399993,353503428.0,0.64,0.32
2017-09-01,1405.61,1412.56,1413.15,1405.23,0.53,7.51,347920,328337256.0,0.56,0.28
2017-09-04,1411.18,1414.02,1414.4,1403.76,0.1,1.46,426413,360618064.0,0.75,0.34
2017-09-05,1431.97,1414.87,1431.97,1413.06,0.06,0.85,768257,623719651.0,1.34,0.62
2017-09-06,1406.72,1426.48,1426.96,1406.17,0.82,11.61,697664,618571203.0,1.47,0.56
2017-09-07,1428.66,1430.65,1444.2,1424.27,0.29,4.17,716998,702831866.0,1.4,0.58
2017-09-08,1424.48,1420.9,1435.61,1412.25,-0.68,-9.75,474555,461374638.0,1.63,0.38
2017-09-11,1415.78,1421.15,1421.15,1405.47,0.02,0.25,364063,366877482.0,1.1,0.29
2017-09-12,1422.22,1401.66,1422.22,1400.74,-1.37,-19.49,485317,436803273.0,1.51,0.39
2017-09-13,1400.21,1409.67,1410.15,1397.04,0.57,8.01,453907,347499518.0,0.94,0.37
2017-09-14,1411.35,1414.34,1415.32,1405.27,0.33,4.67,592882,502342783.0,0.71,0.48
2017-09-15,1411.26,1399.84,1412.05,1396.56,-1.03,-14.5,372101,320648578.0,1.1,0.3
2017-09-18,1397.38,1407.38,1407.61,1396.91,0.54,7.54,304146,258080212.0,0.76,0.24
2017-09-19,1408.2,1400.32,1408.2,1398.43,-0.5,-7.06,306809,258874018.0,0.69,0.25
2017-09-20,1399.71,1404.42,1405.69,1392.27,0.29,4.1,278679,240846922.0,0.96,0.22
2017-09-21,1405.18,1415.3,1433.18,1404.1,0.77,10.88,532095,554130330.0,2.07,0.43
2017-09-22,1406.09,1415.12,1419.09,1386.51,-0.01,-0.18,437283,512555900.0,2.3,0.35
2017-09-25,1409.43,1385.44,1409.43,1384.97,-2.1,-29.68,341770,342328295.0,1.73,0.28
2017-09-26,1392.57,1442.86,1447.83,1392.57,4.14,57.42,513220,794196386.0,3.99,0.41
2017-09-27,1430.63,1441.94,1441.94,1419.78,-0.06,-0.92,384250,639005123.0,1.54,0.31
2017-09-28,1434.45,1422.57,1449.25,1422.33,-1.34,-19.37,338836,521547951.0,1.87,0.27
2017-09-29,1421.98,1418.39,1428.93,1412.65,-0.29,-4.18,222226,329554333.0,1.14,0.18
2017-10-09,1423.85,1437.33,1444.32,1423.26,1.34,18.94,306630,461099998.0,1.48,0.25
2017-10-10,1445.43,1443.62,1445.43,1433.55,0.44,6.29,383651,431191822.0,0.83,0.31
2017-10-11,1439.01,1448.6,1455.49,1439.01,0.34,4.98,338102,428161337.0,1.14,0.27
2017-10-12,1441.85,1442.63,1444.0,1432.71,-0.41,-5.97,270909,378126774.0,0.78,0.22
2017-10-13,1442.79,1440.12,1446.34,1434.64,-0.17,-2.51,205672,276062836.0,0.81,0.17
2017-10-16,1433.14,1396.9,1433.14,1396.85,-3.0,-43.22,345751,396878135.0,2.52,0.28
2017-10-17,1396.53,1398.49,1404.39,1388.6,0.11,1.59,199797,234086150.0,1.13,0.16
2017-10-18,1399.44,1380.59,1400.14,1375.96,-1.28,-17.9,219223,225527801.0,1.73,0.18
2017-10-19,1374.14,1381.71,1383.22,1360.23,0.08,1.12,370390,284322397.0,1.67,0.3
2017-10-20,1376.54,1384.57,1385.12,1376.54,0.21,2.86,201109,166352969.0,0.62,0.16
2017-10-23,1383.34,1383.92,1385.5,1378.6,-0.05,-0.65,159806,147694022.0,0.5,0.13
2017-10-24,1381.67,1372.93,1383.77,1367.1,-0.79,-10.99,185162,154106630.0,1.2,0.15
2017-10-25,1371.81,1383.53,1384.4,1371.81,0.77,10.6,137104,140450009.0,0.92,0.11
2017-10-26,1382.0,1389.49,1389.49,1378.93,0.43,5.96,173010,164743109.0,0.76,0.14
2017-10-27,1384.75,1376.14,1384.75,1372.4,-0.96,-13.35,248651,239576378.0,0.89,0.2
2017-10-30,1376.42,1351.06,1383.37,1338.98,-1.82,-25.08,390588,321321940.0,3.23,0.31
2017-10-31,1347.71,1346.27,1354.05,1335.81,-0.35,-4.79,205658,187477556.0,1.35,0.17
2017-11-01,1345.64,1350.5,1358.12,1344.64,0.31,4.23,411144,314122918.0,1.0,0.33
2017-11-02,1350.13,1330.53,1350.86,1327.99,-1.48,-19.97,281037,220032197.0,1.69,0.23
2017-11-03,1331.01,1333.38,1362.31,1328.92,0.21,2.85,303776,285243823.0,2.51,0.24
2017-11-06,1334.53,1364.04,1367.26,1334.53,2.3,30.66,307219,338095516.0,2.45,0.25
2017-11-07,1364.93,1420.98,1425.39,1364.93,4.17,56.94,1167248,978779828.0,4.43,0.94
2017-11-08,1421.71,1411.16,1421.71,1406.2,-0.69,-9.82,582100,742898580.0,1.09,0.47
2017-11-09,1399.53,1404.11,1408.36,1397.75,-0.5,-7.05,321820,395687291.0,0.75,0.26
2017-11-10,1406.51,1395.98,1421.96,1393.79,-0.58,-8.13,474647,464445497.0,2.01,0.38
2017-11-13,1413.7,1411.17,1413.7,1399.3,1.09,15.19,437291,425925299.0,1.03,0.35
2017-11-14,1412.23,1381.28,1414.56,1381.22,-2.12,-29.89,647776,526848129.0,2.36,0.52
2017-11-15,1373.81,1365.45,1373.92,1357.64,-1.15,-15.83,609561,471550478.0,1.18,0.49
2017-11-16,1362.66,1364.06,1373.78,1362.19,-0.1,-1.39,393649,343815549.0,0.85,0.32
2017-11-17,1374.06,1339.48,1386.61,1334.42,-1.8,-24.58,777281,724141490.0,3.83,0.63
2017-11-20,1317.78,1297.16,1317.78,1263.46,-3.16,-42.32,476315,456840551.0,4.06,0.38
2017-11-21,1293.28,1292.63,1302.69,1281.78,-0.35,-4.53,338798,316383154.0,1.61,0.27
2017-11-22,1290.29,1291.39,1297.38,1283.92,-0.1,-1.24,358521,289902214.0,1.04,0.29
2017-11-23,1300.28,1266.03,1309.94,1265.33,-1.96,-25.36,387059,319237541.0,3.45,0.31
2017-11-24,1257.01,1261.11,1265.94,1252.46,-0.39,-4.92,260401,197808215.0,1.06,0.21
2017-11-27,1259.59,1251.45,1265.48,1246.86,-0.77,-9.66,277072,232002815.0,1.48,0.22
2017-11-28,1246.43,1260.11,1260.11,1246.25,0.69,8.66,238249,196094312.0,1.11,0.19
2017-11-29,1255.55,1240.34,1257.14,1228.92,-1.57,-19.77,385732,263205792.0,2.24,0.31
2017-11-30,1238.07,1230.53,1243.07,1226.95,-0.79,-9.81,219798,202113099.0,1.3,0.18
2017-12-01,1230.93,1238.53,1238.53,1228.36,0.65,8.0,214160,178100487.0,0.83,0.17
2017-12-04,1239.61,1217.42,1244.34,1216.2,-1.7,-21.11,304988,241101451.0,2.27,0.25
2017-12-05,1213.09,1172.8,1215.67,1164.47,-3.67,-44.62,380158,279847682.0,4.21,0.31
2017-12-06,1174.15,1190.42,1190.89,1165.6,1.5,17.62,293875,213771900.0,2.16,0.24
2017-12-07,1188.05,1183.04,1192.45,1180.76,-0.62,-7.38,189330,139384938.0,0.98,0.15
2017-12-08,1185.1,1195.8,1198.06,1182.94,1.08,12.76,180687,136635695.0,1.28,0.15
2017-12-11,1196.16,1208.96,1209.6,1196.16,1.1,13.16,201228,175417098.0,1.12,0.16
2017-12-12,1207.6,1197.8,1208.38,1197.8,-0.92,-11.16,224483,179715022.0,0.88,0.18
2017-12-13,1195.21,1204.28,1204.64,1194.44,0.54,6.48,232986,159585840.0,0.85,0.19
2017-12-14,1201.02,1210.46,1212.93,1198.72,0.51,6.18,204352,157646732.0,1.18,0.16
2017-12-15,1209.33,1211.54,1211.54,1200.54,0.09,1.08,232997,170901762.0,0.91,0.19
2017-12-18,1209.23,1209.1,1213.77,1199.8,-0.2,-2.44,167773,128071523.0,1.15,0.14
2017-12-19,1207.71,1223.36,1224.66,1206.41,1.18,14.26,225787,159407387.0,1.51,0.18
2017-12-20,1223.23,1225.5,1249.2,1219.67,0.17,2.14,422644,332878144.0,2.41,0.34
2017-12-21,1222.23,1234.84,1241.04,1207.97,0.76,9.34,375279,276232371.0,2.7,0.3
2017-12-22,1233.81,1294.63,1298.01,1229.05,4.84,59.79,687581,616403170.0,5.58,0.55
2017-12-25,1292.65,1270.27,1299.17,1266.4,-1.88,-24.36,627164,519051867.0,2.53,0.5
2017-12-26,1261.85,1269.76,1279.98,1255.18,-0.04,-0.51,421572,368772303.0,1.95,0.34
2017-12-27,1274.92,1288.64,1324.24,1274.92,1.49,18.88,804048,645311010.0,3.88,0.65
2017-12-28,1265.33,1263.39,1271.36,1252.98,-1.96,-25.25,454932,364246907.0,1.43,0.37
2017-12-29,1262.2,1266.58,1272.54,1262.2,0.25,3.19,266332,209652966.0,0.82,0.21
2018-01-02,1263.54,1290.36,1303.22,1262.51,1.88,23.78,620720,478382151.0,3.21,0.5
2018-01-03,1286.09,1291.79,1291.94,1281.79,0.11,1.43,463687,352078437.0,0.79,0.37
2018-01-04,1300.66,1370.43,1387.62,1300.66,6.09,78.64,1912486,1529695089.0,6.73,1.54
2018-01-05,1352.18,1350.8,1363.18,1345.38,-1.43,-19.63,1126903,908083868.0,1.3,0.91
2018-01-08,1347.94,1346.07,1371.37,1338.74,-0.35,-4.73,817267,672964085.0,2.42,0.66
2018-01-09,1343.67,1349.7,1369.37,1343.67,0.27,3.63,556755,464172694.0,1.91,0.45
2018-01-10,1372.09,1376.31,1406.11,1357.62,1.97,26.61,1174420,933801923.0,3.59,0.95
2018-01-11,1365.07,1345.05,1365.07,1338.73,-2.27,-31.26,570762,526666700.0,1.91,0.46
2018-01-12,1348.3,1337.49,1356.63,1335.45,-0.56,-7.56,476913,405309739.0,1.57,0.38
2018-01-15,1339.63,1362.66,1380.4,1320.77,1.88,25.17,943796,811124440.0,4.46,0.76
2018-01-16,1348.54,1353.02,1357.19,1336.36,-0.71,-9.64,601381,551977324.0,1.53,0.48
2018-01-17,1340.75,1331.31,1345.29,1312.64,-1.6,-21.71,861984,696235852.0,2.41,0.69
2018-01-18,1325.66,1327.24,1338.02,1325.66,-0.31,-4.07,367102,305773952.0,0.93,0.3
2018-01-19,1322.49,1307.6,1323.37,1298.92,-1.48,-19.64,745717,532907070.0,1.84,0.6
2018-01-22,1307.79,1291.23,1307.79,1286.95,-1.25,-16.37,489558,371469388.0,1.59,0.39
2018-01-23,1296.13,1299.61,1304.91,1293.35,0.65,8.38,601991,445742349.0,0.9,0.48
2018-01-24,1303.27,1327.01,1328.45,1303.27,2.11,27.4,1159804,855163829.0,1.94,0.93
2018-01-25,1338.64,1350.68,1380.52,1338.64,1.78,23.67,1354169,1198039100.0,3.16,1.09
2018-01-26,1332.78,1331.52,1336.5,1324.22,-1.42,-19.16,638050,578977941.0,0.91,0.51
2018-01-29,1331.54,1339.56,1367.22,1331.54,0.6,8.04,786157,703326212.0,2.68,0.63
2018-01-30,1329.2,1317.25,1329.2,1309.9,-1.67,-22.31,693803,597275393.0,1.44,0.56
2018-01-31,1300.02,1267.78,1300.02,1263.97,-3.76,-49.47,637230,498874069.0,2.74,0.51
2018-02-01,1265.21,1201.8,1270.51,1194.43,-5.2,-65.98,837680,566244717.0,6.0,0.67
2018-02-02,1195.68,1238.89,1240.15,1188.33,3.09,37.09,1046275,747107677.0,4.31,0.84
2018-02-05,1220.18,1218.93,1224.0,1212.31,-1.61,-19.96,605236,440318260.0,0.94,0.49
2018-02-06,1187.01,1128.62,1197.99,1128.32,-7.41,-90.31,806136,577312956.0,5.72,0.65
2018-02-07,1149.07,1132.42,1159.98,1101.75,0.34,3.8,746307,516647346.0,5.16,0.6
2018-02-08,1122.35,1128.85,1138.68,1119.54,-0.32,-3.57,464455,312960243.0,1.69,0.37
2018-02-09,1099.95,1064.53,1099.95,1054.22,-5.7,-64.32,646873,431189837.0,4.05,0.52
2018-02-12,1075.44,1088.42,1093.52,1070.7,2.24,23.89,347977,233225368.0,2.14,0.28
2018-02-13,1092.19,1090.33,1108.4,1089.04,0.18,1.91,287348,190604321.0,1.78,0.23
2018-02-14,1090.53,1092.09,1093.31,1085.01,0.16,1.76,206906,135646787.0,0.76,0.17
2018-02-22,1104.57,1115.36,1115.58,1099.79,2.13,23.27,406751,265925036.0,1.45,0.33
2018-02-23,1119.07,1117.74,1130.3,1110.86,0.21,2.38,365448,241929831.0,1.74,0.29
2018-02-26,1125.84,1141.11,1141.11,1116.5,2.09,23.37,445188,305227503.0,2.2,0.36
2018-02-27,1140.29,1135.35,1140.45,1130.75,-0.5,-5.76,443053,311519545.0,0.85,0.36
2018-02-28,1129.21,1130.69,1133.85,1118.31,-0.41,-4.66,368358,224699126.0,1.37,0.3
2018-03-01,1119.29,1143.18,1143.78,1116.67,1.1,12.49,549833,363094313.0,2.4,0.44
2018-03-02,1133.06,1128.22,1137.14,1128.0,-1.31,-14.96,379081,260064801.0,0.8,0.31
2018-03-05,1128.99,1122.3,1132.06,1119.55,-0.52,-5.92,282036,199621082.0,1.11,0.23
2018-03-06,1128.07,1140.54,1140.54,1128.07,1.63,18.24,402837,296060823.0,1.11,0.32
2018-03-07,1139.11,1139.37,1142.35,1134.82,-0.1,-1.17,557277,395525430.0,0.66,0.45
2018-03-08,1137.05,1145.03,1145.27,1133.97,0.5,5.66,392914,263285015.0,0.99,0.32
2018-03-09,1148.54,1157.09,1157.77,1139.14,1.05,12.06,469066,324241339.0,1.63,0.38
2018-03-12,1168.96,1172.72,1182.89,1168.66,1.35,15.63,691097,466088555.0,1.23,0.56
2018-03-13,1167.24,1174.33,1185.71,1163.83,0.14,1.61,597235,411265486.0,1.87,0.48
2018-03-14,1167.07,1180.0,1198.02,1161.98,0.48,5.67,555013,412989498.0,3.07,0.45
2018-03-15,1171.1,1166.71,1171.1,1151.89,-1.13,-13.29,445585,332319145.0,1.63,0.36
2018-03-16,1166.28,1157.36,1170.44,1155.21,-0.8,-9.35,432766,292111865.0,1.31,0.35
2018-03-19,1158.69,1166.37,1168.88,1151.9,0.78,9.01,325559,249681707.0,1.47,0.26
2018-03-20,1156.99,1170.75,1170.75,1150.42,0.38,4.38,396002,290572765.0,1.74,0.32
2018-03-21,1179.99,1159.49,1193.77,1158.57,-0.96,-11.26,592668,425028398.0,3.01,0.48
2018-03-22,1175.14,1173.37,1191.3,1170.01,1.2,13.88,812810,543028020.0,1.84,0.65
2018-03-23,1129.43,1080.04,1129.43,1074.96,-7.95,-93.33,919894,585797093.0,4.64,0.74
2018-03-26,1074.22,1094.37,1094.37,1072.37,1.33,14.33,467436,302099303.0,2.04,0.38
2018-03-27,1103.07,1113.0,1115.79,1102.18,1.7,18.63,540733,359343885.0,1.24,0.44
2018-03-28,1099.73,1097.11,1108.11,1094.63,-1.43,-15.89,448822,292523079.0,1.21,0.36
2018-03-29,1099.94,1113.39,1115.69,1099.36,1.48,16.28,419660,281115541.0,1.49,0.34
2018-03-30,1117.07,1129.17,1130.95,1114.92,1.42,15.78,387671,275896225.0,1.44,0.31
2018-04-02,1133.02,1134.13,1146.67,1130.74,0.44,4.96,490787,358093797.0,1.41,0.4
2018-04-03,1117.44,1169.2,1181.15,1106.23,3.09,35.07,836856,690902574.0,6.61,0.67
2018-04-04,1180.91,1147.68,1186.8,1147.1,-1.84,-21.52,741675,873300964.0,3.4,0.6
2018-04-09,1131.75,1149.81,1168.0,1118.43,0.19,2.13,568675,599198208.0,4.32,0.46
2018-04-10,1145.39,1142.23,1145.39,1129.23,-0.66,-7.58,496947,430548713.0,1.41,0.4
2018-04-11,1163.21,1159.41,1174.39,1155.05,1.5,17.18,1192954,779875222.0,1.69,0.96
2018-04-12,1163.54,1165.37,1174.1,1159.42,0.51,5.96,987249,645404799.0,1.27,0.79
2018-04-13,1162.92,1144.23,1164.51,1143.07,-1.81,-21.14,527397,369614678.0,1.84,0.42
2018-04-16,1152.31,1145.93,1165.19,1138.25,0.15,1.7,642747,423611501.0,2.35,0.52
2018-04-17,1139.24,1107.78,1140.8,1106.8,-3.33,-38.15,528415,333736970.0,2.97,0.43
2018-04-18,1113.99,1116.55,1118.33,1088.87,0.79,8.77,573484,350743830.0,2.66,0.46
2018-04-19,1122.35,1134.16,1147.35,1122.35,1.58,17.61,671809,449052092.0,2.24,0.54
2018-04-20,1126.71,1096.71,1126.71,1094.05,-3.3,-37.45,490335,311278222.0,2.88,0.39
2018-04-23,1090.29,1083.35,1096.9,1074.13,-1.22,-13.36,448570,263419419.0,2.08,0.36
2018-04-24,1085.77,1104.12,1104.46,1085.77,1.92,20.77,439051,274419304.0,1.73,0.35
2018-04-25,1097.35,1096.26,1098.11,1091.83,-0.71,-7.86,337145,207209407.0,0.57,0.27
2018-04-26,1097.46,1073.87,1098.62,1072.48,-2.04,-22.39,387022,233814789.0,2.38,0.31
2018-04-27,1067.95,1050.65,1069.56,1042.48,-2.16,-23.22,638033,423444224.0,2.52,0.51
2018-05-02,1049.15,1031.0,1049.38,1025.74,-1.87,-19.65,614797,350246466.0,2.25,0.49
2018-05-03,1029.37,1046.18,1046.59,1021.38,1.47,15.18,424624,237955418.0,2.45,0.34
2018-05-04,1042.24,1043.83,1049.26,1038.54,-0.22,-2.35,364435,205100296.0,1.02,0.29
2018-05-07,1047.39,1082.99,1088.81,1047.39,3.75,39.16,653745,435050786.0,3.97,0.53
2018-05-08,1079.69,1095.94,1095.94,1077.98,1.2,12.95,563211,348109092.0,1.66,0.45
2018-05-09,1100.35,1111.63,1133.02,1100.35,1.43,15.69,927362,633518050.0,2.98,0.75
2018-05-10,1140.92,1143.39,1157.98,1139.42,2.86,31.76,1204946,862063176.0,1.67,0.97
2018-05-11,1132.44,1128.44,1134.9,1120.21,-1.31,-14.95,686826,495564505.0,1.28,0.55
2018-05-14,1122.42,1115.94,1122.88,1108.87,-1.11,-12.5,483130,317584241.0,1.24,0.39
2018-05-15,1123.04,1133.13,1136.38,1121.32,1.54,17.19,556556,350483490.0,1.35,0.45
2018-05-16,1131.6,1134.94,1150.32,1127.49,0.16,1.81,791295,467099179.0,2.01,0.64
2018-05-17,1144.66,1187.28,1199.35,1143.83,4.61,52.34,1792025,1146966218.0,4.89,1.44
2018-05-18,1193.17,1306.23,1306.23,1184.25,10.02,118.95,3328655,2345090269.0,10.27,2.68
2018-05-21,1347.81,1309.38,1347.81,1293.58,0.24,3.15,3570907,2558754172.0,4.15,2.87
2018-05-22,1308.6,1307.71,1337.09,1297.79,-0.13,-1.67,2439652,1751478768.0,3.0,1.96
2018-05-23,1282.72,1248.36,1283.89,1244.87,-4.54,-59.35,1926830,1326094387.0,2.98,1.55
2018-05-24,1244.13,1240.03,1255.39,1236.74,-0.67,-8.33,1009069,702379878.0,1.49,0.81
2018-05-25,1239.89,1231.03,1250.08,1228.58,-0.73,-9.0,1005184,772307740.0,1.73,0.81
2018-05-28,1190.65,1179.18,1191.52,1171.41,-4.21,-51.85,1324751,840324543.0,1.63,1.07
2018-05-29,1178.87,1155.85,1194.51,1155.85,-1.98,-23.33,768628,509807653.0,3.28,0.62
2018-05-30,1138.61,1108.68,1145.35,1106.7,-4.08,-47.17,953585,608911960.0,3.34,0.77
2018-05-31,1136.93,1154.11,1167.14,1136.93,4.1,45.43,1266474,754709460.0,2.72,1.02
2018-06-01,1136.89,1150.3,1150.98,1125.23,-0.33,-3.81,969795,558071432.0,2.23,0.78
2018-06-04,1144.24,1128.24,1145.32,1123.12,-1.92,-22.06,834899,485875257.0,1.93,0.67
2018-06-05,1124.81,1147.15,1147.15,1121.74,1.68,18.91,567136,354750737.0,2.25,0.46
2018-06-06,1148.02,1170.04,1170.06,1137.05,2.0,22.89,722190,463134332.0,2.88,0.58
2018-06-07,1160.41,1142.66,1160.75,1142.66,-2.34,-27.38,637504,395919797.0,1.55,0.51
2018-06-08,1154.43,1134.55,1169.61,1128.27,-0.71,-8.11,743884,434980255.0,3.62,0.6
2018-06-11,1110.0,1098.16,1114.12,1095.27,-3.21,-36.39,538624,329497570.0,1.66,0.43
2018-06-12,1096.14,1108.93,1108.93,1083.9,0.98,10.77,529350,298910996.0,2.28,0.43
2018-06-13,1103.31,1075.92,1103.31,1066.17,-2.98,-33.01,587353,308506122.0,3.35,0.47
2018-06-14,1070.23,1070.02,1082.3,1065.56,-0.55,-5.9,438011,217065679.0,1.56,0.35
2018-06-15,1069.99,1032.27,1069.99,1021.98,-3.53,-37.75,560888,329549148.0,4.49,0.45
2018-06-19,1009.71,943.64,1015.08,931.36,-8.59,-88.63,813421,422669991.0,8.11,0.65
2018-06-20,931.82,944.69,958.12,920.54,0.11,1.05,758705,375303886.0,3.98,0.61
2018-06-21,944.43,915.28,958.47,914.63,-3.11,-29.41,599600,296403934.0,4.64,0.48
2018-06-22,908.73,936.79,937.11,892.91,2.35,21.51,460140,220234938.0,4.83,0.37
2018-06-25,966.05,968.98,988.76,963.98,3.44,32.19,1191845,498729399.0,2.65,0.96
2018-06-26,956.74,977.22,978.15,952.78,0.85,8.24,934277,397954838.0,2.62,0.75
2018-06-27,1003.37,1018.24,1038.74,1003.37,4.2,41.02,1654864,741787581.0,3.62,1.33
2018-06-28,1033.81,1003.58,1053.72,1003.58,-1.44,-14.66,1326890,600732904.0,4.92,1.07
2018-06-29,1006.69,1028.84,1032.18,988.31,2.52,25.26,991611,457534027.0,4.37,0.8
2018-07-02,1023.34,993.28,1023.34,983.88,-3.46,-35.56,813412,382714533.0,3.84,0.65
2018-07-03,997.24,1035.63,1035.63,996.36,4.26,42.35,1091096,516067591.0,3.95,0.88
2018-07-04,1042.15,1044.82,1054.91,1032.34,0.89,9.19,716528,369345569.0,2.18,0.58
2018-07-05,1047.06,987.54,1047.06,987.54,-5.48,-57.28,780879,486671779.0,5.7,0.63
2018-07-06,976.9,979.86,994.26,954.77,-0.78,-7.68,652679,356223481.0,4.0,0.53
2018-07-09,989.94,1030.07,1030.07,989.94,5.12,50.21,764465,511556797.0,4.1,0.62
2018-07-10,1025.24,1038.07,1038.22,1018.71,0.78,8.0,673391,442796482.0,1.89,0.54
2018-07-11,1013.38,1011.18,1013.38,986.68,-2.59,-26.89,610478,362213124.0,2.57,0.49
2018-07-12,994.83,1021.7,1022.6,994.83,1.04,10.52,659579,377399193.0,2.75,0.53
2018-07-13,1014.37,1003.99,1015.33,1001.42,-1.73,-17.71,456391,255778076.0,1.36,0.37
2018-07-16,1003.21,1007.16,1009.18,1000.95,0.32,3.17,306535,171272903.0,0.82,0.25
2018-07-17,991.58,999.2,1001.67,986.55,-0.79,-7.96,357881,216951309.0,1.5,0.29
2018-07-18,996.73,993.9,1005.97,992.84,-0.53,-5.3,353660,197243858.0,1.31,0.28
2018-07-19,994.52,970.35,997.65,968.93,-2.37,-23.55,368771,196420783.0,2.89,0.3
2018-07-20,971.13,991.82,993.97,971.13,2.21,21.47,350000,215692315.0,2.35,0.28
2018-07-23,988.3,994.39,994.39,981.79,0.26,2.57,387606,218844951.0,1.27,0.31
2018-07-24,992.84,1019.68,1020.0,992.59,2.54,25.29,712479,387113339.0,2.76,0.57
2018-07-25,1026.82,1028.94,1032.75,1021.53,0.91,9.26,573269,330256742.0,1.1,0.46
2018-07-26,1029.55,1047.0,1053.48,1022.25,1.76,18.06,1233193,550424557.0,3.04,0.99
2018-07-27,1041.58,1025.67,1041.58,1025.14,-2.04,-21.33,822684,368621950.0,1.57,0.66
2018-07-30,1024.99,1027.25,1038.58,1013.24,0.15,1.58,671965,345340398.0,2.47,0.54
2018-07-31,1035.35,1062.95,1072.64,1035.35,3.48,35.7,1232339,695984250.0,3.63,0.99
2018-08-01,1050.77,1018.3,1050.77,1018.3,-4.2,-44.65,777362,442843053.0,3.05,0.63
2018-08-02,1015.35,1003.41,1015.35,967.33,-1.46,-14.89,858441,439039966.0,4.72,0.69
2018-08-03,999.56,1011.22,1029.73,999.56,0.78,7.81,848078,422907417.0,3.01,0.68
2018-08-06,1009.44,997.32,1009.44,980.06,-1.37,-13.9,627568,329490514.0,2.91,0.51
2018-08-07,1007.94,1061.26,1062.94,1007.94,6.41,63.94,1514804,735485851.0,5.51,1.22
2018-08-08,1096.07,1096.51,1130.85,1089.52,3.32,35.25,3158579,1897091706.0,3.89,2.54
2018-08-09,1066.6,1099.82,1106.07,1052.61,0.3,3.31,1865961,1124416704.0,4.88,1.5
2018-08-10,1087.37,1101.63,1109.48,1082.31,0.16,1.81,1332153,863149262.0,2.47,1.07
2018-08-13,1084.44,1092.08,1098.05,1077.93,-0.87,-9.55,870107,521740968.0,1.83,0.7
2018-08-14,1091.3,1117.46,1125.82,1086.12,2.32,25.38,1585273,914234014.0,3.64,1.28
2018-08-15,1107.14,1097.2,1110.25,1092.28,-1.81,-20.26,1025886,609290704.0,1.61,0.83
2018-08-16,1074.56,1072.36,1092.62,1065.02,-2.26,-24.84,1008606,647760613.0,2.52,0.81
2018-08-17,1078.89,1050.85,1084.67,1050.85,-2.01,-21.51,795662,482377185.0,3.15,0.64
2018-08-20,1060.81,1053.68,1060.81,1034.64,0.27,2.83,992848,557227331.0,2.49,0.8
2018-08-21,1048.83,1067.9,1071.44,1048.83,1.35,14.22,789340,444782316.0,2.15,0.64
2018-08-22,1067.87,1066.47,1082.34,1060.15,-0.13,-1.43,638558,357255096.0,2.08,0.51
2018-08-23,1081.96,1080.22,1101.3,1069.0,1.29,13.75,978523,551406252.0,3.03,0.79
2018-08-24,1074.83,1087.2,1087.46,1065.59,0.65,6.98,813892,476729812.0,2.02,0.66
2018-08-27,1089.07,1116.56,1116.56,1087.51,2.7,29.36,994514,608880088.0,2.67,0.8
2018-08-28,1109.39,1103.56,1118.4,1097.7,-1.16,-13.0,725469,435017254.0,1.85,0.58
2018-08-29,1102.34,1098.4,1104.77,1095.06,-0.47,-5.16,524318,325051728.0,0.88,0.42
2018-08-30,1104.49,1088.0,1116.49,1084.87,-0.95,-10.4,615099,370604603.0,2.88,0.5
2018-08-31,1086.76,1056.81,1086.76,1054.4,-2.87,-31.19,769846,438629287.0,2.97,0.62
2018-09-03,1051.2,1074.65,1077.35,1051.2,1.69,17.84,689425,416325914.0,2.47,0.55
2018-09-04,1076.91,1099.9,1102.39,1076.91,2.35,25.25,825338,517484597.0,2.37,0.66
2018-09-05,1097.95,1098.44,1113.86,1093.88,-0.13,-1.46,869875,535522996.0,1.82,0.7
2018-09-06,1136.48,1124.29,1149.49,1120.83,2.35,25.85,965486,575398148.0,2.61,0.78
2018-09-07,1147.3,1160.61,1169.1,1147.3,3.23,36.32,1709752,957778023.0,1.94,1.38
2018-09-10,1164.53,1132.15,1168.89,1130.66,-2.45,-28.46,2265371,1085708682.0,3.29,1.82
2018-09-11,1124.45,1185.55,1188.63,1120.54,4.72,53.4,2374339,1328297668.0,6.01,1.91
2018-09-12,1190.4,1182.16,1200.3,1170.72,-0.29,-3.39,1909321,1048995348.0,2.5,1.54
2018-09-13,1186.29,1208.59,1237.88,1186.29,2.24,26.43,2400990,1412210038.0,4.36,1.93
2018-09-14,1201.78,1187.66,1208.18,1179.79,-1.73,-20.93,1578703,915383451.0,2.35,1.27
2018-09-17,1188.04,1202.32,1211.7,1176.46,1.23,14.66,1228694,777210488.0,2.97,0.99
2018-09-18,1187.98,1198.68,1199.23,1171.1,-0.3,-3.64,1215702,811684559.0,2.34,0.98
2018-09-19,1195.08,1246.54,1258.13,1190.83,3.99,47.86,2006814,1292269823.0,5.61,1.62
2018-09-20,1242.34,1225.89,1242.34,1217.54,-1.66,-20.65,1185427,767410443.0,1.99,0.95
2018-09-21,1221.97,1221.64,1222.18,1205.51,-0.35,-4.25,950257,597598533.0,1.36,0.76
2018-09-25,1238.37,1232.5,1262.11,1231.55,0.89,10.86,1274823,835920689.0,2.5,1.03
2018-09-26,1228.81,1236.62,1258.1,1228.81,0.33,4.12,1152183,779741884.0,2.38,0.93
2018-09-27,1231.64,1199.63,1231.64,1198.39,-2.99,-36.99,928428,595023431.0,2.69,0.75
2018-09-28,1201.82,1210.58,1210.58,1192.52,0.91,10.95,667145,430688526.0,1.51,0.54
2018-10-08,1201.18,1203.8,1238.19,1198.94,-0.56,-6.78,1089360,753228381.0,3.24,0.88
2018-10-09,1208.82,1253.74,1257.61,1205.47,4.15,49.94,1474594,1015395591.0,4.33,1.19
2018-10-10,1247.56,1245.85,1250.44,1231.25,-0.63,-7.89,1064012,757006435.0,1.53,0.86
2018-10-11,1177.87,1121.36,1181.6,1121.36,-9.99,-124.49,1485059,940265079.0,4.84,1.2
2018-10-12,1091.18,1097.98,1109.73,1035.12,-2.08,-23.38,1304903,794947607.0,6.65,1.05
2018-10-15,1094.24,1081.16,1105.21,1079.28,-1.53,-16.82,847908,486018192.0,2.36,0.68
2018-10-16,1079.32,1065.83,1095.46,1058.94,-1.42,-15.33,832312,472265858.0,3.38,0.67
2018-10-17,1081.71,1047.27,1086.69,1018.99,-1.74,-18.56,988342,580405193.0,6.35,0.8
2018-10-18,1022.39,992.34,1024.47,990.2,-5.25,-54.93,787674,411042219.0,3.27,0.63
2018-10-19,965.75,1012.75,1015.26,959.97,2.06,20.41,924920,488331218.0,5.57,0.74
2018-10-22,1018.38,1057.29,1065.16,1018.38,4.4,44.54,930747,537926376.0,4.62,0.75
2018-10-23,1056.92,1048.64,1064.48,1034.51,-0.82,-8.65,796499,464359836.0,2.83,0.64
2018-10-24,1008.54,1017.83,1031.17,1003.89,-2.94,-30.81,1007658,569100488.0,2.6,0.81
2018-10-25,985.14,1013.47,1016.76,977.54,-0.43,-4.36,764464,419348914.0,3.85,0.62
2018-10-26,1020.49,1015.2,1030.48,1009.48,0.17,1.73,550518,304942087.0,2.07,0.44
2018-10-29,1017.36,1006.4,1020.36,999.41,-0.87,-8.8,386147,215080771.0,2.06,0.31
2018-10-30,998.41,1014.47,1020.23,990.98,0.8,8.07,529005,286816656.0,2.91,0.43
2018-10-31,1013.09,1025.28,1033.73,1005.66,1.07,10.81,650565,357220781.0,2.77,0.52
2018-11-01,1017.89,1020.13,1033.15,1016.59,-0.5,-5.15,697385,379752042.0,1.62,0.56
2018-11-02,1020.61,1039.72,1039.82,1012.46,1.92,19.59,1038700,587142478.0,2.68,0.84
2018-11-05,1031.42,1075.59,1076.42,1027.96,3.45,35.87,1203894,675092192.0,4.66,0.97
2018-11-06,1066.73,1066.17,1077.06,1058.36,-0.88,-9.42,916392,541252783.0,1.74,0.74
2018-11-07,1059.42,1053.07,1067.97,1052.66,-1.23,-13.1,544307,319692917.0,1.44,0.44
2018-11-08,1059.36,1063.01,1076.07,1056.38,0.94,9.94,728622,435564531.0,1.87,0.59
2018-11-09,1053.35,1042.77,1053.35,1042.77,-1.9,-20.24,471101,272252723.0,1.0,0.38
2018-11-12,1039.9,1062.68,1062.92,1037.14,1.91,19.91,615583,346892006.0,2.47,0.5
2018-11-13,1044.34,1065.44,1071.37,1043.63,0.26,2.76,967838,516498864.0,2.61,0.78
2018-11-14,1035.47,1031.04,1038.96,1024.83,-3.23,-34.4,1477360,802727324.0,1.33,1.19
2018-11-15,1033.92,1044.97,1046.17,1027.12,1.35,13.93,953361,527141079.0,1.85,0.77
2018-11-16,1044.98,1041.48,1047.67,1037.0,-0.33,-3.49,797480,435727727.0,1.02,0.64
2018-11-19,1042.05,1058.69,1059.13,1037.21,1.65,17.21,729791,440889692.0,2.1,0.59
2018-11-20,1051.83,1026.62,1055.15,1025.85,-3.03,-32.07,622743,350814971.0,2.77,0.5
2018-11-21,995.93,1019.55,1020.23,991.56,-0.69,-7.07,959219,522648146.0,2.79,0.77
2018-11-22,1021.72,1017.88,1032.48,1014.26,-0.16,-1.67,606139,347103925.0,1.79,0.49
2018-11-23,1013.54,968.96,1013.54,968.96,-4.81,-48.92,685599,366596061.0,4.38,0.55
2018-11-26,948.74,958.0,959.49,948.74,-1.13,-10.96,638956,321594762.0,1.11,0.51
2018-11-27,967.1,959.83,970.82,955.06,0.19,1.83,421662,211636844.0,1.65,0.34
2018-11-28,959.41,973.58,974.46,945.32,1.43,13.75,454167,227275547.0,3.04,0.37
2018-11-29,971.4,954.78,982.35,953.93,-1.93,-18.8,561117,276784563.0,2.92,0.45
2018-11-30,958.23,964.9,974.15,948.57,1.06,10.12,531862,268603748.0,2.68,0.43
2018-12-03,996.24,999.92,1012.8,984.46,3.63,35.02,975812,511664947.0,2.94,0.79
2018-12-04,998.34,1018.28,1018.78,995.99,1.84,18.36,808451,442483154.0,2.28,0.65
2018-12-05,996.57,1007.55,1012.33,992.69,-1.05,-10.73,799044,447494494.0,1.93,0.64
2018-12-06,1001.17,987.85,1008.81,985.8,-1.96,-19.7,524566,302514656.0,2.28,0.42
2018-12-07,983.36,986.58,989.36,982.41,-0.13,-1.27,346408,198007054.0,0.7,0.28
2018-12-10,995.02,994.05,1005.36,989.83,0.76,7.47,557038,326300057.0,1.57,0.45
2018-12-11,986.67,980.11,988.45,976.58,-1.4,-13.94,443474,244390823.0,1.19,0.36
2018-12-12,985.19,980.98,986.56,974.59,0.09,0.87,367674,190943790.0,1.22,0.3
2018-12-13,981.89,985.75,991.27,975.19,0.49,4.77,501128,265852225.0,1.64,0.4
2018-12-14,989.21,966.16,990.29,966.16,-1.99,-19.59,466400,245400430.0,2.45,0.38
2018-12-17,961.33,960.57,961.33,947.86,-0.58,-5.59,397884,210563455.0,1.39,0.32
2018-12-18,947.4,947.18,954.68,940.58,-1.39,-13.39,375058,193912082.0,1.47,0.3
2018-12-19,937.64,926.91,939.09,920.75,-2.14,-20.27,512035,250298406.0,1.94,0.41
2018-12-20,928.3,928.45,935.76,924.1,0.17,1.54,340551,174588565.0,1.26,0.27
2018-12-21,923.97,926.56,926.7,917.8,-0.2,-1.89,330214,159355590.0,0.96,0.27
2018-12-24,927.45,932.32,934.17,924.5,0.62,5.76,340145,160506859.0,1.04,0.27
2018-12-25,918.09,902.86,918.09,888.12,-3.16,-29.46,609557,293752116.0,3.21,0.49
2018-12-26,903.56,897.54,906.8,896.59,-0.59,-5.32,286711,142644489.0,1.13,0.23
2018-12-27,937.45,903.17,942.46,903.17,0.63,5.63,883870,469864383.0,4.38,0.71
2018-12-28,894.15,890.68,895.12,886.85,-1.38,-12.49,533880,279017657.0,0.92,0.43
2019-01-02,891.97,879.78,892.46,877.13,-1.22,-10.9,362263,174035860.0,1.72,0.29
2019-01-03,884.74,880.72,888.88,877.72,0.11,0.94,368178,175637633.0,1.27,0.3
2019-01-04,875.0,900.56,900.66,868.97,2.25,19.84,598802,280468061.0,3.6,0.48
2019-01-07,907.33,917.91,917.91,900.23,1.93,17.35,633961,298095228.0,1.96,0.51
2019-01-08,913.51,919.21,924.98,909.92,0.14,1.3,484226,241639766.0,1.64,0.39
2019-01-09,923.8,922.55,934.99,920.99,0.36,3.34,598900,300669286.0,1.52,0.48
2019-01-10,942.28,931.95,948.92,930.03,1.02,9.4,757555,379431932.0,2.05,0.61
2019-01-11,929.0,936.49,936.8,925.54,0.49,4.54,454145,221076164.0,1.21,0.37
2019-01-14,933.52,921.78,935.69,921.45,-1.57,-14.71,385542,186262026.0,1.52,0.31
2019-01-15,922.45,935.45,935.45,921.15,1.48,13.67,380279,184729350.0,1.55,0.31
2019-01-16,937.36,938.33,942.22,935.45,0.31,2.88,419698,200962974.0,0.72,0.34
2019-01-17,939.57,929.51,942.19,927.61,-0.94,-8.82,492890,210017135.0,1.55,0.4
2019-01-18,931.85,945.64,945.64,930.5,1.74,16.13,553569,260659232.0,1.63,0.45
2019-01-21,950.95,952.07,958.01,947.17,0.68,6.43,569513,276240745.0,1.15,0.46
2019-01-22,951.47,933.01,951.47,930.12,-2.0,-19.06,490142,231490189.0,2.24,0.39
2019-01-23,930.56,936.75,936.75,928.23,0.4,3.74,439461,208570606.0,0.91,0.35
2019-01-24,934.69,935.54,938.4,926.38,-0.13,-1.21,498281,242396098.0,1.28,0.4
2019-01-25,934.76,917.67,936.72,917.67,-1.91,-17.87,611976,306461302.0,2.04,0.49
2019-01-28,928.42,913.72,931.27,912.41,-0.43,-3.95,534489,266211262.0,2.06,0.43
2019-01-29,907.67,894.26,907.67,882.29,-2.13,-19.46,547421,257948798.0,2.78,0.44
2019-01-30,892.68,889.9,898.25,888.47,-0.49,-4.36,419080,192576706.0,1.09,0.34
2019-01-31,878.88,868.45,887.24,865.3,-2.41,-21.45,674468,273960723.0,2.47,0.54
2019-02-01,872.94,885.61,885.61,871.0,1.98,17.16,519893,237253565.0,1.68,0.42
2019-02-11,887.52,903.9,904.47,887.52,2.07,18.29,521100,246720243.0,1.91,0.42
2019-02-12,903.43,916.56,918.37,901.4,1.4,12.66,541130,267826054.0,1.88,0.44
2019-02-13,920.82,929.49,930.65,916.21,1.41,12.93,750529,380106584.0,1.58,0.6
2019-02-14,931.86,936.31,939.77,929.41,0.73,6.82,664158,342957707.0,1.11,0.53
2019-02-15,937.83,937.78,945.31,935.99,0.16,1.47,652234,322428573.0,1.0,0.52
2019-02-18,948.77,968.35,970.08,948.77,3.26,30.57,1086741,501148057.0,2.27,0.87
2019-02-19,967.51,980.76,982.14,965.84,1.28,12.41,1104164,562436458.0,1.68,0.89
2019-02-20,975.93,975.09,981.56,966.58,-0.58,-5.67,744548,370626054.0,1.53,0.6
2019-02-21,981.36,974.38,990.57,970.64,-0.07,-0.71,890719,471364259.0,2.04,0.72
2019-02-22,972.83,990.71,990.93,971.17,1.68,16.33,755055,420263938.0,2.03,0.61
2019-02-25,994.37,1040.08,1040.13,993.94,4.98,49.37,1489977,845015913.0,4.66,1.2
2019-02-26,1043.1,1030.73,1044.97,1022.0,-0.9,-9.35,1653232,922482499.0,2.21,1.33
2019-02-27,1024.72,1016.35,1033.86,1008.97,-1.4,-14.38,1069693,590168619.0,2.41,0.86
2019-02-28,1026.47,1029.4,1034.57,1018.91,1.28,13.05,948922,530715288.0,1.54,0.76
2019-03-01,1032.9,1037.12,1037.24,1021.75,0.75,7.72,805312,457602348.0,1.5,0.65
2019-03-04,1036.16,1042.49,1056.25,1034.26,0.52,5.37,1525682,866115111.0,2.12,1.23
2019-03-05,1042.61,1053.95,1054.07,1037.0,1.1,11.46,1247530,691868471.0,1.64,1.0
2019-03-06,1054.69,1078.67,1080.37,1050.24,2.35,24.72,1556169,887575556.0,2.86,1.25
2019-03-07,1075.63,1085.97,1094.53,1065.28,0.68,7.3,1497063,832337550.0,2.71,1.2
2019-03-08,1069.98,1020.66,1069.98,1020.66,-6.01,-65.31,1414875,790625776.0,4.54,1.14
2019-03-11,1023.86,1057.57,1057.78,1023.86,3.62,36.91,944145,564437230.0,3.32,0.76
2019-03-12,1068.34,1071.54,1085.55,1056.01,1.32,13.97,1371293,799048694.0,2.79,1.1
2019-03-13,1077.55,1069.09,1092.62,1065.27,-0.23,-2.45,1509480,849374021.0,2.55,1.21
2019-03-14,1072.02,1056.1,1095.65,1047.61,-1.22,-12.99,1537414,832110219.0,4.49,1.24
2019-03-15,1061.86,1079.17,1087.69,1060.6,2.18,23.07,1536463,829568748.0,2.57,1.24
2019-03-18,1079.86,1119.31,1119.31,1079.86,3.72,40.14,1844324,992261261.0,3.66,1.48
2019-03-19,1152.76,1164.48,1164.52,1146.04,4.04,45.17,2234992,1325892378.0,1.65,1.8
2019-03-20,1168.72,1151.32,1169.32,1139.79,-1.13,-13.16,3921403,1927161215.0,2.54,3.16
2019-03-21,1149.6,1147.98,1161.46,1141.86,-0.29,-3.34,3003120,1460604127.0,1.7,2.42
2019-03-22,1141.67,1125.54,1141.67,1110.87,-1.95,-22.44,1818356,894997989.0,2.68,1.46
2019-03-25,1102.07,1107.37,1114.79,1095.87,-1.61,-18.17,1389916,702377757.0,1.68,1.12
2019-03-26,1112.65,1086.38,1121.41,1086.38,-1.9,-20.99,1506619,806112789.0,3.16,1.21
2019-03-27,1096.88,1104.34,1105.14,1080.02,1.65,17.96,1475392,837956503.0,2.31,1.19
2019-03-28,1093.83,1080.97,1101.71,1080.97,-2.12,-23.37,1065473,592358433.0,1.88,0.86
2019-03-29,1076.77,1094.29,1101.3,1068.5,1.23,13.32,1974076,991240355.0,3.03,1.59
2019-04-01,1106.71,1140.28,1140.28,1106.71,4.2,45.99,1982186,1087274757.0,3.07,1.6
2019-04-02,1155.93,1140.19,1160.23,1134.07,-0.01,-0.09,1701150,958746415.0,2.29,1.37
2019-04-03,1142.01,1190.72,1197.55,1139.55,4.43,50.53,2134832,1300850515.0,5.09,1.72
2019-04-04,1181.6,1197.89,1198.05,1164.73,0.6,7.17,1801096,1121451876.0,2.8,1.45
2019-04-08,1209.6,1197.23,1213.82,1178.43,-0.06,-0.66,1818485,1109100866.0,2.95,1.46
2019-04-09,1205.45,1199.39,1210.41,1189.95,0.18,2.16,1434412,864696467.0,1.71,1.15
2019-04-10,1187.1,1174.81,1187.7,1171.09,-2.05,-24.58,1129444,689916201.0,1.38,0.91
2019-04-11,1177.47,1147.61,1182.8,1147.61,-2.32,-27.2,1161594,686666029.0,3.0,0.93
2019-04-12,1146.75,1155.62,1155.62,1139.62,0.7,8.01,779391,444375625.0,1.39,0.63
2019-04-15,1184.16,1155.4,1187.85,1153.52,-0.02,-0.22,1006320,587460387.0,2.97,0.81
2019-04-16,1168.09,1181.53,1183.2,1153.56,2.26,26.13,1188208,954204719.0,2.57,0.96
2019-04-17,1176.8,1185.29,1194.76,1176.2,0.32,3.76,1194210,794342705.0,1.57,0.96
2019-04-18,1177.14,1168.42,1187.81,1165.52,-1.42,-16.87,930297,600996185.0,1.88,0.75
2019-04-19,1162.24,1178.12,1178.74,1156.96,0.83,9.7,803311,502868921.0,1.86,0.65
2019-04-22,1193.12,1230.84,1258.12,1193.12,4.47,52.72,2716014,1676992603.0,5.52,2.19
2019-04-23,1247.52,1204.52,1256.35,1200.5,-2.14,-26.32,2831801,1588307483.0,4.54,2.28
2019-04-24,1189.67,1190.43,1194.14,1175.3,-1.17,-14.09,1736734,954254680.0,1.56,1.4
2019-04-25,1191.77,1136.82,1191.77,1134.08,-4.5,-53.61,1492916,848142422.0,4.85,1.2
2019-04-26,1124.79,1113.28,1129.58,1110.0,-2.07,-23.54,974269,550220500.0,1.72,0.78
2019-04-29,1111.86,1069.5,1114.24,1065.94,-3.93,-43.78,1208458,642898727.0,4.34,0.97
2019-04-30,1073.48,1091.05,1094.74,1073.48,2.01,21.55,591963,351139456.0,1.99,0.48
2019-05-06,1050.35,1011.59,1053.03,1008.66,-7.28,-79.46,839200,502757334.0,4.07,0.68
2019-05-07,1021.84,1035.9,1035.9,1014.04,2.4,24.31,528909,306017100.0,2.16,0.43
2019-05-08,1019.85,1023.96,1032.49,1010.11,-1.15,-11.94,461410,255844147.0,2.16,0.37
2019-05-09,1019.57,1013.96,1024.02,1012.38,-0.98,-10.0,446877,238995878.0,1.14,0.36
2019-05-10,1037.62,1052.35,1053.3,1023.98,3.79,38.39,831211,423956261.0,2.89,0.67
2019-05-13,1055.8,1068.62,1078.32,1052.35,1.55,16.27,1595717,766095334.0,2.47,1.28
2019-05-14,1045.26,1051.3,1064.48,1045.26,-1.62,-17.32,982797,489639166.0,1.8,0.79
2019-05-15,1061.95,1075.76,1081.19,1055.14,2.33,24.46,1103447,582282663.0,2.48,0.89
2019-05-16,1069.04,1085.02,1085.02,1067.05,0.86,9.26,846906,437693294.0,1.67,0.68
2019-05-17,1088.32,1037.32,1088.32,1033.55,-4.4,-47.7,924413,448394085.0,5.05,0.74
2019-05-20,1038.85,1039.74,1040.39,1014.89,0.23,2.42,708468,334616909.0,2.46,0.57
2019-05-21,1035.96,1059.8,1060.86,1035.06,1.93,20.06,674655,343357551.0,2.48,0.54
2019-05-22,1064.82,1047.92,1064.82,1044.06,-1.12,-11.88,678316,322692777.0,1.96,0.55
2019-05-23,1035.86,1023.27,1035.86,1015.88,-2.35,-24.65,655776,347461984.0,1.91,0.53
2019-05-24,1002.57,1005.48,1014.01,1002.57,-1.74,-17.79,543619,268091218.0,1.12,0.44
2019-05-27,1008.22,1024.36,1026.85,1006.65,1.88,18.88,404770,203991390.0,2.01,0.33
2019-05-28,1025.74,1025.93,1033.73,1020.34,0.15,1.57,485107,249899610.0,1.31,0.39
2019-05-29,1019.81,1025.66,1032.34,1018.83,-0.03,-0.27,409851,210120382.0,1.32,0.33
2019-05-30,1055.24,1104.54,1105.82,1055.24,7.69,78.88,1318385,884166554.0,4.93,1.06
2019-05-31,1139.15,1142.62,1158.04,1139.15,3.45,38.08,1221507,925410507.0,1.71,0.98
2019-06-03,1139.32,1104.02,1149.47,1099.42,-3.38,-38.6,2833534,1644567872.0,4.38,2.28
2019-06-04,1091.8,1067.76,1091.8,1053.36,-3.28,-36.26,1656519,900808423.0,3.48,1.33
2019-06-05,1074.0,1083.54,1105.74,1063.22,1.48,15.78,1420680,819297883.0,3.98,1.14
2019-06-06,1063.93,1036.64,1063.93,1030.46,-4.33,-46.9,1116094,603613549.0,3.09,0.9
2019-06-10,1035.68,1058.17,1066.2,1017.3,2.08,21.53,952962,519377306.0,4.72,0.77
2019-06-11,1050.06,1077.99,1077.99,1043.42,1.87,19.82,1227629,673234370.0,3.27,0.99
2019-06-12,1064.7,1081.18,1089.27,1058.54,0.3,3.19,1110301,664679002.0,2.85,0.89
2019-06-13,1066.71,1104.96,1104.96,1060.82,2.2,23.78,1175215,666841892.0,4.08,0.95
2019-06-14,1093.4,1056.71,1093.4,1056.28,-4.37,-48.25,1072760,581317983.0,3.36,0.86
2019-06-17,1050.24,1048.99,1059.68,1042.95,-0.73,-7.72,550642,316123088.0,1.58,0.44
2019-06-18,1043.66,1035.28,1046.48,1033.07,-1.31,-13.71,456743,270402081.0,1.28,0.37
2019-06-19,1058.86,1042.0,1063.74,1041.33,0.65,6.72,626136,337104011.0,2.16,0.5
2019-06-20,1043.95,1069.23,1071.66,1037.79,2.61,27.23,979888,510894760.0,3.25,0.79
2019-06-21,1092.82,1093.15,1104.78,1080.04,2.24,23.92,1479266,795901692.0,2.31,1.19
2019-06-24,1087.7,1089.0,1089.01,1077.85,-0.38,-4.15,751966,406975010.0,1.02,0.61
2019-06-25,1085.49,1102.62,1110.83,1067.79,1.25,13.62,1233907,720394773.0,3.95,0.99
2019-06-26,1099.08,1129.55,1140.77,1092.49,2.44,26.93,1552641,988991707.0,4.38,1.25
2019-06-27,1129.99,1106.94,1129.99,1102.01,-2.0,-22.61,1167182,711848456.0,2.48,0.94
2019-06-28,1102.23,1082.79,1102.23,1075.66,-2.18,-24.15,659270,387079908.0,2.4,0.53
2019-07-01,1099.14,1109.7,1110.05,1089.85,2.49,26.91,991788,577959868.0,1.87,0.8
2019-07-02,1099.35,1111.16,1111.6,1093.27,0.13,1.46,837387,528335399.0,1.65,0.67
2019-07-03,1092.1,1080.91,1092.1,1080.64,-2.72,-30.25,719078,421018589.0,1.03,0.58
2019-07-04,1084.54,1080.82,1089.6,1074.04,-0.01,-0.09,552971,326279765.0,1.44,0.45
2019-07-05,1080.06,1078.38,1083.75,1074.16,-0.23,-2.44,512833,280240568.0,0.89,0.41
2019-07-08,1076.09,1038.97,1076.09,1037.93,-3.65,-39.41,751980,423189879.0,3.54,0.61
2019-07-09,1039.61,1040.86,1043.08,1027.81,0.18,1.89,412459,222446397.0,1.47,0.33
2019-07-10,1041.48,1043.58,1044.83,1034.31,0.26,2.72,362561,207973834.0,1.01,0.29
2019-07-11,1062.17,1058.98,1073.68,1051.71,1.48,15.4,804616,425602916.0,2.11,0.65
2019-07-12,1051.01,1059.33,1059.33,1046.12,0.03,0.35,462698,277877303.0,1.25,0.37
2019-07-15,1050.12,1059.21,1063.64,1033.32,-0.01,-0.12,560638,370068689.0,2.86,0.45
2019-07-16,1065.96,1070.08,1078.35,1062.13,1.03,10.87,378818,290874347.0,1.53,0.3
2019-07-17,1086.03,1084.4,1089.01,1082.83,1.34,14.32,379164,238202775.0,0.58,0.31
2019-07-18,1096.66,1100.46,1109.91,1092.53,1.48,16.06,447381,277695379.0,1.6,0.36
2019-07-19,1121.81,1118.39,1129.11,1117.98,1.63,17.93,473065,256348021.0,1.01,0.38
2019-07-22,1136.77,1121.1,1145.44,1115.47,0.24,2.71,600757,330798643.0,2.68,0.48
2019-07-23,1141.4,1155.78,1157.76,1141.4,3.09,34.68,466767,313384366.0,1.46,0.38
2019-07-24,1177.72,1187.5,1195.39,1174.63,2.74,31.72,656370,388291190.0,1.8,0.53
2019-07-25,1201.77,1158.5,1203.8,1151.58,-2.44,-29.0,843356,1316760724.0,4.4,0.68
2019-07-26,1173.52,1157.76,1173.52,1155.14,-0.06,-0.74,671094,1036329537.0,1.59,0.54
2019-07-29,1156.5,1130.32,1156.5,1127.49,-2.37,-27.44,612122,852618183.0,2.51,0.49
2019-07-30,1128.86,1127.02,1130.47,1123.65,-0.29,-3.3,521984,593524718.0,0.6,0.42
2019-07-31,1118.0,1114.17,1123.27,1113.68,-1.14,-12.85,468727,508454045.0,0.85,0.38
2019-08-01,1110.68,1106.18,1117.85,1103.58,-0.72,-7.99,522099,518662815.0,1.28,0.42
2019-08-02,1070.74,1070.18,1073.31,1061.79,-3.25,-36.0,662443,580097169.0,1.04,0.53
2019-08-05,1068.18,1058.25,1074.95,1058.25,-1.11,-11.93,417776,385065795.0,1.56,0.34
2019-08-06,1036.7,1024.44,1039.03,1000.83,-3.19,-33.81,680806,538552051.0,3.61,0.55
2019-08-07,1027.7,1029.46,1045.57,1018.61,0.49,5.02,545913,497853417.0,2.63,0.44
2019-08-08,1025.39,1036.63,1043.55,1025.39,0.7,7.17,369870,326520332.0,1.76,0.3
2019-08-09,1049.47,1024.11,1049.47,1022.78,-1.21,-12.52,484680,407122515.0,2.57,0.39
2019-08-12,1027.22,1043.31,1043.31,1023.6,1.87,19.2,447599,322349450.0,1.92,0.36
2019-08-13,1035.84,1039.99,1041.3,1032.74,-0.32,-3.32,304506,263886296.0,0.82,0.25
2019-08-14,1057.86,1046.07,1057.86,1043.41,0.58,6.08,394717,354751979.0,1.39,0.32
2019-08-15,1015.86,1036.86,1037.56,1012.59,-0.88,-9.21,390865,311514724.0,2.39,0.31
2019-08-16,1038.48,1049.24,1055.31,1036.47,1.19,12.38,411719,479284397.0,1.82,0.33
2019-08-19,1049.97,1068.88,1068.88,1049.97,1.87,19.64,551764,484221654.0,1.8,0.44
2019-08-20,1065.63,1065.79,1068.75,1059.55,-0.29,-3.09,544142,520047401.0,0.86,0.44
2019-08-21,1062.76,1056.14,1071.38,1054.48,-0.91,-9.65,406401,443345475.0,1.59,0.33
2019-08-22,1057.82,1061.39,1071.23,1050.01,0.5,5.25,687427,513165040.0,2.01,0.55
2019-08-23,1057.58,1045.94,1057.58,1045.25,-1.46,-15.45,490480,388336001.0,1.16,0.39
2019-08-26,1027.02,1054.06,1058.7,1026.98,0.78,8.12,495044,490030503.0,3.03,0.4
2019-08-27,1060.88,1064.66,1075.05,1060.88,1.01,10.6,685315,855936433.0,1.34,0.55
2019-08-28,1070.23,1069.93,1071.93,1064.5,0.49,5.27,619455,532731409.0,0.7,0.5
2019-08-29,1067.15,1062.94,1069.67,1057.9,-0.65,-6.99,602448,491547141.0,1.1,0.48
2019-08-30,1068.1,1048.36,1070.66,1045.97,-1.37,-14.58,545610,430241133.0,2.32,0.44
2019-09-02,1043.98,1062.69,1062.77,1043.98,1.37,14.33,486826,361623077.0,1.79,0.39
2019-09-03,1062.22,1056.66,1062.37,1051.77,-0.57,-6.03,375979,297561619.0,1.0,0.3
2019-09-04,1056.92,1080.02,1080.47,1053.58,2.21,23.36,553557,514335871.0,2.54,0.45
2019-09-05,1086.79,1087.41,1093.61,1081.99,0.68,7.39,821184,638548424.0,1.08,0.66
2019-09-06,1088.14,1084.68,1090.0,1080.19,-0.25,-2.73,522788,414467655.0,0.9,0.42
2019-09-09,1093.15,1099.86,1099.86,1084.17,1.4,15.18,556180,442549918.0,1.45,0.45
2019-09-10,1101.41,1105.17,1114.43,1099.54,0.48,5.31,710874,576349382.0,1.35,0.57
2019-09-11,1104.44,1094.01,1107.38,1093.87,-1.01,-11.16,573151,433817734.0,1.22,0.46
2019-09-12,1095.48,1105.51,1105.58,1086.32,1.05,11.5,553889,537349998.0,1.76,0.45
2019-09-16,1187.27,1160.07,1193.85,1157.39,4.94,54.56,2375021,1799474959.0,3.3,1.91
2019-09-17,1181.63,1188.71,1193.78,1147.15,2.47,28.64,2310042,1798342455.0,4.02,1.86
2019-09-18,1130.34,1123.26,1136.42,1119.4,-5.51,-65.45,1391409,1033445741.0,1.43,1.12
2019-09-19,1115.12,1102.55,1115.12,1092.97,-1.84,-20.71,769724,570464013.0,1.97,0.62
2019-09-20,1103.96,1108.26,1109.63,1098.8,0.52,5.71,565035,384073000.0,0.98,0.45
2019-09-23,1105.45,1103.97,1105.94,1092.23,-0.39,-4.29,633865,444776346.0,1.24,0.51
2019-09-24,1100.34,1092.16,1103.01,1090.99,-1.07,-11.81,481997,317914649.0,1.09,0.39
2019-09-25,1083.43,1063.55,1083.43,1062.48,-2.62,-28.61,490099,326756602.0,1.92,0.39
2019-09-26,1063.42,1040.11,1067.44,1039.81,-2.2,-23.44,428671,303628107.0,2.6,0.35
2019-09-27,1040.85,1048.52,1052.5,1040.85,0.81,8.41,279235,220365934.0,1.12,0.22
2019-09-30,1055.24,1045.09,1059.7,1045.09,-0.33,-3.43,276368,187502211.0,1.39,0.22
2019-10-08,1052.27,1049.75,1058.88,1047.84,0.45,4.66,287730,238252584.0,1.06,0.23
2019-10-09,1047.44,1054.81,1054.81,1036.69,0.48,5.06,227229,162499099.0,1.73,0.18
2019-10-10,1053.93,1069.31,1070.24,1053.93,1.37,14.5,513959,309397115.0,1.55,0.41
2019-10-11,1069.45,1106.93,1111.37,1065.98,3.52,37.62,877812,624987814.0,4.24,0.71
2019-10-14,1101.45,1105.5,1108.69,1095.98,-0.13,-1.43,719561,474369710.0,1.15,0.58
2019-10-15,1097.59,1084.6,1099.26,1082.84,-1.89,-20.9,454379,315842706.0,1.49,0.37
2019-10-16,1086.17,1084.99,1087.71,1078.45,0.04,0.39,460142,255637976.0,0.85,0.37
2019-10-17,1086.9,1077.73,1088.97,1076.0,-0.67,-7.26,464127,247390470.0,1.2,0.37
2019-10-18,1080.12,1059.23,1081.66,1055.36,-1.72,-18.5,438233,246943281.0,2.44,0.35
2019-10-21,1056.9,1054.66,1058.17,1045.11,-0.43,-4.57,345897,197138725.0,1.23,0.28
2019-10-22,1051.62,1056.67,1060.22,1049.34,0.19,2.01,289852,161723277.0,1.03,0.23
2019-10-23,1058.43,1048.96,1067.77,1048.28,-0.73,-7.71,338313,276336501.0,1.84,0.27
2019-10-24,1053.13,1049.95,1053.34,1043.72,0.09,0.99,280029,202093082.0,0.92,0.23
2019-10-25,1052.16,1052.8,1053.45,1042.03,0.27,2.85,330680,204319372.0,1.09,0.27
2019-10-28,1048.46,1056.89,1057.71,1045.64,0.39,4.09,430131,263065597.0,1.15,0.35
2019-10-29,1057.67,1052.23,1059.11,1050.99,-0.44,-4.66,431758,348573268.0,0.77,0.35
2019-10-30,1050.09,1046.86,1058.19,1043.9,-0.51,-5.37,518141,308948795.0,1.36,0.42
2019-10-31,1047.39,1047.42,1057.59,1046.84,0.05,0.56,492893,278704270.0,1.03,0.4
2019-11-01,1044.78,1053.84,1054.88,1042.15,0.61,6.42,344417,214448927.0,1.22,0.28
2019-11-04,1057.34,1056.1,1061.71,1054.88,0.21,2.26,346311,218518817.0,0.65,0.28
2019-11-05,1060.1,1058.83,1065.29,1054.07,0.26,2.73,402217,240748007.0,1.06,0.32
2019-11-06,1058.48,1045.97,1060.21,1045.35,-1.21,-12.86,335211,201142279.0,1.4,0.27
2019-11-07,1043.31,1046.05,1049.93,1040.52,0.01,0.08,339272,193922552.0,0.9,0.27
2019-11-08,1052.08,1065.27,1070.66,1042.46,1.84,19.22,422053,268589299.0,2.7,0.34
2019-11-11,1067.26,1036.66,1069.83,1036.66,-2.69,-28.61,580692,683898230.0,3.11,0.47
2019-11-12,1037.01,1030.69,1040.14,1019.01,-0.58,-5.97,473583,421573938.0,2.04,0.38
2019-11-13,1027.59,1016.78,1027.59,1015.19,-1.35,-13.91,364378,258065359.0,1.2,0.29
2019-11-14,1019.57,1014.49,1022.07,1011.84,-0.23,-2.29,341398,234408257.0,1.01,0.27
2019-11-15,1013.87,987.69,1013.87,987.69,-2.64,-26.8,357893,237185321.0,2.58,0.29
2019-11-18,987.1,999.64,1003.95,985.54,1.21,11.95,351477,223106903.0,1.86,0.28
2019-11-19,1001.61,1009.36,1009.7,997.86,0.97,9.72,376825,219163553.0,1.18,0.3
2019-11-20,1005.29,1000.24,1005.94,999.37,-0.9,-9.12,374040,235537402.0,0.65,0.3
2019-11-21,1000.5,1006.0,1015.26,1000.23,0.58,5.76,356128,279111891.0,1.5,0.29
2019-11-22,1011.5,1023.45,1029.68,1010.99,1.73,17.45,815763,526863616.0,1.86,0.66
2019-11-25,1021.13,1032.17,1033.26,1021.1,0.85,8.72,672269,408981463.0,1.19,0.54
2019-11-26,1032.1,1032.8,1036.54,1031.01,0.06,0.63,517936,332202875.0,0.54,0.42
2019-11-27,1035.18,1050.08,1051.2,1030.99,1.67,17.28,602602,403855072.0,1.96,0.49
2019-11-28,1049.81,1058.12,1064.24,1049.56,0.77,8.04,492121,375336816.0,1.4,0.4
2019-11-29,1058.33,1055.61,1059.92,1048.44,-0.24,-2.51,487350,352703759.0,1.08,0.39
2019-12-02,1046.57,1049.33,1055.79,1046.57,-0.59,-6.28,382606,243017864.0,0.87,0.31
2019-12-03,1049.55,1053.1,1054.32,1042.72,0.36,3.77,424444,283984674.0,1.11,0.34
2019-12-04,1046.26,1061.82,1061.96,1046.26,0.83,8.72,586153,336098265.0,1.49,0.47
2019-12-05,1075.38,1068.22,1085.14,1062.89,0.6,6.4,742888,486719257.0,2.1,0.6
2019-12-06,1069.07,1070.57,1070.74,1060.52,0.22,2.35,675539,415417631.0,0.96,0.54
2019-12-09,1073.23,1056.34,1073.23,1053.75,-1.33,-14.23,600866,398562905.0,1.82,0.48
2019-12-10,1056.56,1053.22,1056.56,1046.01,-0.3,-3.12,737753,420186898.0,1.0,0.59
2019-12-11,1055.22,1060.89,1060.89,1048.29,0.73,7.67,740904,392298522.0,1.2,0.6
2019-12-12,1059.82,1056.65,1063.43,1053.98,-0.4,-4.24,632436,328150567.0,0.89,0.51
2019-12-13,1064.2,1063.67,1066.17,1059.96,0.66,7.02,729976,417772568.0,0.59,0.59
2019-12-16,1064.39,1071.83,1073.3,1058.57,0.77,8.16,649919,394687442.0,1.38,0.52
2019-12-17,1072.88,1082.6,1083.21,1069.5,1.0,10.77,726335,450858321.0,1.28,0.58
2019-12-18,1081.5,1082.21,1086.22,1076.35,-0.04,-0.39,856908,563878357.0,0.91,0.69
2019-12-19,1082.09,1084.81,1087.5,1076.51,0.24,2.6,711569,454847117.0,1.02,0.57
2019-12-20,1081.41,1069.8,1085.22,1069.6,-1.38,-15.01,554171,338107662.0,1.44,0.45
2019-12-23,1067.82,1049.44,1070.92,1049.35,-1.9,-20.36,478047,301527496.0,2.02,0.38
2019-12-24,1051.51,1065.0,1066.5,1051.18,1.48,15.56,438134,262085197.0,1.46,0.35
2019-12-25,1065.05,1080.81,1080.81,1065.05,1.48,15.81,566910,372920206.0,1.48,0.46
2019-12-26,1078.92,1080.73,1086.25,1074.93,-0.01,-0.08,411353,307548812.0,1.05,0.33
2019-12-27,1084.14,1073.97,1085.65,1073.94,-0.63,-6.76,548459,335159681.0,1.08,0.44
2019-12-30,1071.26,1084.67,1085.19,1063.6,1.0,10.7,706337,430236877.0,2.01,0.57
2019-12-31,1083.86,1106.41,1107.18,1082.42,2.0,21.74,771612,495885867.0,2.28,0.62
2020-01-02,1113.42,1121.61,1122.57,1110.1,1.37,15.2,874613,572627422.0,1.13,0.7
2020-01-03,1122.53,1153.07,1167.01,1120.55,2.8,31.46,1300357,931195003.0,4.14,1.05
2020-01-06,1180.65,1214.28,1214.28,1176.42,5.31,61.21,2470898,1715019317.0,3.28,1.99
2020-01-07,1184.15,1178.24,1184.78,1173.21,-2.97,-36.04,1218355,847425685.0,0.95,0.98
2020-01-08,1218.83,1197.48,1221.36,1188.21,1.63,19.24,1825874,1285518435.0,2.81,1.47
2020-01-09,1146.85,1173.23,1185.92,1141.96,-2.03,-24.25,1509343,1065398270.0,3.67,1.21
2020-01-10,1168.51,1151.02,1169.29,1149.05,-1.89,-22.21,803047,544026839.0,1.73,0.65
2020-01-13,1150.91,1166.42,1166.42,1147.36,1.34,15.4,680268,484933823.0,1.66,0.55
2020-01-14,1165.07,1186.32,1202.98,1164.08,1.71,19.9,1332003,762389526.0,3.33,1.07
2020-01-15,1180.47,1183.03,1188.64,1173.7,-0.28,-3.29,810156,488912324.0,1.26,0.65
2020-01-16,1186.74,1168.32,1186.75,1166.42,-1.24,-14.71,766606,496971015.0,1.72,0.62
2020-01-17,1172.44,1181.97,1187.18,1167.36,1.17,13.65,528452,472855417.0,1.7,0.43
2020-01-20,1179.56,1180.46,1181.62,1171.06,-0.13,-1.51,568265,402273265.0,0.89,0.46
2020-01-21,1178.56,1176.81,1182.44,1166.69,-0.31,-3.65,583383,393613009.0,1.33,0.47
2020-01-22,1170.85,1183.11,1184.62,1146.77,0.54,6.3,672633,445946139.0,3.22,0.54
2020-01-23,1175.46,1127.68,1175.46,1114.91,-4.69,-55.43,861946,560479527.0,5.12,0.69
2020-02-03,1014.8,1014.8,1020.29,1014.8,-10.01,-112.88,478524,284310013.0,0.49,0.39
2020-02-04,941.13,993.36,1006.08,941.13,-2.11,-21.44,1312612,689174555.0,6.4,1.06
2020-02-05,992.77,994.13,1017.46,991.15,0.08,0.77,841000,460184929.0,2.65,0.68
2020-02-06,1005.16,1019.92,1021.5,996.23,2.59,25.79,826283,488986838.0,2.54,0.67
2020-02-07,1010.98,1007.28,1011.11,996.69,-1.24,-12.64,746903,419811673.0,1.41,0.6
2020-02-10,998.49,1030.66,1033.48,996.77,2.32,23.38,880300,480579311.0,3.64,0.71
2020-02-11,1026.05,1030.78,1039.17,1022.55,0.01,0.12,699794,373639887.0,1.61,0.56
2020-02-12,1028.28,1052.63,1053.42,1028.28,2.12,21.85,642775,403390335.0,2.44,0.52
2020-02-13,1064.24,1048.35,1071.76,1048.17,-0.41,-4.28,626772,431364495.0,2.24,0.5
2020-02-14,1044.36,1045.81,1053.12,1039.53,-0.24,-2.54,537987,351138344.0,1.3,0.43
2020-02-17,1048.55,1070.91,1071.03,1048.55,2.4,25.1,786447,452123081.0,2.15,0.63
2020-02-18,1073.76,1075.4,1078.4,1061.2,0.42,4.49,761960,445189445.0,1.61,0.61
2020-02-19,1074.14,1071.73,1083.84,1067.87,-0.34,-3.67,816423,532106575.0,1.49,0.66
2020-02-20,1080.92,1098.01,1098.37,1079.89,2.45,26.28,1035124,639027955.0,1.72,0.83
2020-02-21,1094.6,1096.68,1098.93,1087.86,-0.12,-1.33,982045,592889435.0,1.01,0.79
2020-02-24,1076.19,1075.71,1081.52,1062.6,-1.91,-20.97,1040017,609571684.0,1.73,0.84
2020-02-25,1053.8,1044.31,1053.8,1019.1,-2.92,-31.4,1338219,728946569.0,3.23,1.08
2020-02-26,1029.5,1040.75,1055.15,1022.2,-0.34,-3.56,1403965,668851632.0,3.16,1.13
2020-02-27,1038.97,1033.77,1044.32,1027.11,-0.67,-6.98,1270010,594294959.0,1.65,1.02
2020-02-28,1006.24,979.99,1009.21,978.73,-5.2,-53.78,1546237,758167738.0,2.95,1.24
2020-03-02,984.58,1014.37,1017.69,984.58,3.51,34.38,1107588,507683913.0,3.38,0.89
2020-03-03,1039.85,1028.52,1040.98,1018.49,1.39,14.15,1230843,571561828.0,2.22,0.99
2020-03-04,1023.86,1033.54,1033.84,1019.11,0.49,5.02,847673,390413451.0,1.43,0.68
2020-03-05,1039.87,1060.03,1061.03,1036.15,2.56,26.49,1519177,657431537.0,2.41,1.22
2020-03-06,1044.78,1054.27,1058.74,1041.53,-0.54,-5.76,984457,463464929.0,1.62,0.79
2020-03-09,994.8,985.94,1006.92,981.92,-6.48,-68.33,1674298,877307956.0,2.37,1.35
2020-03-10,973.43,991.51,991.95,952.52,0.56,5.57,1207680,619294310.0,4.0,0.97
2020-03-11,995.76,991.87,1007.92,989.47,0.04,0.36,1342136,642474081.0,1.86,1.08
2020-03-12,976.73,958.24,976.73,952.44,-3.39,-33.63,1060900,489288917.0,2.45,0.85
2020-03-13,911.75,940.09,945.84,905.69,-1.89,-18.15,1102571,549888627.0,4.19,0.89
2020-03-16,942.99,905.36,945.06,904.02,-3.69,-34.73,950934,474492320.0,4.37,0.77
2020-03-17,909.16,902.02,915.55,881.72,-0.37,-3.34,786044,368212979.0,3.74,0.63
2020-03-18,907.41,885.02,913.86,885.02,-1.88,-17.0,708872,333361960.0,3.2,0.57
2020-03-19,890.42,878.98,890.42,862.43,-0.68,-6.04,883167,409756798.0,3.16,0.71
2020-03-20,892.39,894.27,895.96,880.29,1.74,15.29,660893,338329027.0,1.78,0.53
2020-03-23,871.91,855.74,873.47,854.91,-4.31,-38.53,794858,374543892.0,2.08,0.64
2020-03-24,870.87,884.53,885.15,864.87,3.36,28.79,994757,484166704.0,2.37,0.8
2020-03-25,900.09,903.3,904.2,893.58,2.12,18.77,785434,384641215.0,1.2,0.63
2020-03-26,894.81,890.48,898.64,889.03,-1.42,-12.82,652741,340255462.0,1.06,0.53
2020-03-27,904.14,889.64,904.14,889.13,-0.09,-0.84,688868,353443826.0,1.69,0.55
2020-03-30,876.55,855.97,876.55,852.06,-3.78,-33.67,806673,371242947.0,2.75,0.65
2020-03-31,862.31,869.08,878.71,860.15,1.53,13.11,639241,300599325.0,2.17,0.51
2020-04-01,862.42,862.32,873.78,859.14,-0.78,-6.76,645461,293895279.0,1.68,0.52
2020-04-02,863.63,931.16,931.19,862.52,7.98,68.84,1732626,816680239.0,7.96,1.39
2020-04-03,931.73,911.71,931.73,902.55,-2.09,-19.45,1389357,675002206.0,3.13,1.12
2020-04-07,925.2,932.72,941.95,917.14,2.3,21.01,1263712,632460084.0,2.72,1.02
2020-04-08,919.56,924.7,932.91,916.05,-0.86,-8.02,731919,365159299.0,1.81,0.59
2020-04-09,935.66,928.88,941.24,922.63,0.45,4.18,602275,289512954.0,2.01,0.48
2020-04-10,920.39,904.91,920.39,899.89,-2.58,-23.97,626356,298855050.0,2.21,0.5
2020-04-13,915.17,901.09,915.17,899.66,-0.42,-3.82,429576,218948898.0,1.71,0.35
2020-04-14,902.92,921.49,921.49,899.13,2.26,20.4,631766,321575296.0,2.48,0.51
2020-04-15,911.81,910.78,915.74,907.07,-1.16,-10.71,555331,269521578.0,0.94,0.45
2020-04-16,902.61,901.84,909.54,900.4,-0.98,-8.94,495317,231660609.0,1.0,0.4
2020-04-17,906.98,902.96,912.13,901.14,0.12,1.12,424841,205022203.0,1.22,0.34
2020-04-20,894.49,898.72,900.0,889.14,-0.47,-4.24,582250,280755766.0,1.2,0.47
2020-04-21,885.11,893.96,896.28,881.22,-0.53,-4.76,742599,364920150.0,1.68,0.6
2020-04-22,882.77,882.23,883.17,868.44,-1.31,-11.73,1061028,502141899.0,1.65,0.85
2020-04-23,887.57,913.73,921.85,885.31,3.57,31.5,1821841,843736777.0,4.14,1.47
2020-04-24,910.47,874.08,910.47,869.03,-4.34,-39.65,1665161,803444793.0,4.54,1.34
2020-04-27,872.47,860.64,872.47,858.44,-1.54,-13.44,990155,466855766.0,1.61,0.8
2020-04-28,856.73,826.23,856.73,811.18,-4.0,-34.41,1093724,463990513.0,5.29,0.88
2020-04-29,825.87,826.58,832.9,821.82,0.04,0.35,912198,325977327.0,1.34,0.73
2020-04-30,835.83,852.97,857.54,835.83,3.19,26.39,803727,367656506.0,2.63,0.65
2020-05-06,862.21,862.41,862.74,852.38,1.11,9.44,1014205,453544967.0,1.21,0.82
2020-05-07,861.37,850.46,862.51,850.08,-1.39,-11.95,793256,335853830.0,1.44,0.64
2020-05-08,856.38,868.08,871.59,852.9,2.07,17.62,897610,428081698.0,2.2,0.72
2020-05-11,866.72,864.34,872.53,860.25,-0.43,-3.74,674120,316045526.0,1.41,0.54
2020-05-12,864.02,856.48,864.02,850.54,-0.91,-7.86,597937,258526559.0,1.56,0.48
2020-05-13,856.5,854.33,856.89,849.3,-0.25,-2.15,679696,270660166.0,0.89,0.55
2020-05-14,850.45,848.61,854.03,843.63,-0.67,-5.72,571584,249466779.0,1.22,0.46
2020-05-15,852.68,848.25,855.47,847.89,-0.04,-0.36,497830,238845110.0,0.89,0.4
2020-05-18,858.19,851.45,863.17,849.99,0.38,3.2,647135,291872914.0,1.55,0.52
2020-05-19,863.45,865.41,869.04,861.08,1.64,13.96,739315,395500548.0,0.93,0.6
2020-05-20,859.52,849.6,859.91,847.99,-1.83,-15.81,622435,289438594.0,1.38,0.5
2020-05-21,855.07,844.85,855.71,843.7,-0.56,-4.75,448635,204186105.0,1.41,0.36
2020-05-22,843.11,826.21,843.11,826.06,-2.21,-18.64,547550,237309662.0,2.02,0.44
2020-05-25,826.73,828.19,831.51,821.01,0.24,1.98,642682,280067799.0,1.27,0.52
2020-05-26,831.86,837.42,837.94,830.73,1.11,9.23,442606,198158223.0,0.87,0.36
2020-05-27,836.91,835.6,838.52,833.17,-0.22,-1.82,432575,204875527.0,0.64,0.35
2020-05-28,834.1,828.93,836.71,822.22,-0.8,-6.67,378963,178197325.0,1.73,0.31
2020-05-29,827.86,828.05,833.0,823.32,-0.11,-0.88,373739,149647953.0,1.17,0.3
2020-06-01,830.22,841.48,842.99,830.22,1.62,13.43,644437,281111041.0,1.54,0.52
2020-06-02,842.31,850.7,850.7,838.6,1.1,9.22,563951,255584667.0,1.44,0.45
2020-06-03,856.79,852.42,867.68,851.01,0.2,1.72,867552,429898096.0,1.96,0.7
2020-06-04,851.47,851.05,853.5,847.14,-0.16,-1.37,467338,237264287.0,0.75,0.38
2020-06-05,851.8,856.21,856.73,847.79,0.61,5.16,412226,192124507.0,1.05,0.33
2020-06-08,867.93,871.37,874.53,867.76,1.77,15.16,856019,454822103.0,0.79,0.69
2020-06-09,872.59,868.62,872.59,859.17,-0.32,-2.75,557352,272751293.0,1.54,0.45
2020-06-10,864.59,855.43,864.59,852.56,-1.52,-13.19,419632,186565022.0,1.38,0.34
2020-06-11,853.93,847.08,858.13,845.26,-0.98,-8.35,563726,248896959.0,1.5,0.45
2020-06-12,832.84,840.54,844.12,829.9,-0.77,-6.54,558924,233121297.0,1.68,0.45
2020-06-15,836.78,832.84,843.18,832.84,-0.92,-7.7,531525,220839575.0,1.23,0.43
2020-06-16,837.25,846.38,846.97,837.25,1.63,13.54,412694,191858205.0,1.17,0.33
2020-06-17,847.65,847.58,849.68,843.6,0.14,1.2,395535,197255686.0,0.72,0.32
2020-06-18,845.59,853.76,853.87,842.2,0.73,6.18,494394,195974749.0,1.38,0.4
2020-06-19,853.53,856.68,861.77,853.46,0.34,2.92,424978,213415655.0,0.97,0.34
2020-06-22,855.65,854.66,860.44,853.51,-0.24,-2.02,374800,194353776.0,0.81,0.3
2020-06-23,855.54,846.37,855.54,846.27,-0.97,-8.29,341804,161512554.0,1.08,0.28
2020-06-24,847.13,845.74,847.13,840.87,-0.07,-0.63,296256,137927817.0,0.74,0.24
2020-06-29,841.8,838.42,843.99,835.93,-0.87,-7.32,364207,165513569.0,0.95,0.29
2020-06-30,845.42,857.17,858.5,845.42,2.24,18.75,421240,350327200.0,1.56,0.34
2020-07-01,854.54,861.34,861.87,854.54,0.49,4.17,565274,342354542.0,0.86,0.45
2020-07-02,860.86,874.14,875.17,857.6,1.49,12.8,789442,374748825.0,2.04,0.64
2020-07-03,874.28,885.26,887.96,873.9,1.27,11.12,1078705,467860708.0,1.61,0.87
2020-07-06,891.94,922.08,922.08,891.94,4.16,36.82,1748722,805620192.0,3.4,1.41
2020-07-07,932.34,914.0,936.93,913.4,-0.88,-8.08,1654892,772472836.0,2.55,1.33
2020-07-08,910.82,924.07,925.06,903.75,1.1,10.07,1392503,641141670.0,2.33,1.12
2020-07-09,923.93,954.43,959.39,923.93,3.29,30.36,1809241,872325101.0,3.84,1.46
2020-07-10,948.41,925.73,948.41,924.42,-3.01,-28.7,1436437,687843286.0,2.51,1.16
2020-07-13,924.25,947.39,948.06,924.25,2.34,21.66,1120904,526061681.0,2.57,0.9
2020-07-14,946.3,952.82,953.12,934.81,0.57,5.43,1236169,653627875.0,1.93,0.99
2020-07-15,958.28,929.82,958.28,928.96,-2.41,-23.0,1099955,541912376.0,3.08,0.89
2020-07-16,938.61,905.87,945.31,904.55,-2.58,-23.95,1125374,617036702.0,4.38,0.91
2020-07-17,906.43,899.38,919.2,893.38,-0.72,-6.49,914397,438200483.0,2.85,0.74
2020-07-20,900.79,935.23,935.23,900.79,3.99,35.85,936865,505057191.0,3.83,0.75
2020-07-21,928.6,930.35,938.8,923.87,-0.52,-4.88,738312,400520807.0,1.6,0.59
2020-07-22,934.0,970.96,975.63,934.0,4.37,40.61,1969575,1213830232.0,4.47,1.59
2020-07-23,958.8,956.07,963.17,937.22,-1.53,-14.89,1407666,905517516.0,2.67,1.13
2020-07-24,960.35,948.74,973.27,939.41,-0.77,-7.33,1495128,912999794.0,3.54,1.2
2020-07-27,948.63,922.86,948.63,917.97,-2.73,-25.88,892249,607680093.0,3.23,0.72
2020-07-28,926.21,936.66,943.58,926.21,1.5,13.8,714705,487932156.0,1.88,0.58
2020-07-29,933.37,942.98,943.16,918.87,0.67,6.32,655918,409538062.0,2.59,0.53
2020-07-30,942.13,947.28,947.57,936.04,0.46,4.3,797409,474673925.0,1.22,0.64
2020-07-31,938.42,939.64,946.93,929.71,-0.81,-7.64,848456,464184007.0,1.82,0.68
2020-08-03,939.32,955.8,955.8,939.32,1.72,16.16,1038784,521718627.0,1.75,0.84
2020-08-04,960.36,959.76,962.84,951.2,0.41,3.96,1313012,582794144.0,1.22,1.06
2020-08-05,954.46,998.7,999.78,949.56,4.06,38.94,1847618,1015128318.0,5.23,1.49
2020-08-06,998.67,989.97,1001.78,978.87,-0.87,-8.73,1706160,892187903.0,2.29,1.37
2020-08-07,986.92,978.81,986.92,968.59,-1.13,-11.16,1708561,754903817.0,1.85,1.38
2020-08-10,972.27,993.01,998.69,969.24,1.45,14.2,1541428,647207811.0,3.01,1.24
2020-08-11,991.13,965.68,996.94,965.68,-2.75,-27.33,1284791,563754168.0,3.15,1.03
2020-08-12,962.21,964.06,964.06,943.44,-0.17,-1.62,980245,466185977.0,2.14,0.79
2020-08-13,962.52,967.45,979.34,962.52,0.35,3.39,1121371,476765595.0,1.74,0.9
2020-08-14,963.8,970.01,970.01,949.81,0.26,2.56,875293,367676366.0,2.09,0.7
2020-08-17,971.39,984.3,988.33,967.17,1.47,14.29,1068854,471324416.0,2.18,0.86
2020-08-18,984.13,988.81,991.11,983.49,0.46,4.51,1062426,513562831.0,0.77,0.86
2020-08-19,989.55,979.75,998.01,978.61,-0.92,-9.06,1178804,533658651.0,1.96,0.95
2020-08-20,975.1,969.79,977.29,965.39,-1.02,-9.96,837144,372134008.0,1.21,0.67
2020-08-21,971.83,964.56,975.44,961.25,-0.54,-5.23,589342,285988131.0,1.46,0.47
2020-08-24,964.72,975.19,980.41,955.87,1.1,10.63,761115,392310579.0,2.54,0.61
2020-08-25,974.86,983.05,988.63,974.68,0.81,7.86,891842,469798880.0,1.43,0.72
2020-08-26,987.09,982.93,992.04,973.57,-0.01,-0.12,1163957,588669528.0,1.88,0.94
2020-08-27,974.87,977.73,979.16,957.45,-0.53,-5.2,1250996,672547130.0,2.21,1.01
2020-08-28,981.31,979.09,981.31,964.8,0.14,1.36,1440760,622672841.0,1.69,1.16
2020-08-31,981.56,982.66,995.75,980.12,0.36,3.57,1261210,606117209.0,1.6,1.02
2020-09-01,982.67,996.95,997.04,980.47,1.45,14.29,1581149,701060808.0,1.69,1.27
2020-09-02,993.68,1016.03,1023.01,993.68,1.91,19.08,1677062,737103876.0,2.94,1.35
2020-09-03,1014.71,1003.0,1027.25,999.92,-1.28,-13.03,1283251,604367069.0,2.69,1.03
2020-09-04,985.29,1025.31,1029.2,985.29,2.22,22.31,1371990,660237871.0,4.38,1.1
2020-09-07,1018.2,1022.57,1042.34,1016.74,-0.27,-2.74,1430818,715052430.0,2.5,1.15
2020-09-08,1018.73,1051.15,1051.27,1015.06,2.79,28.58,1713657,780840413.0,3.54,1.38
2020-09-09,1033.03,1004.78,1043.24,1002.11,-4.41,-46.37,2106328,962756100.0,3.91,1.7
2020-09-10,1007.28,950.09,1007.28,946.97,-5.44,-54.69,1739769,734704828.0,6.0,1.4
2020-09-11,943.87,958.76,962.57,943.87,0.91,8.67,846650,377139653.0,1.97,0.68
2020-09-14,957.95,979.68,979.68,957.95,2.18,20.92,942626,407765001.0,2.27,0.76
2020-09-15,979.45,976.6,990.41,968.79,-0.31,-3.08,1118721,449296344.0,2.21,0.9
2020-09-16,973.73,966.08,980.67,961.74,-1.08,-10.52,896306,406186353.0,1.94,0.72
2020-09-17,970.65,975.71,988.89,968.52,1.0,9.63,976142,471435206.0,2.11,0.79
2020-09-18,974.9,974.98,976.66,958.26,-0.07,-0.73,942255,433018283.0,1.89,0.76
2020-09-21,972.83,968.43,974.05,967.13,-0.67,-6.55,665228,303947972.0,0.71,0.54
2020-09-22,958.41,948.25,963.36,945.7,-2.08,-20.18,756089,326923133.0,1.82,0.61
2020-09-23,951.07,952.03,957.54,948.0,0.4,3.78,720963,309545345.0,1.01,0.58
2020-09-24,944.64,924.37,944.64,924.37,-2.91,-27.66,733864,314361724.0,2.13,0.59
2020-09-25,931.18,926.17,931.18,919.3,0.19,1.8,537573,223882110.0,1.29,0.43
2020-09-28,926.61,916.98,931.93,914.23,-0.99,-9.19,592340,243603004.0,1.91,0.48
2020-09-29,921.21,928.62,933.42,915.0,1.27,11.64,438561,189712332.0,2.01,0.35
2020-09-30,928.64,924.05,929.69,920.44,-0.49,-4.57,473089,197071131.0,1.0,0.38
2020-10-09,941.2,943.55,950.96,938.34,2.11,19.5,579345,251627753.0,1.37,0.47
2020-10-12,943.57,961.38,962.22,943.57,1.89,17.83,833264,369286197.0,1.98,0.67
2020-10-13,960.74,960.37,961.83,950.74,-0.11,-1.01,643100,278782728.0,1.15,0.52
2020-10-14,957.85,954.7,959.17,951.06,-0.59,-5.67,508503,232035837.0,0.84,0.41
2020-10-15,954.03,952.99,961.89,948.18,-0.18,-1.71,478581,241784961.0,1.44,0.39
2020-10-16,952.31,958.39,963.16,948.47,0.57,5.4,642728,338401372.0,1.54,0.52
2020-10-19,958.08,946.06,960.64,944.12,-1.29,-12.33,645358,322690616.0,1.72,0.52
2020-10-20,940.01,944.47,944.98,933.64,-0.17,-1.59,652313,287343253.0,1.2,0.53
2020-10-21,944.47,937.19,944.47,930.67,-0.77,-7.28,576868,257666086.0,1.46,0.46
2020-10-22,933.31,932.29,934.75,926.21,-0.52,-4.9,429140,199839180.0,0.91,0.35
2020-10-23,935.87,934.32,948.74,931.99,0.22,2.03,692251,330931723.0,1.8,0.56
2020-10-26,929.66,929.7,935.21,924.2,-0.49,-4.62,525637,241003473.0,1.18,0.42
2020-10-27,926.23,926.38,930.81,921.76,-0.36,-3.32,447988,211947702.0,0.97,0.36
2020-10-28,926.05,918.24,927.74,907.74,-0.88,-8.14,450679,198520510.0,2.16,0.36
2020-10-29,903.36,914.36,920.41,903.34,-0.42,-3.88,497310,224374200.0,1.86,0.4
2020-10-30,910.93,874.79,913.49,873.94,-4.33,-39.57,859857,352841256.0,4.33,0.69
2020-11-02,874.37,862.08,877.99,857.54,-1.45,-12.71,851466,311309244.0,2.34,0.69
2020-11-03,867.82,894.37,894.51,867.71,3.75,32.29,869060,335960446.0,3.11,0.7
2020-11-04,896.15,888.95,896.15,872.62,-0.61,-5.42,624604,250872150.0,2.63,0.5
2020-11-05,888.68,896.6,899.86,888.13,0.86,7.65,589180,233065400.0,1.32,0.47
2020-11-06,898.58,890.33,898.58,883.49,-0.7,-6.27,487739,212801799.0,1.68,0.39
2020-11-09,890.82,906.5,910.51,890.82,1.82,16.17,584297,258464146.0,2.21,0.47
2020-11-10,935.15,959.46,981.69,935.15,5.84,52.96,1477950,808647243.0,5.13,1.19
2020-11-11,954.22,947.57,957.26,938.29,-1.24,-11.89,1703289,815502315.0,1.98,1.37
2020-11-12,948.21,960.19,971.18,940.22,1.33,12.62,1479677,763745506.0,3.27,1.19
2020-11-13,950.88,931.26,950.88,925.58,-3.01,-28.93,1157954,559116655.0,2.63,0.93
2020-11-16,934.3,964.25,968.71,932.84,3.54,32.99,1422814,690059245.0,3.85,1.15
2020-11-17,968.79,969.6,981.69,960.68,0.55,5.35,1341658,721661980.0,2.18,1.08
2020-11-18,962.9,970.2,977.49,960.31,0.06,0.6,1066349,588982300.0,1.77,0.86
2020-11-19,963.31,967.01,978.92,963.31,-0.33,-3.19,933099,543655135.0,1.61,0.75
2020-11-20,966.21,981.97,983.96,962.88,1.55,14.96,1051404,560584416.0,2.18,0.85
2020-11-23,981.78,993.32,1000.16,981.78,1.16,11.35,1351763,709476273.0,1.87,1.09
2020-11-24,1000.0,1016.66,1020.96,983.52,2.35,23.34,1581666,858945097.0,3.77,1.27
2020-11-25,1044.31,1013.6,1068.56,1013.29,-0.3,-3.06,2903423,1618870047.0,5.44,2.34
2020-11-26,993.79,980.27,1003.85,978.09,-3.29,-33.33,1544884,811748832.0,2.54,1.24
2020-11-27,972.0,972.51,988.53,961.11,-0.79,-7.76,1066487,509294627.0,2.8,0.86
2020-11-30,971.59,954.62,983.33,954.62,-1.84,-17.89,1216962,568757555.0,2.95,0.98
2020-12-01,952.72,964.45,964.68,948.09,1.03,9.83,918572,415467717.0,1.74,0.74
2020-12-02,961.93,957.02,963.52,951.41,-0.77,-7.43,761830,354360005.0,1.26,0.61
2020-12-03,962.0,972.7,978.39,960.83,1.64,15.68,1235232,593055541.0,1.83,0.99
2020-12-04,967.86,973.53,980.88,956.34,0.09,0.83,960577,490368438.0,2.52,0.77
2020-12-07,969.39,955.38,971.63,954.81,-1.86,-18.15,724319,346415886.0,1.73,0.58
2020-12-08,954.47,939.59,954.47,938.88,-1.65,-15.79,561421,287029313.0,1.63,0.45
2020-12-09,940.11,925.59,941.16,924.26,-1.49,-14.0,632499,291244114.0,1.8,0.51
2020-12-10,923.92,927.23,938.05,918.8,0.18,1.64,649679,279348841.0,2.08,0.52
2020-12-11,945.67,923.28,950.52,914.26,-0.43,-3.95,855379,425885259.0,3.91,0.69
2020-12-14,913.53,914.65,914.89,898.88,-0.93,-8.63,765032,346326887.0,1.73,0.62
2020-12-15,905.99,900.96,906.38,899.54,-1.5,-13.69,543785,244015329.0,0.75,0.44
2020-12-16,904.68,891.47,904.68,889.4,-1.05,-9.49,632592,279065015.0,1.7,0.51
2020-12-17,893.58,909.47,910.76,877.25,2.02,18.0,844259,388497058.0,3.76,0.68
2020-12-18,909.79,905.46,915.63,902.8,-0.44,-4.01,653603,282769578.0,1.41,0.53
2020-12-21,903.26,900.55,910.02,897.77,-0.54,-4.91,617136,272167778.0,1.35,0.5
2020-12-22,893.85,869.07,893.85,868.16,-3.5,-31.48,684848,301183932.0,2.85,0.55
2020-12-23,865.47,875.24,879.62,865.47,0.71,6.17,524506,232158945.0,1.63,0.42
2020-12-24,881.98,874.24,881.98,863.09,-0.11,-1.0,701314,268107367.0,2.16,0.56
2020-12-25,869.13,891.98,897.4,867.01,2.03,17.74,1196597,389794147.0,3.48,0.96
2020-12-28,890.72,865.52,890.72,865.18,-2.97,-26.46,1236364,407015678.0,2.86,1.0
2020-12-29,863.56,875.49,877.53,863.56,1.15,9.97,965598,319615490.0,1.61,0.78
2020-12-30,869.47,880.41,888.47,868.12,0.56,4.92,971010,339424423.0,2.32,0.78
2020-12-31,879.37,894.49,894.64,879.37,1.6,14.08,953161,354951465.0,1.73,0.77
2021-01-04,895.31,898.87,899.17,886.27,0.49,4.38,1010770,405509020.0,1.44,0.81
2021-01-05,892.5,878.14,892.5,875.16,-2.31,-20.73,889751,348516122.0,1.93,0.72
2021-01-06,893.79,910.14,933.23,893.79,3.64,32.0,1663355,743154414.0,4.49,1.34
2021-01-07,893.83,882.71,897.47,876.46,-3.01,-27.43,1502229,606248361.0,2.31,1.21
2021-01-08,872.12,874.54,883.88,864.73,-0.93,-8.17,853977,358897512.0,2.17,0.69
2021-01-11,880.35,853.64,880.35,851.16,-2.39,-20.9,967489,399650064.0,3.34,0.78
2021-01-12,849.43,854.35,861.43,848.86,0.08,0.71,712317,287934177.0,1.47,0.57
2021-01-13,861.42,870.72,874.15,860.32,1.92,16.37,1236445,533553692.0,1.62,1.0
2021-01-14,857.27,857.92,863.02,847.82,-1.47,-12.8,961100,387249236.0,1.75,0.77
2021-01-15,855.93,862.45,871.86,855.93,0.53,4.53,629302,262735791.0,1.86,0.51
2021-01-18,854.24,872.13,872.13,853.01,1.12,9.68,676800,287375887.0,2.22,0.54
2021-01-19,865.76,868.43,875.22,865.76,-0.42,-3.7,699830,280539326.0,1.08,0.56
2021-01-20,883.91,873.28,887.26,870.34,0.56,4.85,601418,296798628.0,1.95,0.48
2021-01-21,870.07,877.43,878.6,868.91,0.48,4.15,637441,285803812.0,1.11,0.51
2021-01-22,872.98,858.21,872.98,854.56,-2.19,-19.22,882195,399307931.0,2.1,0.71
2021-01-25,851.5,838.35,852.54,836.57,-2.31,-19.86,715191,302357938.0,1.86,0.58
2021-01-26,822.75,824.1,833.38,822.46,-1.7,-14.25,623068,242614447.0,1.3,0.5
2021-01-27,819.44,819.59,826.62,817.35,-0.55,-4.51,579043,212481413.0,1.12,0.47
2021-01-28,815.6,820.13,824.82,811.35,0.07,0.54,534215,205384588.0,1.64,0.43
2021-01-29,818.37,802.48,823.1,799.1,-2.15,-17.65,580317,212631457.0,2.93,0.47
2021-02-01,802.61,798.62,807.08,795.72,-0.48,-3.86,556756,184616193.0,1.42,0.45
2021-02-02,801.0,802.81,815.86,800.82,0.52,4.19,623726,231859241.0,1.88,0.5
2021-02-03,812.0,813.51,827.1,809.02,1.33,10.7,607371,295905335.0,2.25,0.49
2021-02-04,810.22,817.39,817.71,794.83,0.48,3.88,1290768,537918682.0,2.81,1.04
2021-02-05,815.81,811.95,839.38,811.07,-0.67,-5.44,1590839,695116674.0,3.46,1.28
2021-02-08,818.44,823.03,823.62,807.12,1.36,11.08,933642,413556853.0,2.03,0.75
2021-02-09,828.51,844.67,851.53,825.2,2.63,21.64,1187214,551211208.0,3.2,0.96
2021-02-10,837.03,830.75,838.81,827.98,-1.65,-13.92,963795,418800025.0,1.28,0.78
2021-02-18,885.02,874.4,890.89,869.1,5.25,43.65,2274848,975744154.0,2.62,1.83
2021-02-19,865.76,887.94,887.94,865.76,1.55,13.54,1625240,702981789.0,2.54,1.31
2021-02-22,891.82,910.94,934.2,891.18,2.59,23.0,2000376,910437858.0,4.84,1.61
2021-02-23,925.41,926.68,949.75,925.41,1.73,15.74,1823169,882789242.0,2.67,1.47
2021-02-24,916.02,905.21,926.58,895.1,-2.32,-21.47,1526917,695803920.0,3.4,1.23
2021-02-25,924.56,899.64,927.17,899.64,-0.62,-5.57,1221451,568508677.0,3.04,0.98
2021-02-26,881.37,890.95,901.91,881.37,-0.97,-8.69,1062717,465682863.0,2.28,0.86
2021-03-01,892.98,898.81,899.19,889.41,0.88,7.86,808522,340310205.0,1.1,0.65
2021-03-02,892.94,884.47,899.03,874.67,-1.6,-14.34,1256442,476608047.0,2.71,1.01
2021-03-03,880.42,901.31,902.52,879.31,1.9,16.84,1083136,384493310.0,2.62,0.87
2021-03-04,902.44,942.17,961.72,902.44,4.53,40.86,2719720,1065974333.0,6.58,2.19
2021-03-05,980.12,969.71,996.94,964.77,2.92,27.54,1882589,856742421.0,3.41,1.52
2021-03-08,1016.33,991.41,1016.46,989.21,2.24,21.7,1850039,871188663.0,2.81,1.49
2021-03-09,972.06,952.74,980.14,917.56,-3.9,-38.67,3700973,1366214908.0,6.31,2.98
2021-03-10,933.14,916.24,934.46,914.88,-3.83,-36.5,2061354,732816824.0,2.06,1.66
2021-03-11,908.1,933.97,935.04,908.1,1.94,17.73,1971335,683227224.0,2.94,1.59
2021-03-12,934.28,942.36,948.9,928.26,0.9,8.39,2184546,749635348.0,2.21,1.76
2021-03-15,932.08,934.47,945.48,927.53,-0.84,-7.89,1613731,547314573.0,1.9,1.3
2021-03-16,934.13,942.9,946.21,929.2,0.9,8.43,1485402,538067008.0,1.82,1.2
2021-03-17,947.24,961.91,961.91,934.24,2.02,19.01,2259522,772267238.0,2.93,1.82
2021-03-18,951.4,950.83,962.62,948.67,-1.15,-11.08,2094845,746030656.0,1.45,1.69
2021-03-19,920.12,923.53,937.47,911.76,-2.87,-27.3,1696196,610241914.0,2.7,1.37
2021-03-22,920.34,944.15,945.24,920.34,2.23,20.62,1075414,404400025.0,2.7,0.87
2021-03-23,958.56,937.99,960.63,934.51,-0.65,-6.16,2148078,824529645.0,2.77,1.73
2021-03-24,934.04,942.64,951.75,934.04,0.5,4.65,3372330,1296394093.0,1.89,2.71
2021-03-25,958.1,935.45,966.3,928.4,-0.76,-7.19,3566184,1392027595.0,4.02,2.87
2021-03-26,933.81,933.16,944.68,929.24,-0.24,-2.29,3281221,1259898734.0,1.65,2.64
2021-03-29,946.32,976.21,978.67,936.14,4.61,43.05,4479985,1700607997.0,4.56,3.61
2021-03-30,974.8,993.52,1003.22,974.8,1.77,17.31,4098327,1594358507.0,2.91,3.3
2021-03-31,1012.24,987.55,1012.24,984.34,-0.6,-5.97,4590374,1740127283.0,2.81,3.69
2021-04-01,966.15,952.54,967.8,946.82,-3.55,-35.01,5321405,1848808018.0,2.12,4.28
2021-04-02,950.81,926.34,953.13,926.08,-2.75,-26.2,3861060,1277494070.0,2.84,3.11
2021-04-06,918.33,933.71,937.56,915.98,0.8,7.37,2545899,831577267.0,2.33,2.05
2021-04-07,930.33,937.63,939.13,927.77,0.42,3.92,2419601,796803470.0,1.22,1.95
2021-04-08,939.39,919.41,939.39,918.73,-1.94,-18.22,2175671,710998938.0,2.2,1.75
2021-04-09,915.74,923.06,927.02,912.96,0.4,3.65,1781642,592747929.0,1.53,1.43
2021-04-12,922.6,915.89,922.6,912.52,-0.78,-7.17,1644238,538754008.0,1.09,1.32
2021-04-13,921.61,903.74,921.61,902.45,-1.33,-12.15,1421670,465612441.0,2.09,1.14
2021-04-14,898.64,913.82,915.4,897.24,1.12,10.08,1130397,384790389.0,2.01,0.91
2021-04-15,921.81,915.78,927.8,912.37,0.21,1.96,1120564,385819255.0,1.69,0.9
2021-04-16,913.58,929.38,929.71,907.9,1.49,13.6,1367127,468373372.0,2.38,1.1
2021-04-19,925.78,932.39,935.92,924.58,0.32,3.01,1325513,460332175.0,1.22,1.07
2021-04-20,930.95,928.01,934.38,925.92,-0.47,-4.38,1246702,419942587.0,0.91,1.0
2021-04-21,920.79,909.73,920.84,906.75,-1.97,-18.28,1210118,404772739.0,1.52,0.97
2021-04-22,910.49,904.08,916.37,902.75,-0.62,-5.65,741487,265035499.0,1.5,0.6
2021-04-23,904.2,900.74,904.2,894.61,-0.37,-3.34,871174,304851919.0,1.06,0.7
2021-04-26,904.36,893.87,906.65,891.79,-0.76,-6.87,953147,361527282.0,1.65,0.77
2021-04-27,891.49,890.26,892.71,879.76,-0.4,-3.61,726400,255601719.0,1.45,0.58
2021-04-28,890.88,892.82,893.8,887.22,0.29,2.56,887299,307073201.0,0.74,0.71
2021-04-29,893.68,888.83,897.43,887.84,-0.45,-3.99,827829,295243725.0,1.07,0.67
2021-04-30,890.78,876.5,893.16,873.58,-1.39,-12.33,933670,317752643.0,2.2,0.75
2021-05-06,882.2,897.34,900.72,882.2,2.38,20.84,1248836,438532818.0,2.11,1.01
2021-05-07,894.12,905.73,910.25,893.16,0.93,8.39,1162473,415335044.0,1.9,0.94
2021-05-10,911.28,945.82,947.34,909.51,4.43,40.09,1993307,747810528.0,4.18,1.6
2021-05-11,930.46,928.15,931.93,918.94,-1.87,-17.67,1362077,508272463.0,1.37,1.1
2021-05-12,923.0,944.96,949.1,923.0,1.81,16.81,1397193,521900493.0,2.81,1.12
2021-05-13,935.05,929.48,954.8,928.41,-1.64,-15.48,1260635,475276474.0,2.79,1.01
2021-05-14,926.47,933.45,935.62,924.02,0.43,3.97,1050084,381099708.0,1.25,0.85
2021-05-17,933.55,922.08,935.51,919.76,-1.22,-11.37,1002126,355341394.0,1.69,0.81
2021-05-18,924.9,971.09,972.09,923.81,5.32,49.01,2238746,853011150.0,5.24,1.8
2021-05-19,963.0,954.03,963.0,946.83,-1.76,-17.06,2358105,834650174.0,1.67,1.9
2021-05-20,938.92,932.57,938.92,927.31,-2.25,-21.46,1672953,586140788.0,1.22,1.35
2021-05-21,927.58,945.41,949.87,925.86,1.38,12.84,1618900,551629131.0,2.57,1.3
2021-05-24,945.61,937.14,951.18,935.1,-0.87,-8.27,1233716,431449098.0,1.7,0.99
2021-05-25,943.46,941.89,948.01,933.21,0.51,4.75,1006645,362716432.0,1.58,0.81
2021-05-26,944.61,947.48,960.88,940.84,0.59,5.59,1140800,493652259.0,2.13,0.92
2021-05-27,942.69,946.43,949.52,940.35,-0.11,-1.05,923254,387116435.0,0.97,0.74
2021-05-28,951.55,945.48,952.02,939.16,-0.1,-0.95,971011,393892486.0,1.36,0.78
2021-05-31,945.27,950.57,951.23,937.98,0.54,5.09,908030,355561929.0,1.4,0.73
2021-06-01,949.75,963.61,965.27,943.49,1.37,13.04,1295697,508549430.0,2.29,1.04
2021-06-02,970.47,1017.29,1018.98,970.47,5.57,53.68,2684827,1457675734.0,5.03,2.16
2021-06-03,1008.7,1014.84,1029.22,997.37,-0.24,-2.45,1944267,1231305174.0,3.13,1.56
2021-06-04,999.2,990.68,1002.32,987.89,-2.38,-24.16,1227218,755492925.0,1.42,0.99
2021-06-07,993.9,989.64,1002.14,982.77,-0.1,-1.04,883098,546444803.0,1.96,0.71
2021-06-08,987.25,982.45,987.25,973.72,-0.73,-7.19,1039295,579357036.0,1.37,0.84
2021-06-09,986.3,1009.81,1029.89,983.96,2.78,27.36,1932811,1000870292.0,4.68,1.56
2021-06-10,997.89,992.23,1001.68,987.88,-1.74,-17.58,1299464,691067072.0,1.37,1.05
2021-06-11,993.61,1035.87,1059.42,992.23,4.4,43.64,2924285,1459665437.0,6.77,2.35
2021-06-15,1036.47,1036.36,1057.59,1026.56,0.05,0.49,2246101,1176349459.0,3.0,1.81
2021-06-16,1056.34,1090.24,1105.09,1050.31,5.2,53.88,3550718,2017029430.0,5.29,2.86
2021-06-17,1062.2,1069.24,1070.13,1050.99,-1.93,-21.0,2108488,1246378312.0,1.76,1.7
2021-06-18,1046.8,1029.9,1046.8,1027.06,-3.68,-39.34,1860746,1006213978.0,1.85,1.5
2021-06-21,1033.87,1035.35,1049.47,1024.66,0.53,5.45,1204915,772091976.0,2.41,0.97
2021-06-22,1066.84,1080.39,1115.89,1063.63,4.35,45.04,2945258,1646186822.0,5.05,2.37
2021-06-23,1072.2,1071.51,1073.94,1056.63,-0.82,-8.88,1956278,1048703706.0,1.6,1.57
2021-06-24,1068.88,1054.79,1073.6,1051.92,-1.56,-16.72,1474801,785538011.0,2.02,1.19
2021-06-25,1064.63,1046.28,1073.56,1042.56,-0.81,-8.51,1627486,798692789.0,2.94,1.31
2021-06-28,1055.59,1036.63,1059.42,1029.78,-0.92,-9.65,1207326,602522216.0,2.83,0.97
2021-06-29,1021.84,1019.18,1028.01,1009.83,-1.68,-17.45,1240832,617275494.0,1.75,1.0
2021-06-30,1021.08,1014.63,1026.41,1006.56,-0.45,-4.55,841053,436694025.0,1.95,0.68
2021-07-01,1012.62,984.84,1013.78,984.84,-2.94,-29.79,901638,461054380.0,2.85,0.73
2021-07-02,1009.15,1004.93,1039.76,1004.4,2.04,20.09,1326685,760305011.0,3.59,1.07
2021-07-05,986.21,1014.26,1014.26,986.21,0.93,9.33,1056500,556426619.0,2.79,0.85
2021-07-06,1027.35,1024.87,1035.13,1012.74,1.05,10.61,1161724,663476281.0,2.21,0.94
2021-07-07,1003.39,1006.17,1007.03,996.39,-1.82,-18.7,997071,506774784.0,1.04,0.8
2021-07-08,998.65,988.21,1003.2,985.33,-1.78,-17.96,964355,475266375.0,1.78,0.78
2021-07-09,988.33,1000.23,1000.72,982.14,1.22,12.02,720702,382322991.0,1.88,0.58
2021-07-12,1007.39,1005.72,1008.91,997.3,0.55,5.49,860042,475177998.0,1.16,0.69
2021-07-13,1001.65,1016.18,1016.6,992.94,1.04,10.46,1056691,537679082.0,2.35,0.85
2021-07-14,1017.23,1008.26,1023.97,1006.92,-0.78,-7.92,934356,489650566.0,1.68,0.75
2021-07-15,998.9,991.64,998.9,979.97,-1.65,-16.62,984591,474294715.0,1.88,0.79
2021-07-16,988.97,997.23,1001.72,988.97,0.56,5.59,765707,382209739.0,1.29,0.62
2021-07-19,994.57,984.75,994.57,980.69,-1.25,-12.48,851286,428358046.0,1.39,0.69
2021-07-20,965.22,973.69,973.93,960.26,-1.12,-11.06,769166,378914841.0,1.39,0.62
2021-07-21,976.58,982.12,984.62,973.52,0.87,8.43,778309,413570276.0,1.14,0.63
2021-07-22,993.8,989.9,999.31,988.39,0.79,7.78,1018905,473646887.0,1.11,0.82
2021-07-23,987.66,975.12,995.49,975.12,-1.49,-14.78,802659,426643431.0,2.06,0.65
2021-07-26,972.05,961.04,972.05,951.08,-1.44,-14.08,817057,380556781.0,2.15,0.66
2021-07-27,967.82,959.21,978.08,957.51,-0.19,-1.83,786262,372875031.0,2.14,0.63
2021-07-28,954.22,928.74,954.39,924.97,-3.18,-30.47,861267,390614694.0,3.07,0.69
2021-07-29,935.75,945.62,947.23,934.67,1.82,16.88,558185,276827549.0,1.35,0.45
2021-07-30,951.1,953.03,958.38,943.89,0.78,7.41,601542,324604112.0,1.53,0.48
2021-08-02,952.26,963.91,963.93,940.65,1.14,10.88,753328,354624097.0,2.44,0.61
2021-08-03,958.95,966.51,974.61,958.88,0.27,2.6,599625,353416977.0,1.63,0.48
2021-08-04,964.24,974.73,974.73,961.2,0.85,8.22,525586,292438503.0,1.4,0.42
2021-08-05,968.15,956.64,968.15,955.03,-1.86,-18.09,494900,251372387.0,1.35,0.4
2021-08-06,956.69,969.54,971.43,954.65,1.35,12.9,612952,327953972.0,1.75,0.49
2021-08-09,967.01,975.3,977.69,966.94,0.59,5.76,569979,314964491.0,1.11,0.46
2021-08-10,969.98,995.95,1008.33,969.98,2.12,20.65,831609,482455456.0,3.93,0.67
2021-08-11,997.2,1004.27,1006.5,996.3,0.84,8.32,771661,392806314.0,1.02,0.62
2021-08-12,1001.38,1002.43,1006.22,997.85,-0.18,-1.84,663211,330577435.0,0.83,0.53
2021-08-13,1001.63,998.93,1009.15,996.99,-0.35,-3.5,584665,292992577.0,1.21,0.47
2021-08-16,999.84,1013.9,1018.1,999.84,1.5,14.97,742947,392967185.0,1.83,0.6
2021-08-17,1008.6,979.75,1012.28,978.05,-3.37,-34.15,822988,406900642.0,3.38,0.66
2021-08-18,979.99,1003.49,1003.49,979.99,2.42,23.74,914596,382137326.0,2.4,0.74
2021-08-19,998.38,984.26,998.38,980.18,-1.92,-19.23,651580,290498104.0,1.81,0.52
2021-08-20,981.7,987.56,989.63,969.91,0.34,3.3,576606,265513014.0,2.0,0.46
2021-08-23,989.56,1027.36,1028.45,989.56,4.03,39.8,1122156,656332522.0,3.94,0.9
2021-08-24,1037.84,1044.55,1050.91,1035.74,1.67,17.19,1300099,724309430.0,1.48,1.05
2021-08-25,1049.75,1048.45,1061.56,1039.1,0.37,3.9,1229170,695268716.0,2.15,0.99
2021-08-26,1051.66,1054.65,1066.44,1045.2,0.59,6.2,1747493,792306464.0,2.03,1.41
2021-08-27,1058.87,1065.99,1067.3,1051.84,1.08,11.34,1210182,657847194.0,1.47,0.97
2021-08-30,1073.79,1083.94,1084.02,1066.29,1.68,17.95,1771512,887116945.0,1.66,1.43
2021-08-31,1076.28,1080.81,1084.29,1062.57,-0.29,-3.13,1908441,848433632.0,2.0,1.54
2021-09-01,1084.31,1061.49,1094.9,1052.44,-1.79,-19.32,1910835,904823401.0,3.93,1.54
2021-09-02,1057.92,1081.0,1085.11,1056.33,1.84,19.51,1664955,754056818.0,2.71,1.34
2021-09-03,1086.62,1087.44,1114.46,1081.25,0.6,6.44,2167771,1000081572.0,3.07,1.74
2021-09-06,1088.11,1128.79,1128.84,1088.11,3.8,41.35,1943167,1121498840.0,3.75,1.56
2021-09-07,1130.02,1147.75,1148.09,1119.78,1.68,18.96,2340632,1249170494.0,2.51,1.88
2021-09-08,1141.41,1147.27,1155.27,1140.0,-0.04,-0.48,1774832,927625568.0,1.33,1.43
2021-09-09,1154.29,1211.89,1242.6,1154.29,5.63,64.62,4600790,2581950356.0,7.7,3.7
2021-09-10,1201.5,1158.25,1201.5,1156.57,-4.43,-53.64,3353742,1814565048.0,3.71,2.7
2021-09-13,1165.12,1185.12,1190.09,1152.29,2.32,26.87,2489251,1233044526.0,3.26,2.0
2021-09-14,1205.17,1228.07,1285.94,1205.17,3.62,42.95,4734814,2733461786.0,6.82,3.81
2021-09-15,1215.67,1281.58,1302.62,1215.67,4.36,53.51,4379665,2590211125.0,7.08,3.53
2021-09-16,1303.42,1267.61,1319.55,1265.05,-1.09,-13.97,4059534,2638606031.0,4.25,3.27
2021-09-17,1261.03,1268.64,1295.6,1227.85,0.08,1.03,2899459,1806118884.0,5.34,2.33
2021-09-22,1229.53,1262.34,1266.63,1217.77,-0.5,-6.3,2541051,1547510488.0,3.85,2.05
2021-09-23,1270.95,1224.43,1272.76,1210.68,-3.0,-37.91,2136895,1352364063.0,4.92,1.72
2021-09-24,1235.97,1213.46,1278.54,1209.71,-0.9,-10.97,3171285,1758905608.0,5.62,2.55
2021-09-27,1217.43,1166.69,1236.26,1153.65,-3.85,-46.77,2761564,1492866334.0,6.81,2.22
2021-09-28,1202.83,1291.65,1293.49,1202.83,10.71,124.96,3686298,2276226894.0,7.77,2.97
2021-09-29,1264.81,1189.85,1264.81,1188.17,-7.88,-101.8,3939085,2266775731.0,5.93,3.17
2021-09-30,1197.45,1240.15,1249.3,1188.24,4.23,50.3,2728190,1758519700.0,5.13,2.2
2021-10-08,1306.86,1363.77,1368.15,1306.52,9.97,123.62,4904115,3452054170.0,4.97,3.95
2021-10-11,1346.51,1331.24,1348.93,1299.44,-2.39,-32.53,3116312,2236418541.0,3.63,2.51
2021-10-12,1321.7,1286.14,1374.74,1275.29,-3.39,-45.1,2940412,2414309135.0,7.47,2.37
2021-10-13,1266.45,1173.61,1266.45,1161.2,-8.75,-112.53,3141861,2121285827.0,8.18,2.53
2021-10-14,1160.72,1161.56,1170.8,1146.14,-1.03,-12.05,1540741,1138083538.0,2.1,1.24
2021-10-15,1165.54,1166.58,1176.51,1137.36,0.43,5.02,1780877,1326325698.0,3.37,1.43
2021-10-18,1166.26,1254.1,1256.67,1164.16,7.5,87.52,4053008,2400173074.0,7.93,3.26
2021-10-19,1239.08,1315.33,1320.46,1231.46,4.88,61.23,5466688,3110750108.0,7.1,4.4
2021-10-20,1289.42,1292.99,1303.97,1280.83,-1.7,-22.34,3365635,1911998102.0,1.76,2.71
2021-10-21,1311.14,1292.49,1322.34,1289.69,-0.04,-0.5,2864880,1819093090.0,2.53,2.31
2021-10-22,1289.45,1229.78,1289.45,1228.65,-4.85,-62.71,2968287,1773931503.0,4.7,2.39
2021-10-25,1248.51,1279.56,1306.09,1238.72,4.05,49.78,2951298,1831597579.0,5.48,2.38
2021-10-26,1286.03,1277.65,1305.53,1253.81,-0.15,-1.91,2482879,1580194753.0,4.04,2.0
2021-10-27,1266.72,1231.48,1269.52,1226.09,-3.61,-46.17,2089631,1183361345.0,3.4,1.68
2021-10-28,1209.07,1154.3,1209.07,1148.08,-6.27,-77.18,2412558,1375194762.0,4.95,1.94
2021-10-29,1155.25,1142.91,1155.25,1119.05,-0.99,-11.39,2073536,1146626088.0,3.14,1.67
2021-11-01,1130.19,1146.58,1148.19,1120.48,0.32,3.67,1820088,985507346.0,2.42,1.46
2021-11-02,1150.27,1119.58,1169.25,1095.25,-2.35,-27.0,2417904,1177332304.0,6.45,1.95
2021-11-03,1112.5,1118.63,1127.55,1101.0,-0.08,-0.95,1353511,695150177.0,2.37,1.09
2021-11-04,1102.09,1097.93,1105.01,1087.71,-1.85,-20.7,1473879,750211890.0,1.55,1.19
2021-11-05,1096.05,1058.18,1096.05,1053.86,-3.62,-39.75,1861404,893768090.0,3.84,1.5
2021-11-08,1064.05,1072.62,1076.83,1059.99,1.36,14.44,1176606,689208055.0,1.59,0.95
2021-11-09,1068.93,1062.11,1068.93,1055.9,-0.98,-10.51,1071752,565711338.0,1.21,0.86
2021-11-10,1076.1,1067.7,1078.2,1047.39,0.53,5.59,1281961,731023777.0,2.9,1.03
2021-11-11,1051.51,1053.5,1056.84,1048.47,-1.33,-14.2,1137944,633257510.0,0.78,0.92
2021-11-12,1050.03,1055.85,1060.28,1039.95,0.22,2.35,1164006,606558334.0,1.93,0.94
2021-11-15,1052.25,1073.23,1075.23,1040.57,1.65,17.38,1302209,675606298.0,3.28,1.05
2021-11-16,1070.63,1072.69,1081.84,1064.42,-0.05,-0.54,1396194,751692440.0,1.62,1.12
2021-11-17,1068.09,1086.66,1087.95,1068.09,1.3,13.97,1041794,713959869.0,1.85,0.84
2021-11-18,1078.59,1069.44,1085.69,1068.5,-1.58,-17.22,942529,568756885.0,1.58,0.76
2021-11-19,1068.74,1094.89,1099.15,1063.32,2.38,25.45,1271286,794076477.0,3.35,1.02
2021-11-22,1088.28,1092.63,1094.42,1077.6,-0.21,-2.26,1058038,644190515.0,1.54,0.85
2021-11-23,1092.06,1091.84,1100.43,1089.15,-0.07,-0.79,919502,520498925.0,1.03,0.74
2021-11-24,1114.86,1111.03,1128.27,1109.0,1.76,19.19,1498785,1007922522.0,1.76,1.21
2021-11-25,1104.68,1093.07,1104.68,1089.96,-1.62,-17.96,1039576,609575742.0,1.32,0.84
2021-11-26,1090.08,1088.91,1108.01,1086.32,-0.38,-4.16,844440,617261698.0,1.98,0.68
2021-11-29,1049.95,1058.59,1062.91,1041.9,-2.78,-30.32,1085239,599895656.0,1.93,0.87
2021-11-30,1058.63,1059.21,1079.45,1055.34,0.06,0.62,895439,508120473.0,2.28,0.72
2021-12-01,1054.29,1086.76,1088.44,1054.29,2.6,27.55,1013417,587442068.0,3.22,0.82
2021-12-02,1086.6,1077.41,1097.22,1077.41,-0.86,-9.35,992109,524441085.0,1.82,0.8
2021-12-03,1082.45,1084.53,1092.08,1067.11,0.66,7.12,858697,455532611.0,2.32,0.69
2021-12-06,1085.35,1078.53,1093.45,1074.65,-0.55,-6.0,913817,460132823.0,1.73,0.74
2021-12-07,1088.83,1088.04,1089.0,1068.6,0.88,9.51,956994,617433646.0,1.89,0.77
2021-12-08,1092.2,1105.22,1111.77,1088.39,1.58,17.18,928937,681056591.0,2.15,0.75
2021-12-09,1107.17,1102.39,1107.37,1097.61,-0.26,-2.83,906212,558880479.0,0.88,0.73
2021-12-10,1096.66,1087.27,1096.66,1082.72,-1.37,-15.12,1048012,549884807.0,1.26,0.84
2021-12-13,1088.62,1086.2,1095.64,1082.21,-0.1,-1.07,806916,465385195.0,1.24,0.65
2021-12-14,1084.58,1085.0,1086.54,1078.0,-0.11,-1.2,769264,401634719.0,0.79,0.62
2021-12-15,1083.71,1089.8,1095.26,1081.01,0.44,4.8,1075625,504916794.0,1.31,0.87
2021-12-16,1110.18,1118.5,1119.85,1101.87,2.63,28.7,1688073,795637875.0,1.65,1.36
2021-12-17,1121.52,1133.45,1154.26,1117.4,1.34,14.95,2183059,1240630835.0,3.3,1.76
2021-12-20,1130.04,1159.17,1168.76,1128.6,2.27,25.72,2174505,1167075641.0,3.54,1.75
2021-12-21,1155.62,1163.14,1164.07,1148.08,0.34,3.97,1799626,868915993.0,1.38,1.45
2021-12-22,1181.13,1182.49,1228.27,1180.34,1.66,19.35,2885978,1444932849.0,4.12,2.32
2021-12-23,1175.94,1200.15,1212.47,1172.9,1.49,17.66,2927420,1374997434.0,3.35,2.36
2021-12-24,1202.66,1157.91,1204.51,1153.42,-3.52,-42.24,2648252,1258987971.0,4.26,2.13
2021-12-27,1156.57,1158.19,1169.81,1150.96,0.02,0.28,1567318,758350856.0,1.63,1.26
2021-12-28,1169.13,1180.94,1181.34,1149.44,1.96,22.75,1607572,882780501.0,2.75,1.29
2021-12-29,1176.86,1171.46,1178.91,1164.69,-0.8,-9.48,1301184,679423075.0,1.2,1.05
2021-12-30,1176.0,1202.28,1228.62,1176.0,2.63,30.82,2472870,1387338277.0,4.49,1.99
2021-12-31,1197.67,1224.19,1228.69,1178.1,1.82,21.91,2741184,1402247389.0,4.21,2.21
2022-01-04,1226.78,1234.61,1238.87,1222.68,0.85,10.42,2957567,1470701912.0,1.32,2.38
2022-01-05,1232.11,1232.74,1253.18,1220.78,-0.15,-1.87,2576077,1326442224.0,2.62,2.07
2022-01-06,1219.64,1239.02,1245.98,1219.64,0.51,6.28,1880632,976680941.0,2.14,1.51
2022-01-07,1245.44,1250.97,1287.94,1244.37,0.96,11.95,2875582,1654833353.0,3.52,2.31
2022-01-10,1235.73,1226.0,1246.91,1219.78,-2.0,-24.97,1983724,1072892565.0,2.17,1.6
2022-01-11,1226.17,1208.44,1230.48,1204.94,-1.43,-17.56,1808312,918010670.0,2.08,1.46
2022-01-12,1232.3,1238.83,1260.03,1232.3,2.51,30.39,2475878,1264734575.0,2.29,1.99
2022-01-13,1246.23,1225.98,1262.33,1225.98,-1.04,-12.85,2204396,1125209227.0,2.93,1.77
2022-01-14,1214.91,1187.79,1214.91,1187.79,-3.12,-38.19,1837744,946716534.0,2.21,1.48
2022-01-17,1193.34,1213.65,1217.22,1193.34,2.18,25.86,1617361,855829567.0,2.01,1.3
2022-01-18,1231.3,1216.53,1231.3,1198.99,0.24,2.88,1766283,924419338.0,2.66,1.42
2022-01-19,1222.82,1206.05,1233.41,1200.76,-0.86,-10.48,1404261,737291818.0,2.68,1.13
2022-01-20,1188.33,1156.11,1188.33,1156.11,-4.14,-49.94,1424525,786465961.0,2.67,1.15
2022-01-21,1137.75,1128.81,1153.38,1119.38,-2.36,-27.3,1330587,728239313.0,2.94,1.07
2022-01-24,1129.18,1131.63,1133.3,1112.74,0.25,2.82,884983,445122525.0,1.82,0.71
2022-01-25,1124.26,1087.35,1124.26,1086.71,-3.91,-44.28,1228438,577784372.0,3.32,0.99
2022-01-26,1096.85,1103.22,1106.16,1089.71,1.46,15.87,857865,399779095.0,1.51,0.69
2022-01-27,1104.66,1072.81,1112.28,1072.81,-2.76,-30.41,982733,492253694.0,3.58,0.79
2022-01-28,1080.97,1086.78,1102.5,1067.28,1.3,13.97,961877,460119072.0,3.28,0.77
2022-02-07,1136.69,1179.88,1204.05,1135.59,8.57,93.1,3059273,1605166274.0,6.3,2.46
2022-02-08,1172.16,1206.21,1206.21,1160.01,2.23,26.33,3576452,1695531553.0,3.92,2.88
2022-02-09,1185.65,1207.43,1209.94,1180.19,0.1,1.22,2803753,1339507215.0,2.47,2.26
2022-02-10,1212.33,1208.39,1219.83,1199.54,0.08,0.96,1816445,988341315.0,1.68,1.46
2022-02-11,1203.64,1187.59,1210.43,1183.04,-1.72,-20.8,1715318,901444692.0,2.27,1.38
2022-02-14,1231.52,1187.55,1234.37,1180.78,0.0,-0.04,2262571,1217584015.0,4.51,1.82
2022-02-15,1182.67,1167.9,1194.4,1156.51,-1.65,-19.65,1653415,838587948.0,3.19,1.33
2022-02-16,1156.13,1165.8,1170.72,1154.63,-0.18,-2.1,1364061,860528978.0,1.38,1.1
2022-02-17,1160.09,1160.85,1169.42,1151.97,-0.42,-4.95,1457799,832486068.0,1.5,1.17
2022-02-18,1152.06,1158.57,1159.05,1142.42,-0.2,-2.28,1229285,657952829.0,1.43,0.99
2022-02-21,1157.16,1173.65,1174.31,1153.7,1.3,15.08,1328918,663638598.0,1.78,1.07
2022-02-22,1196.42,1194.28,1210.27,1173.35,1.76,20.63,2415744,1313492754.0,3.15,1.94
2022-02-23,1175.89,1170.71,1178.17,1162.24,-1.97,-23.57,1726614,917590892.0,1.33,1.39
2022-02-24,1176.83,1263.69,1306.87,1176.83,7.94,92.98,5706996,3549016515.0,11.11,4.59
2022-02-25,1218.56,1247.04,1266.07,1214.5,-1.32,-16.65,3785567,2403262725.0,4.08,3.05
2022-02-28,1267.1,1266.64,1307.46,1249.89,1.57,19.6,4724567,2764483172.0,4.62,3.8
2022-03-01,1254.63,1262.3,1271.66,1237.54,-0.34,-4.34,3241482,1903624632.0,2.69,2.61
2022-03-02,1355.59,1343.94,1355.59,1306.42,6.47,81.64,6046776,3976975105.0,3.9,4.87
2022-03-03,1366.3,1437.81,1441.82,1366.3,6.98,93.87,6775061,5016818270.0,5.62,5.45
2022-03-04,1398.52,1331.25,1398.52,1331.25,-7.41,-106.56,5153762,3667308295.0,4.68,4.15
2022-03-07,1379.05,1340.18,1387.03,1333.74,0.67,8.93,4231260,3030691920.0,4.0,3.41
2022-03-08,1304.59,1314.48,1324.48,1256.91,-1.92,-25.7,3738999,2626089738.0,5.04,3.01
2022-03-09,1311.33,1266.93,1311.33,1225.84,-3.62,-47.55,3347953,2163261367.0,6.5,2.69
2022-03-10,1213.09,1243.34,1257.63,1213.09,-1.86,-23.59,2856494,1822202319.0,3.52,2.3
2022-03-11,1220.33,1215.29,1220.33,1183.71,-2.26,-28.05,2678250,1624067083.0,2.95,2.16
2022-03-14,1190.76,1151.94,1201.99,1150.98,-5.21,-63.35,2566187,1455560275.0,4.2,2.07
2022-03-15,1130.72,1056.34,1130.72,1054.43,-8.3,-95.6,3197750,1675914933.0,6.62,2.57
2022-03-16,1068.18,1086.7,1086.98,1035.65,2.87,30.36,2423808,1209201584.0,4.86,1.95
2022-03-17,1084.96,1108.99,1110.25,1083.02,2.05,22.29,2635195,1401869459.0,2.51,2.12
2022-03-18,1125.31,1128.72,1141.31,1117.01,1.78,19.73,2789467,1599927775.0,2.19,2.25
2022-03-21,1131.27,1129.97,1136.29,1119.06,0.11,1.25,2112983,1169521040.0,1.53,1.7
2022-03-22,1149.95,1152.8,1168.53,1144.16,2.02,22.83,2604007,1509306379.0,2.16,2.1
2022-03-23,1131.78,1133.98,1142.32,1130.68,-1.63,-18.82,2169387,1178888232.0,1.01,1.75
2022-03-24,1151.64,1125.52,1158.27,1124.19,-0.75,-8.46,2193169,1196803088.0,3.01,1.77
2022-03-25,1103.17,1134.34,1142.18,1103.17,0.78,8.82,1898988,1126512773.0,3.47,1.53
2022-03-28,1117.93,1120.44,1136.05,1093.16,-1.23,-13.9,1786973,963540511.0,3.78,1.44
2022-03-29,1112.01,1096.75,1112.01,1090.64,-2.11,-23.69,1331056,732482010.0,1.91,1.07
2022-03-30,1092.06,1091.24,1094.6,1076.66,-0.5,-5.51,1461814,750714592.0,1.64,1.18
2022-03-31,1086.28,1081.55,1095.23,1078.29,-0.89,-9.69,1319293,657676215.0,1.55,1.06
2022-04-01,1076.21,1081.05,1082.71,1070.3,-0.05,-0.5,1331929,623155649.0,1.15,1.07
2022-04-06,1083.31,1112.73,1114.89,1083.31,2.93,31.68,1661698,786659139.0,2.92,1.34
2022-04-07,1101.58,1077.75,1101.58,1077.75,-3.14,-34.98,1393719,662617681.0,2.14,1.12
2022-04-08,1078.34,1069.48,1084.24,1055.23,-0.77,-8.27,1262687,591546909.0,2.69,1.02
2022-04-11,1067.21,1043.46,1079.77,1034.32,-2.43,-26.02,1336338,598472427.0,4.25,1.08
2022-04-12,1038.0,1064.39,1065.34,1031.91,2.01,20.93,1149751,506070209.0,3.2,0.93
2022-04-13,1072.85,1070.92,1086.99,1061.35,0.61,6.53,1592136,798241647.0,2.41,1.28
2022-04-14,1073.62,1068.03,1075.61,1064.54,-0.27,-2.89,1277349,606498813.0,1.03,1.03
2022-04-15,1069.67,1056.32,1080.16,1053.91,-1.1,-11.71,1415027,673856779.0,2.46,1.14
2022-04-18,1048.64,1044.3,1050.62,1035.1,-1.14,-12.02,988578,454660960.0,1.47,0.8
2022-04-19,1043.43,1082.43,1084.69,1042.44,3.65,38.13,1550427,780681277.0,4.05,1.25
2022-04-20,1062.0,1049.24,1068.45,1042.36,-3.07,-33.19,1359280,646759219.0,2.41,1.09
2022-04-21,1042.14,1000.24,1046.54,993.75,-4.67,-49.0,1509684,690091591.0,5.03,1.22
2022-04-22,991.37,1009.96,1019.9,978.65,0.97,9.72,1306794,626697268.0,4.12,1.05
2022-04-25,986.67,918.53,986.67,918.53,-9.05,-91.43,1677574,739048064.0,6.75,1.35
2022-04-26,910.07,872.51,920.35,870.51,-5.01,-46.02,1372938,600878435.0,5.43,1.11
2022-04-27,867.07,908.7,910.74,854.19,4.15,36.19,1444800,598446404.0,6.48,1.16
2022-04-28,899.36,888.1,905.95,874.02,-2.27,-20.6,1088271,456783901.0,3.51,0.88
2022-04-29,900.9,925.96,931.25,900.54,4.26,37.86,1279897,538482059.0,3.46,1.03
2022-05-05,936.55,940.67,947.49,928.76,1.59,14.71,1148998,489847098.0,2.02,0.92
2022-05-06,921.55,939.44,956.86,913.81,-0.13,-1.23,1468980,660938247.0,4.58,1.18
2022-05-09,928.47,967.92,974.39,928.47,3.03,28.48,1507913,647739426.0,4.89,1.21
2022-05-10,938.21,960.31,962.77,929.5,-0.79,-7.61,1805988,736420357.0,3.44,1.45
2022-05-11,953.37,955.39,970.0,953.37,-0.51,-4.92,1629773,712709597.0,1.73,1.31
2022-05-12,959.47,955.2,976.24,940.96,-0.02,-0.19,1192546,548105824.0,3.69,0.96
2022-05-13,957.31,963.61,971.63,956.21,0.88,8.41,1038788,503423967.0,1.61,0.84
2022-05-16,974.18,970.57,975.99,965.85,0.72,6.96,1209497,546457208.0,1.05,0.97
2022-05-17,981.92,993.86,1017.62,981.92,2.4,23.29,2255612,1130314420.0,3.68,1.82
2022-05-18,978.32,987.13,990.05,968.7,-0.68,-6.73,1529838,734300709.0,2.15,1.23
2022-05-19,965.26,976.35,976.64,961.53,-1.09,-10.78,1259350,572479678.0,1.53,1.01
2022-05-20,974.0,982.98,983.69,973.43,0.68,6.63,1099006,492045273.0,1.05,0.88
2022-05-23,985.97,998.06,999.46,985.97,1.53,15.08,1079997,502764992.0,1.37,0.87
2022-05-24,998.76,953.43,1002.1,953.43,-4.47,-44.63,1269939,594806345.0,4.88,1.02
2022-05-25,957.54,996.51,1003.47,957.54,4.52,43.08,2016560,861395730.0,4.82,1.62
2022-05-26,996.92,1007.99,1011.75,978.73,1.15,11.48,1458960,668202129.0,3.31,1.17
2022-05-27,1022.7,1027.2,1051.65,1015.5,1.91,19.21,2123181,1119149186.0,3.59,1.71
2022-05-30,1031.04,1047.95,1050.88,1026.88,2.02,20.75,1549983,783960425.0,2.34,1.25
2022-05-31,1066.14,1061.69,1079.58,1053.78,1.31,13.74,3224768,1448637398.0,2.46,2.6
2022-06-01,1035.98,1048.87,1052.74,1033.37,-1.21,-12.82,2186429,953024028.0,1.82,1.76
2022-06-02,1039.77,1028.69,1039.77,1021.43,-1.92,-20.18,1607773,696631640.0,1.75,1.29
2022-06-06,1037.76,1048.94,1062.39,1037.76,1.97,20.25,1778759,810691844.0,2.39,1.43
2022-06-07,1047.33,1056.33,1063.05,1039.83,0.7,7.39,1806201,882098213.0,2.21,1.45
2022-06-08,1056.42,1069.85,1084.1,1051.52,1.28,13.52,2335275,1101658824.0,3.08,1.88
2022-06-09,1084.22,1103.53,1136.87,1076.74,3.15,33.68,3809383,2006179004.0,5.62,3.07
2022-06-10,1088.07,1113.46,1126.87,1083.54,0.9,9.93,2785009,1570439397.0,3.93,2.24
2022-06-13,1103.44,1110.81,1137.62,1092.76,-0.24,-2.65,2327251,1373252720.0,4.03,1.87
2022-06-14,1096.11,1153.48,1157.02,1096.11,3.84,42.67,3313216,1960443132.0,5.48,2.67
2022-06-15,1143.22,1115.6,1143.22,1114.83,-3.28,-37.88,2633420,1545986568.0,2.46,2.12
2022-06-16,1103.15,1074.52,1104.93,1067.38,-3.68,-41.08,2217333,1195975268.0,3.37,1.78
2022-06-17,1071.82,1073.44,1082.37,1057.73,-0.1,-1.08,1475369,749298461.0,2.29,1.19
2022-06-20,1053.9,1038.06,1053.9,1030.78,-3.3,-35.38,1812359,880651067.0,2.15,1.46
2022-06-21,1041.07,1035.19,1045.63,1023.5,-0.28,-2.87,1262829,597895061.0,2.13,1.02
2022-06-22,1033.66,1006.87,1033.66,1006.32,-2.74,-28.32,1236799,601425193.0,2.64,1.0
2022-06-23,1005.6,1016.48,1016.48,998.71,0.95,9.61,1254892,575966661.0,1.76,1.01
2022-06-24,1020.32,1019.4,1020.91,1011.5,0.29,2.92,1111722,520588976.0,0.93,0.89
2022-06-27,1024.03,1032.66,1032.66,1020.12,1.3,13.26,1657473,721304697.0,1.23,1.33
2022-06-28,1038.84,1043.48,1043.48,1033.02,1.05,10.82,1464341,706258359.0,1.01,1.18
2022-06-29,1042.78,1018.19,1047.09,1018.19,-2.42,-25.29,1236492,585427640.0,2.77,1.0
2022-06-30,1015.6,1016.5,1022.04,1013.26,-0.17,-1.69,905719,426549539.0,0.86,0.73
2022-07-01,1010.53,1006.26,1011.68,1001.31,-1.01,-10.24,800731,378500524.0,1.02,0.64
2022-07-04,1007.4,1021.81,1021.81,1002.22,1.55,15.55,868404,416871250.0,1.95,0.7
2022-07-05,1026.02,1019.82,1028.95,1008.04,-0.19,-1.99,910991,424034095.0,2.05,0.73
2022-07-06,999.1,990.24,999.1,983.09,-2.9,-29.58,1125777,488388582.0,1.57,0.91
2022-07-07,989.38,998.98,1000.27,986.33,0.88,8.74,670069,356026515.0,1.41,0.54
2022-07-08,1009.21,1005.58,1011.5,1005.58,0.66,6.6,682801,325087781.0,0.59,0.55
2022-07-11,1005.8,1001.47,1005.8,997.05,-0.41,-4.11,590361,268795407.0,0.87,0.48
2022-07-12,1002.79,994.75,1002.79,989.42,-0.67,-6.72,583416,269907670.0,1.34,0.47
2022-07-13,990.93,1002.01,1002.29,989.19,0.73,7.26,646771,293410442.0,1.32,0.52
2022-07-14,1000.21,995.41,1001.85,993.51,-0.66,-6.6,667081,297031818.0,0.83,0.54
2022-07-15,994.32,965.9,994.32,965.9,-2.96,-29.51,766562,357754363.0,2.86,0.62
2022-07-18,969.54,1003.5,1003.5,969.54,3.89,37.6,986142,444817546.0,3.52,0.79
2022-07-19,1007.02,1011.27,1012.23,1002.8,0.77,7.77,815817,353699033.0,0.94,0.66
2022-07-20,1013.84,1016.27,1017.15,1010.75,0.49,5.0,637899,289328036.0,0.63,0.51
2022-07-21,1014.63,1009.17,1016.49,1006.7,-0.7,-7.1,617263,282653380.0,0.96,0.5
2022-07-22,1007.81,1009.6,1017.37,1000.28,0.04,0.43,578020,270182219.0,1.69,0.47
2022-07-25,1010.31,997.44,1013.07,995.35,-1.2,-12.16,519712,244242953.0,1.76,0.42
2022-07-26,1010.73,1016.85,1016.85,1001.28,1.95,19.41,821084,368490435.0,1.56,0.66
2022-07-27,1011.82,1029.19,1031.7,1011.2,1.21,12.34,954668,464181383.0,2.02,0.77
2022-07-28,1036.41,1036.58,1040.18,1034.35,0.72,7.39,950670,450713589.0,0.57,0.77
2022-07-29,1037.38,1027.19,1040.92,1025.76,-0.91,-9.39,806948,371562906.0,1.46,0.65
2022-08-01,1031.47,1033.6,1034.42,1026.02,0.62,6.41,681466,326816998.0,0.82,0.55
2022-08-02,1042.83,1004.94,1042.83,993.47,-2.77,-28.66,2019857,846856738.0,4.78,1.63
2022-08-03,1001.14,1007.53,1028.02,1001.14,0.26,2.59,2325983,965385212.0,2.67,1.87
2022-08-04,1004.56,1005.5,1006.58,990.9,-0.2,-2.03,1648002,655115399.0,1.56,1.33
2022-08-05,1001.07,1005.78,1005.99,986.88,0.03,0.28,1025337,430530277.0,1.9,0.83
2022-08-08,1004.46,1007.96,1007.96,998.54,0.22,2.18,658152,287997666.0,0.94,0.53
2022-08-09,1008.49,1017.52,1024.32,1005.62,0.95,9.56,756703,380416089.0,1.86,0.61
2022-08-10,1014.44,1022.11,1022.25,1012.73,0.45,4.59,785440,416393922.0,0.94,0.63
2022-08-11,1026.59,1031.59,1034.65,1024.24,0.93,9.48,771716,416149841.0,1.02,0.62
2022-08-12,1037.54,1064.11,1070.62,1037.54,3.15,32.52,2115725,1009016829.0,3.21,1.7
2022-08-15,1047.74,1055.86,1059.37,1042.51,-0.78,-8.25,1388328,662132480.0,1.58,1.12
2022-08-16,1055.16,1046.83,1055.16,1041.66,-0.86,-9.03,943746,434046615.0,1.28,0.76
2022-08-17,1048.28,1048.85,1051.62,1042.2,0.19,2.02,684097,330007008.0,0.9,0.55
2022-08-18,1050.92,1040.9,1050.92,1033.2,-0.76,-7.95,891706,413046600.0,1.69,0.72
2022-08-19,1046.7,1041.68,1054.26,1040.91,0.07,0.78,1086736,504528323.0,1.28,0.87
2022-08-22,1037.5,1052.63,1053.64,1036.42,1.05,10.95,917730,424598102.0,1.65,0.74
2022-08-23,1057.92,1098.98,1098.98,1057.92,4.4,46.35,2427654,1276713244.0,3.9,1.95
2022-08-24,1102.5,1089.1,1119.35,1087.77,-0.9,-9.88,2279822,1445845324.0,2.87,1.84
2022-08-25,1096.7,1141.96,1141.96,1093.09,4.85,52.86,3557643,2167165450.0,4.49,2.86
2022-08-26,1124.1,1128.33,1138.64,1106.62,-1.19,-13.63,3186536,1777474995.0,2.8,2.56
2022-08-29,1136.89,1171.86,1174.3,1136.89,3.86,43.53,1930751,1192320721.0,3.32,1.55
2022-08-30,1200.02,1188.09,1209.32,1168.38,1.38,16.23,1704201,1109830686.0,3.49,1.37
2022-08-31,1160.13,1119.99,1160.13,1117.18,-5.73,-68.1,4486841,2336692057.0,3.62,3.61
2022-09-01,1107.43,1086.58,1118.56,1085.73,-2.98,-33.41,3120578,1544263807.0,2.93,2.51
2022-09-02,1076.18,1110.65,1114.28,1071.01,2.22,24.07,2692984,1310115301.0,3.98,2.17
2022-09-05,1121.28,1167.85,1172.04,1121.28,5.15,57.2,3949928,2096436173.0,4.57,3.18
2022-09-06,1161.43,1167.47,1170.46,1147.09,-0.03,-0.38,2899246,1502727920.0,2.0,2.33
2022-09-07,1157.61,1176.76,1185.1,1150.19,0.8,9.29,2812991,1546926401.0,2.99,2.26
2022-09-08,1155.33,1146.66,1159.6,1143.3,-2.56,-30.1,2385458,1202536154.0,1.39,1.92
2022-09-09,1151.74,1131.59,1155.49,1127.69,-1.31,-15.07,1735446,863043051.0,2.42,1.4
2022-09-13,1141.87,1149.41,1165.79,1141.82,1.57,17.82,2326406,1220522860.0,2.12,1.87
2022-09-14,1128.37,1164.99,1183.07,1128.37,1.36,15.58,2746919,1551393034.0,4.76,2.21
2022-09-15,1172.21,1138.87,1172.21,1119.31,-2.24,-26.12,2325774,1260306950.0,4.54,1.87
2022-09-16,1129.46,1093.38,1129.46,1093.38,-3.99,-45.49,2167585,1145055476.0,3.17,1.74
2022-09-19,1094.76,1087.87,1101.72,1075.02,-0.5,-5.51,1590200,997636055.0,2.44,1.28
2022-09-20,1089.36,1095.38,1105.86,1089.36,0.69,7.51,1311791,821055799.0,1.52,1.06
2022-09-21,1088.11,1126.32,1127.54,1071.9,2.82,30.94,1883028,982157230.0,5.08,1.52
2022-09-22,1110.69,1141.95,1149.33,1110.69,1.39,15.63,1802978,1031053943.0,3.43,1.45
2022-09-23,1137.81,1115.29,1154.81,1115.29,-2.33,-26.66,1678726,935947768.0,3.46,1.35
2022-09-26,1099.89,1046.08,1099.89,1045.99,-6.21,-69.21,1741515,910603275.0,4.83,1.4
2022-09-27,1041.34,1047.75,1052.23,1018.81,0.16,1.67,1458523,736416695.0,3.19,1.17
2022-09-28,1056.15,1039.39,1076.49,1029.38,-0.8,-8.36,1595299,804815591.0,4.5,1.28
2022-09-29,1055.88,1030.95,1068.86,1023.68,-0.81,-8.44,1416247,695361590.0,4.35,1.14
2022-09-30,1020.6,1022.93,1037.6,1018.65,-0.78,-8.02,1051560,506859797.0,1.84,0.85
2022-10-10,1059.52,1060.8,1081.95,1050.29,3.7,37.87,2182651,1101980077.0,3.1,1.76
2022-10-11,1050.3,1050.12,1064.17,1028.94,-1.01,-10.68,1338020,674367160.0,3.32,1.08
2022-10-12,1038.3,1052.58,1052.58,1012.34,0.23,2.46,1509348,720139420.0,3.83,1.21
2022-10-13,1039.66,1059.11,1067.23,1027.33,0.62,6.53,1708754,861443411.0,3.79,1.38
2022-10-14,1059.17,1064.6,1072.76,1057.33,0.52,5.49,1620584,801842047.0,1.46,1.3
2022-10-17,1055.97,1081.88,1083.0,1048.44,1.62,17.28,1942492,938467307.0,3.25,1.56
2022-10-18,1079.56,1077.64,1088.74,1071.79,-0.39,-4.24,1470896,776915720.0,1.57,1.18
2022-10-19,1065.53,1041.04,1065.53,1041.04,-3.4,-36.6,1221619,655619462.0,2.27,0.98
2022-10-20,1044.86,1060.04,1082.32,1044.86,1.83,19.0,1717946,892792632.0,3.6,1.38
2022-10-21,1048.06,1039.09,1048.73,1035.08,-1.98,-20.95,1363734,671800092.0,1.29,1.1
2022-10-24,1041.86,1033.39,1062.22,1031.22,-0.55,-5.7,1688627,799118349.0,2.98,1.36
2022-10-25,1031.59,1019.94,1032.26,1003.52,-1.3,-13.45,1228100,590718641.0,2.78,0.99
2022-10-26,1018.65,1026.09,1034.79,1018.65,0.6,6.15,1044425,486369640.0,1.58,0.84
2022-10-27,1032.66,1027.57,1042.37,1026.72,0.14,1.48,1180156,568328390.0,1.53,0.95
2022-10-28,1022.83,984.16,1022.83,981.18,-4.22,-43.41,1737578,710719212.0,4.05,1.4
2022-10-31,982.03,982.84,992.84,974.67,-0.13,-1.32,1329250,606366334.0,1.85,1.07
2022-11-01,984.36,1005.41,1005.79,984.36,2.3,22.57,1227139,556547842.0,2.18,0.99
2022-11-02,1006.18,1023.03,1026.45,1005.72,1.75,17.62,1478435,708744613.0,2.06,1.19
2022-11-03,1016.0,1030.52,1032.29,1016.0,0.73,7.49,1199490,599368406.0,1.59,0.97
2022-11-04,1028.71,1044.39,1045.21,1028.71,1.35,13.87,1668789,811750450.0,1.6,1.34
2022-11-07,1053.76,1068.65,1071.78,1053.76,2.32,24.26,1616441,795819104.0,1.73,1.3
2022-11-08,1068.79,1067.6,1071.73,1060.27,-0.1,-1.05,1131102,570624861.0,1.07,0.91
2022-11-09,1063.67,1063.78,1068.19,1059.45,-0.36,-3.82,932476,482695020.0,0.82,0.75
2022-11-10,1053.35,1052.23,1058.18,1045.76,-1.09,-11.55,976520,480423273.0,1.17,0.79
2022-11-11,1066.11,1058.52,1068.77,1055.84,0.6,6.29,1058264,516303208.0,1.23,0.85
2022-11-14,1057.34,1048.85,1063.83,1044.86,-0.91,-9.67,997394,485498100.0,1.79,0.8
2022-11-15,1047.69,1068.98,1068.98,1042.44,1.92,20.13,1317361,657695311.0,2.53,1.06
2022-11-16,1070.24,1078.03,1081.02,1067.11,0.85,9.05,1224301,599260854.0,1.3,0.99
2022-11-17,1072.84,1072.49,1073.58,1061.69,-0.51,-5.54,967070,472821917.0,1.1,0.78
2022-11-18,1071.04,1067.16,1082.62,1062.35,-0.5,-5.33,1031955,508262274.0,1.89,0.83
2022-11-21,1062.43,1053.15,1062.43,1045.83,-1.31,-14.01,879034,417597166.0,1.56,0.71
2022-11-22,1053.09,1056.23,1070.78,1053.09,0.29,3.08,1321616,611310405.0,1.68,1.06
2022-11-23,1060.74,1065.82,1077.68,1057.85,0.91,9.59,1685118,730929575.0,1.88,1.36
2022-11-24,1055.99,1079.64,1083.81,1055.99,1.3,13.82,1791823,794296534.0,2.61,1.44
2022-11-25,1081.13,1080.3,1089.39,1072.8,0.06,0.66,1518666,669986413.0,1.54,1.22
2022-11-28,1074.04,1083.48,1090.76,1057.9,0.29,3.18,1768902,770008435.0,3.04,1.42
2022-11-29,1082.92,1097.55,1097.92,1077.15,1.3,14.07,1450008,689257952.0,1.92,1.17
2022-11-30,1096.39,1112.44,1117.07,1096.39,1.36,14.89,2326289,1052201932.0,1.88,1.87
2022-12-01,1113.32,1109.84,1117.37,1105.41,-0.23,-2.6,1753779,857654064.0,1.08,1.41
2022-12-02,1112.59,1126.24,1128.12,1110.96,1.48,16.4,1926194,851235393.0,1.55,1.55
2022-12-05,1126.36,1158.5,1161.31,1126.36,2.86,32.26,2168523,1003936218.0,3.1,1.75
2022-12-06,1167.01,1130.29,1167.01,1126.64,-2.44,-28.21,4962092,2091043772.0,3.48,3.99
2022-12-07,1127.32,1139.59,1148.0,1127.32,0.82,9.3,3483375,1496884934.0,1.83,2.8
2022-12-08,1134.49,1119.17,1134.49,1115.42,-1.79,-20.42,2436817,1062741565.0,1.67,1.96
2022-12-09,1119.33,1103.82,1123.02,1101.07,-1.37,-15.35,1850695,817580310.0,1.96,1.49
2022-12-12,1102.74,1078.47,1102.74,1076.42,-2.3,-25.35,1970275,847566862.0,2.38,1.59
2022-12-13,1085.4,1086.83,1091.82,1081.24,0.78,8.36,1381537,623840215.0,0.98,1.11
2022-12-14,1089.16,1081.83,1089.16,1078.26,-0.46,-5.0,1266665,553338399.0,1.0,1.02
2022-12-15,1086.92,1072.91,1089.49,1071.03,-0.82,-8.92,1220998,551102113.0,1.71,0.98
2022-12-16,1069.39,1065.26,1071.06,1060.23,-0.71,-7.65,1234945,567581799.0,1.01,0.99
2022-12-19,1061.37,1029.11,1062.15,1026.42,-3.39,-36.15,1634654,683908098.0,3.35,1.32
2022-12-20,1032.91,1038.29,1044.92,1030.04,0.89,9.18,835848,371441416.0,1.45,0.67
2022-12-21,1036.42,1029.94,1037.87,1025.11,-0.8,-8.35,748716,326987613.0,1.23,0.6
2022-12-22,1039.94,1026.54,1044.46,1022.98,-0.33,-3.4,1215928,552189870.0,2.09,0.98
2022-12-23,1021.23,1024.35,1033.1,1017.12,-0.21,-2.19,882578,370165645.0,1.56,0.71
2022-12-26,1026.39,1040.73,1040.86,1026.39,1.6,16.38,993565,428404591.0,1.41,0.8
2022-12-27,1047.69,1073.73,1075.2,1045.65,3.17,33.0,1486710,693432286.0,2.84,1.2
2022-12-28,1075.43,1064.8,1075.43,1058.22,-0.83,-8.93,1809142,803269392.0,1.6,1.46
2022-12-29,1062.09,1053.91,1062.09,1051.28,-1.02,-10.89,1206718,532156329.0,1.02,0.97
2022-12-30,1055.25,1054.16,1056.08,1049.42,0.02,0.25,873635,384127734.0,0.63,0.7
2023-01-03,1056.22,1069.71,1070.72,1052.03,1.48,15.55,1172302,504682870.0,1.77,0.94
2023-01-04,1065.22,1077.31,1079.19,1061.8,0.71,7.6,1118517,520630089.0,1.63,0.9
2023-01-05,1070.78,1076.29,1077.63,1066.89,-0.09,-1.02,980970,457980422.0,1.0,0.79
2023-01-06,1076.22,1069.59,1082.76,1069.12,-0.62,-6.7,896863,406223372.0,1.27,0.72
2023-01-09,1069.36,1067.38,1073.94,1064.99,-0.21,-2.21,820933,380755792.0,0.84,0.66
2023-01-10,1069.7,1052.47,1069.7,1051.67,-1.4,-14.91,917665,408475028.0,1.69,0.74
2023-01-11,1054.38,1073.18,1082.57,1054.38,1.97,20.71,1280017,691648410.0,2.68,1.03
2023-01-12,1076.43,1072.34,1087.18,1069.63,-0.08,-0.84,965896,471506881.0,1.64,0.78
2023-01-13,1073.32,1070.86,1074.71,1064.48,-0.14,-1.48,652616,313522588.0,0.95,0.53
2023-01-16,1071.95,1084.95,1087.28,1071.95,1.32,14.09,1087154,506984820.0,1.43,0.88
2023-01-17,1085.23,1086.75,1087.44,1078.93,0.17,1.8,752939,356571103.0,0.78,0.61
2023-01-18,1087.84,1101.75,1106.96,1087.84,1.38,15.0,1419433,632262716.0,1.76,1.14
2023-01-19,1098.11,1107.75,1108.43,1093.53,0.54,6.0,1362189,619389830.0,1.35,1.1
2023-01-20,1114.91,1131.95,1132.32,1114.91,2.18,24.2,1371432,714950753.0,1.57,1.1
2023-01-30,1151.22,1146.13,1159.15,1141.83,1.25,14.18,1819560,1007459045.0,1.53,1.46
2023-01-31,1146.85,1149.8,1153.08,1142.75,0.32,3.67,1171779,630664109.0,0.9,0.94
2023-02-01,1151.15,1168.53,1168.56,1148.3,1.63,18.73,1323872,626340424.0,1.76,1.07
2023-02-02,1162.46,1157.29,1162.46,1150.19,-0.96,-11.24,1706076,831866568.0,1.05,1.37
2023-02-03,1156.09,1150.47,1156.09,1139.37,-0.59,-6.82,1090922,535511737.0,1.44,0.88
2023-02-06,1147.74,1156.03,1157.24,1144.81,0.48,5.56,954309,504714817.0,1.08,0.77
2023-02-07,1157.94,1160.36,1160.62,1150.45,0.37,4.33,818133,434014595.0,0.88,0.66
2023-02-08,1166.34,1161.93,1180.16,1160.35,0.14,1.57,1505443,726280640.0,1.71,1.21
2023-02-09,1154.78,1168.71,1169.18,1154.78,0.58,6.78,1043417,515463724.0,1.24,0.84
2023-02-10,1165.66,1169.16,1174.02,1162.4,0.04,0.45,798281,410968656.0,0.99,0.64
2023-02-13,1173.6,1178.33,1178.62,1164.86,0.78,9.17,896331,463316031.0,1.18,0.72
2023-02-14,1179.07,1183.66,1188.18,1177.21,0.45,5.33,974724,511202315.0,0.93,0.78
2023-02-15,1182.25,1165.86,1182.25,1164.2,-1.5,-17.8,1038571,540938859.0,1.52,0.84
2023-02-16,1167.41,1138.89,1172.13,1133.41,-2.31,-26.97,1416143,722971406.0,3.32,1.14
2023-02-17,1141.03,1142.93,1155.32,1141.03,0.35,4.04,833544,406974260.0,1.25,0.67
2023-02-20,1146.36,1150.27,1151.73,1138.31,0.64,7.34,813186,406157324.0,1.17,0.65
2023-02-21,1152.4,1164.24,1168.86,1151.84,1.21,13.97,1041164,499088303.0,1.48,0.84
2023-02-22,1162.75,1158.8,1162.75,1152.02,-0.47,-5.44,666060,358132287.0,0.92,0.54
2023-02-23,1161.68,1153.05,1164.11,1148.23,-0.5,-5.75,763371,381290927.0,1.37,0.61
2023-02-24,1153.72,1154.38,1156.64,1142.88,0.12,1.33,705559,354630215.0,1.19,0.57
2023-02-27,1152.08,1144.56,1159.1,1142.59,-0.85,-9.82,739723,364730186.0,1.43,0.6
2023-02-28,1148.08,1155.22,1156.53,1145.57,0.93,10.66,874156,470321964.0,0.96,0.7
2023-03-01,1155.22,1159.31,1159.32,1150.57,0.35,4.09,874338,417930311.0,0.76,0.7
2023-03-02,1159.53,1171.23,1175.89,1159.53,1.03,11.92,1142957,536663001.0,1.41,0.92
2023-03-03,1173.24,1180.16,1182.76,1166.3,0.76,8.93,1484919,642502294.0,1.41,1.2
2023-03-06,1185.56,1180.16,1191.81,1178.28,0.0,0.0,1376667,638577088.0,1.15,1.11
2023-03-07,1180.81,1183.86,1213.81,1180.81,0.31,3.7,2494328,1196732259.0,2.8,2.01
2023-03-08,1175.87,1165.16,1175.87,1152.26,-1.58,-18.7,1713343,890841597.0,1.99,1.38
2023-03-09,1166.1,1164.4,1170.48,1155.03,-0.07,-0.76,1025990,509292986.0,1.33,0.83
2023-03-10,1159.75,1133.67,1159.75,1132.28,-2.64,-30.73,1163815,540113949.0,2.36,0.94
2023-03-13,1143.62,1163.63,1172.45,1143.62,2.64,29.96,1897789,868701171.0,2.54,1.53
2023-03-14,1158.3,1137.24,1162.29,1127.98,-2.27,-26.39,1675200,766562858.0,2.95,1.35
2023-03-15,1137.66,1180.88,1184.18,1133.54,3.84,43.64,2412328,1040991567.0,4.45,1.94
2023-03-16,1171.04,1144.23,1171.04,1137.89,-3.1,-36.65,4600858,1992571285.0,2.81,3.7
2023-03-17,1146.64,1176.51,1184.75,1142.04,2.82,32.28,5183793,2273312112.0,3.73,4.17
2023-03-20,1181.85,1170.08,1199.36,1165.95,-0.55,-6.43,5348742,2511236012.0,2.84,4.31
2023-03-21,1176.85,1168.65,1176.86,1155.38,-0.12,-1.43,3675662,1666130787.0,1.84,2.96
2023-03-22,1171.09,1165.96,1174.45,1161.19,-0.23,-2.69,2396758,1098628758.0,1.13,1.93
2023-03-23,1165.93,1165.51,1172.32,1159.91,-0.04,-0.45,2281964,1024540203.0,1.06,1.84
2023-03-24,1161.68,1142.33,1161.68,1138.95,-1.99,-23.18,2531226,1139801138.0,1.95,2.04
2023-03-27,1144.02,1134.13,1144.02,1126.83,-0.72,-8.2,1735341,796752599.0,1.5,1.4
2023-03-28,1153.1,1183.11,1193.39,1153.1,4.32,48.98,4624891,2175160240.0,3.55,3.72
2023-03-29,1173.48,1146.51,1173.48,1141.36,-3.09,-36.6,2857884,1312209491.0,2.71,2.3
2023-03-30,1140.73,1143.89,1159.11,1133.49,-0.23,-2.62,2119028,968907303.0,2.23,1.71
2023-03-31,1141.89,1148.21,1149.71,1133.42,0.38,4.32,1675865,755920434.0,1.42,1.35
2023-04-03,1170.97,1183.64,1202.82,1170.97,3.09,35.43,2885754,1524113614.0,2.77,2.32
2023-04-04,1186.5,1196.74,1209.02,1185.42,1.11,13.1,3021581,1449212298.0,1.99,2.43
2023-04-06,1195.62,1191.88,1204.35,1182.27,-0.41,-4.86,2119068,1053064047.0,1.85,1.71
2023-04-07,1189.68,1187.4,1189.68,1176.4,-0.38,-4.48,1507904,746043904.0,1.11,1.21
2023-04-10,1188.36,1188.07,1194.35,1180.28,0.06,0.67,1887301,906243174.0,1.18,1.52
2023-04-11,1184.31,1182.71,1187.14,1168.48,-0.45,-5.36,1568841,768019230.0,1.57,1.26
2023-04-12,1184.16,1206.81,1206.81,1184.16,2.04,24.1,2066139,1042756596.0,1.92,1.66
2023-04-13,1212.09,1245.72,1259.29,1212.09,3.22,38.91,5046056,2415279181.0,3.91,4.06
2023-04-14,1247.97,1258.44,1262.87,1235.18,1.02,12.72,4344976,2079189494.0,2.22,3.5
2023-04-17,1257.69,1272.11,1281.21,1251.04,1.09,13.67,3809433,1919183108.0,2.4,3.07
2023-04-18,1268.6,1248.04,1268.6,1241.57,-1.89,-24.07,2488682,1257025270.0,2.12,2.0
2023-04-19,1246.05,1243.73,1252.98,1237.89,-0.35,-4.31,2047148,1018975117.0,1.21,1.65
2023-04-20,1234.08,1243.46,1243.47,1221.58,-0.02,-0.27,1837260,952533442.0,1.76,1.48
2023-04-21,1240.33,1203.43,1244.44,1202.92,-3.22,-40.03,2135534,1087223260.0,3.34,1.72
2023-04-24,1190.71,1162.06,1190.71,1157.18,-3.44,-41.37,1757281,890549837.0,2.79,1.41
2023-04-25,1159.89,1155.94,1170.78,1143.33,-0.53,-6.12,2542339,1263907280.0,2.36,2.05
2023-04-26,1156.89,1174.63,1180.52,1145.33,1.62,18.69,1950392,971677624.0,3.04,1.57
2023-04-27,1167.25,1166.97,1175.12,1155.13,-0.65,-7.66,2162547,1073205295.0,1.7,1.74
2023-04-28,1188.38,1208.52,1212.09,1182.32,3.56,41.55,3116223,1732544701.0,2.55,2.51
2023-05-04,1184.14,1203.33,1208.91,1172.25,-0.43,-5.19,2651794,1397286003.0,3.03,2.13
2023-05-05,1201.27,1190.16,1203.04,1181.03,-1.09,-13.17,2364665,1256832607.0,1.83,1.9
2023-05-08,1191.76,1224.45,1236.85,1191.76,2.88,34.29,3199342,1730558836.0,3.79,2.58
2023-05-09,1243.08,1219.49,1249.05,1218.3,-0.41,-4.96,2971782,1566126910.0,2.51,2.39
2023-05-10,1227.17,1177.23,1227.17,1171.87,-3.47,-42.26,3517242,1700061436.0,4.53,2.83
2023-05-11,1171.32,1160.73,1171.32,1155.93,-1.4,-16.5,2387811,1106368865.0,1.31,1.92
2023-05-12,1154.28,1142.13,1168.06,1140.53,-1.6,-18.6,1786374,826094233.0,2.37,1.44
2023-05-15,1141.74,1150.02,1151.2,1122.42,0.69,7.89,1623303,755447255.0,2.52,1.31
2023-05-16,1149.94,1123.32,1150.7,1122.3,-2.32,-26.7,1986166,887491249.0,2.47,1.6
2023-05-17,1122.13,1137.86,1138.77,1118.9,1.29,14.54,1113634,516397268.0,1.77,0.9
2023-05-18,1143.73,1156.34,1164.91,1143.73,1.62,18.48,1901699,935831557.0,1.86,1.53
2023-05-19,1151.48,1135.59,1151.48,1130.16,-1.79,-20.75,1590845,765554892.0,1.84,1.28
2023-05-22,1131.71,1133.31,1133.99,1124.57,-0.2,-2.28,1201993,573011050.0,0.83,0.97
2023-05-23,1131.39,1116.64,1136.02,1116.64,-1.47,-16.67,1205989,552924905.0,1.71,0.97
2023-05-24,1116.25,1122.49,1129.62,1112.38,0.52,5.85,1093988,506509175.0,1.54,0.88
2023-05-25,1117.82,1133.49,1134.2,1115.84,0.98,11.0,1242997,582093083.0,1.64,1.0
2023-05-26,1128.13,1135.38,1137.07,1115.97,0.17,1.89,1000421,474750802.0,1.86,0.81
2023-05-29,1135.32,1146.55,1157.94,1135.32,0.98,11.17,1483239,701386868.0,1.99,1.19
2023-05-30,1145.5,1151.87,1154.33,1138.17,0.46,5.32,1338852,634820854.0,1.41,1.08
2023-05-31,1143.09,1138.38,1143.09,1134.83,-1.17,-13.49,1205107,585532276.0,0.72,0.97
2023-06-01,1136.11,1154.35,1160.25,1135.69,1.4,15.97,1287623,614509926.0,2.16,1.04
2023-06-02,1160.76,1149.46,1161.06,1145.83,-0.42,-4.89,930999,452471131.0,1.32,0.75
2023-06-05,1155.03,1150.13,1160.53,1145.0,0.06,0.67,1021357,497837087.0,1.35,0.82
2023-06-06,1149.06,1126.12,1149.06,1124.86,-2.09,-24.01,1153077,554311318.0,2.1,0.93
2023-06-07,1124.04,1128.95,1135.94,1124.04,0.25,2.83,838873,406061237.0,1.06,0.68
2023-06-08,1131.12,1128.85,1135.61,1123.05,-0.01,-0.1,947583,457147101.0,1.11,0.76
2023-06-09,1132.54,1131.77,1133.07,1123.07,0.26,2.92,824619,417014867.0,0.89,0.66
2023-06-12,1131.43,1137.4,1141.61,1131.43,0.5,5.63,916762,479618109.0,0.9,0.74
2023-06-13,1132.46,1130.61,1133.6,1120.28,-0.6,-6.79,1316110,609944948.0,1.17,1.06
2023-06-14,1141.47,1131.8,1149.54,1130.63,0.11,1.19,938787,520060506.0,1.67,0.76
2023-06-15,1130.36,1124.77,1130.36,1119.85,-0.62,-7.03,806593,395477174.0,0.93,0.65
2023-06-16,1135.95,1155.41,1169.42,1135.95,2.72,30.64,1672295,921085694.0,2.98,1.35
2023-06-19,1152.86,1132.13,1152.86,1131.87,-2.01,-23.28,1188750,667778142.0,1.82,0.96
2023-06-20,1131.91,1118.79,1131.91,1118.79,-1.18,-13.34,936314,477450685.0,1.16,0.75
2023-06-21,1117.07,1106.67,1121.95,1106.67,-1.08,-12.12,930163,453877507.0,1.37,0.75
2023-06-26,1105.95,1095.58,1113.32,1093.41,-1.0,-11.09,916865,473571160.0,1.8,0.74
2023-06-27,1093.3,1127.77,1131.03,1093.3,2.94,32.19,1275592,586486670.0,3.44,1.03
2023-06-28,1126.5,1133.09,1133.09,1109.66,0.47,5.32,828893,426166120.0,2.08,0.67
2023-06-29,1131.04,1130.31,1133.2,1125.7,-0.25,-2.78,671073,336798299.0,0.66,0.54
2023-06-30,1128.76,1147.34,1150.78,1128.76,1.51,17.03,1229734,577071550.0,1.95,0.99
2023-07-03,1148.79,1180.04,1185.7,1148.79,2.85,32.7,1433434,828167124.0,3.22,1.15
2023-07-04,1179.28,1189.15,1198.19,1179.28,0.77,9.11,1298541,739273538.0,1.6,1.05
2023-07-05,1191.07,1195.92,1204.18,1191.07,0.57,6.77,1103529,623457676.0,1.1,0.89
2023-07-06,1196.59,1201.74,1204.63,1194.84,0.49,5.82,1051968,564682418.0,0.82,0.85
2023-07-07,1201.06,1199.3,1207.04,1192.84,-0.2,-2.44,821466,442334670.0,1.18,0.66
2023-07-10,1205.11,1196.84,1209.76,1190.58,-0.21,-2.46,696544,378897544.0,1.6,0.56
2023-07-11,1204.26,1197.54,1204.31,1191.91,0.06,0.7,737064,440879753.0,1.04,0.59
2023-07-12,1210.13,1202.68,1219.66,1201.96,0.43,5.14,1108540,581799454.0,1.48,0.89
2023-07-13,1198.34,1211.11,1219.15,1198.34,0.7,8.43,1104299,587501880.0,1.73,0.89
2023-07-14,1213.23,1227.69,1231.67,1206.46,1.37,16.58,1213698,622119508.0,2.08,0.98
2023-07-17,1216.26,1207.51,1216.26,1191.6,-1.64,-20.18,975491,536922554.0,2.01,0.79
2023-07-18,1204.12,1201.56,1204.88,1193.69,-0.49,-5.95,684478,371037766.0,0.93,0.55
2023-07-19,1201.9,1205.45,1206.93,1195.91,0.32,3.89,591126,317958693.0,0.92,0.48
2023-07-20,1204.05,1188.02,1208.66,1185.93,-1.45,-17.43,647158,343145862.0,1.89,0.52
2023-07-21,1187.89,1177.76,1190.25,1174.79,-0.86,-10.26,592759,305310028.0,1.3,0.48
2023-07-24,1173.92,1178.66,1184.86,1168.52,0.08,0.9,574794,289609214.0,1.39,0.46
2023-07-25,1188.13,1194.23,1194.6,1186.76,1.32,15.57,608382,324201380.0,0.67,0.49
2023-07-26,1191.49,1181.89,1193.39,1178.29,-1.03,-12.34,643638,327346419.0,1.26,0.52
2023-07-27,1183.37,1188.13,1195.52,1181.75,0.53,6.24,680382,381360988.0,1.17,0.55
2023-07-28,1187.49,1210.62,1213.19,1181.5,1.89,22.49,865161,526516579.0,2.67,0.7
2023-07-31,1214.14,1218.99,1219.63,1212.0,0.69,8.37,1132106,633499506.0,0.63,0.91
2023-08-01,1221.36,1229.55,1236.12,1217.65,0.87,10.56,1321544,699084873.0,1.52,1.06
2023-08-02,1228.73,1223.3,1228.73,1215.76,-0.51,-6.25,1105471,613722074.0,1.05,0.89
2023-08-03,1219.31,1224.6,1226.16,1215.4,0.11,1.3,785482,470149137.0,0.88,0.63
2023-08-04,1229.2,1222.99,1235.59,1219.33,-0.13,-1.61,991952,541242108.0,1.33,0.8
2023-08-07,1235.68,1224.5,1235.68,1220.43,0.12,1.51,1377073,729278427.0,1.25,1.11
2023-08-08,1225.69,1218.3,1226.67,1215.37,-0.51,-6.2,833212,460331808.0,0.92,0.67
2023-08-09,1222.27,1204.55,1222.27,1202.39,-1.13,-13.75,1134650,577041430.0,1.63,0.91
2023-08-10,1217.82,1233.16,1236.76,1214.33,2.38,28.61,1904740,1001850662.0,1.86,1.53
2023-08-11,1230.01,1187.08,1230.01,1185.6,-3.74,-46.08,1704843,860664748.0,3.6,1.37
2023-08-14,1178.64,1189.54,1192.09,1169.88,0.21,2.46,991115,502680987.0,1.87,0.8
2023-08-15,1187.38,1182.07,1189.7,1170.85,-0.63,-7.47,755676,390085906.0,1.58,0.61
2023-08-16,1178.68,1162.88,1178.68,1162.03,-1.62,-19.19,820865,433028799.0,1.41,0.66
2023-08-17,1157.86,1174.11,1176.59,1144.79,0.97,11.23,883683,453305067.0,2.73,0.71
2023-08-18,1170.31,1173.24,1193.87,1170.31,-0.07,-0.87,877794,448824741.0,2.01,0.71
2023-08-21,1175.39,1154.93,1183.36,1154.93,-1.56,-18.31,1324267,707226349.0,2.42,1.07
2023-08-22,1153.26,1163.27,1165.75,1143.84,0.72,8.34,999670,504010236.0,1.9,0.8
2023-08-23,1160.35,1156.1,1170.65,1153.53,-0.62,-7.17,794253,429423469.0,1.47,0.64
2023-08-24,1159.29,1142.42,1164.95,1140.4,-1.18,-13.68,929482,441882476.0,2.12,0.75
2023-08-25,1137.22,1132.23,1157.2,1127.51,-0.89,-10.19,844512,397980428.0,2.6,0.68
2023-08-28,1185.14,1145.85,1185.14,1143.03,1.2,13.62,1345031,665879463.0,3.72,1.08
2023-08-29,1145.61,1159.66,1162.39,1145.61,1.21,13.81,965426,490469997.0,1.46,0.78
2023-08-30,1160.53,1149.77,1166.04,1149.38,-0.85,-9.89,909783,438998339.0,1.44,0.73
2023-08-31,1148.65,1134.14,1152.46,1131.75,-1.36,-15.63,812198,404124596.0,1.8,0.65
2023-09-01,1137.39,1151.0,1151.29,1135.44,1.49,16.86,947933,456906218.0,1.4,0.76
2023-09-04,1164.71,1204.51,1209.81,1164.71,4.65,53.51,2124755,1134441204.0,3.92,1.71
2023-09-05,1203.01,1187.17,1203.01,1178.71,-1.44,-17.34,1307571,683241422.0,2.02,1.05
2023-09-06,1200.94,1206.3,1211.16,1186.96,1.61,19.13,1803024,957551649.0,2.04,1.45
2023-09-07,1196.44,1207.6,1225.41,1196.01,0.11,1.3,2172607,1196071435.0,2.44,1.75
2023-09-08,1197.66,1189.84,1197.66,1175.43,-1.47,-17.76,1804524,952200348.0,1.84,1.45
2023-09-11,1189.41,1202.67,1209.82,1183.56,1.08,12.83,1640096,879939086.0,2.21,1.32
2023-09-12,1199.33,1206.46,1212.58,1197.43,0.32,3.79,1056059,637236698.0,1.26,0.85
2023-09-13,1207.36,1207.76,1230.99,1199.46,0.11,1.3,1559729,893377028.0,2.61,1.26
2023-09-14,1204.8,1208.77,1213.66,1200.51,0.08,1.01,1245937,696158154.0,1.09,1.0
2023-09-15,1219.11,1214.39,1235.04,1209.66,0.46,5.62,1779433,980432297.0,2.1,1.43
2023-09-18,1209.77,1198.05,1209.77,1190.47,-1.35,-16.34,1238759,669794107.0,1.59,1.0
2023-09-19,1199.63,1200.19,1214.26,1198.35,0.18,2.14,1137297,598727928.0,1.33,0.92
2023-09-20,1195.79,1189.75,1203.96,1188.93,-0.87,-10.44,836396,474236911.0,1.25,0.67
2023-09-21,1187.77,1179.37,1195.12,1178.31,-0.87,-10.38,711764,379311380.0,1.41,0.57
2023-09-22,1187.86,1185.99,1187.89,1168.35,0.56,6.62,784265,462530882.0,1.66,0.63
2023-09-25,1182.32,1170.73,1193.58,1169.88,-1.29,-15.26,853676,445928520.0,2.0,0.69
2023-09-26,1171.58,1177.07,1187.29,1165.99,0.54,6.34,1020501,541196458.0,1.82,0.82
2023-09-27,1177.06,1198.23,1210.69,1177.06,1.8,21.16,1402788,730143306.0,2.86,1.13
2023-09-28,1233.01,1228.67,1240.84,1216.17,2.54,30.44,1795038,1005709298.0,2.06,1.44
2023-10-09,1223.47,1205.38,1226.71,1197.29,-1.9,-23.29,1631808,899464096.0,2.39,1.31
2023-10-10,1209.3,1215.88,1260.15,1209.3,0.87,10.5,2173033,1328836905.0,4.22,1.75
2023-10-11,1203.39,1171.58,1203.39,1166.0,-3.64,-44.3,2124175,1198673973.0,3.08,1.71
2023-10-12,1168.16,1156.61,1168.16,1150.58,-1.28,-14.97,1453921,807955614.0,1.5,1.17
2023-10-13,1154.57,1159.84,1161.01,1152.65,0.28,3.23,1031921,584336924.0,0.72,0.83
2023-10-16,1176.21,1250.93,1255.08,1176.21,7.85,91.09,3054924,1828968957.0,6.8,2.46
2023-10-17,1245.05,1267.5,1283.36,1230.72,1.32,16.57,4207095,2678621066.0,4.21,3.39
2023-10-18,1263.57,1231.91,1272.67,1230.01,-2.81,-35.59,2739014,1676787345.0,3.37,2.2
2023-10-19,1231.62,1183.1,1234.84,1181.15,-3.96,-48.81,2342608,1360337195.0,4.36,1.89
2023-10-20,1194.96,1188.68,1210.37,1172.26,0.47,5.58,2232873,1324969177.0,3.22,1.8
2023-10-23,1157.82,1130.43,1157.82,1122.36,-4.9,-58.25,2066043,1164814181.0,2.98,1.66
2023-10-24,1121.03,1156.17,1158.24,1121.03,2.28,25.74,1586418,880378513.0,3.29,1.28
2023-10-25,1154.39,1175.73,1188.99,1154.39,1.69,19.56,1713198,932148595.0,2.99,1.38
2023-10-26,1176.95,1171.74,1177.08,1157.18,-0.34,-3.99,1549546,844872968.0,1.69,1.25
2023-10-27,1161.35,1188.4,1190.33,1157.89,1.42,16.66,1716745,928111485.0,2.77,1.38
2023-10-30,1183.06,1180.32,1194.63,1178.86,-0.68,-8.08,1718025,947242945.0,1.33,1.38
2023-10-31,1172.12,1165.16,1172.12,1158.83,-1.28,-15.16,1628858,843588969.0,1.13,1.31
2023-11-01,1168.61,1156.21,1168.61,1152.18,-0.77,-8.95,1201925,633370955.0,1.41,0.97
2023-11-02,1155.36,1157.54,1163.57,1152.26,0.12,1.33,1353710,720730818.0,0.98,1.09
2023-11-03,1159.98,1156.03,1164.24,1153.56,-0.13,-1.51,1330526,675627018.0,0.92,1.07
2023-11-06,1153.82,1151.0,1156.28,1142.75,-0.44,-5.03,1717384,959704608.0,1.17,1.38
2023-11-07,1146.44,1152.26,1154.01,1139.63,0.11,1.26,1185806,641655934.0,1.25,0.95
2023-11-08,1145.41,1136.04,1145.41,1128.05,-1.41,-16.22,1461409,749073652.0,1.51,1.18
2023-11-09,1134.99,1127.3,1136.88,1126.04,-0.77,-8.74,974195,503152418.0,0.95,0.78
2023-11-10,1126.24,1136.02,1139.01,1120.33,0.77,8.72,1234911,620054866.0,1.66,0.99
2023-11-13,1134.5,1160.17,1160.63,1134.5,2.13,24.15,1447216,801101668.0,2.3,1.16
2023-11-14,1163.0,1161.01,1165.06,1150.95,0.07,0.84,1101315,612209823.0,1.22,0.89
2023-11-15,1165.26,1164.76,1165.97,1157.17,0.32,3.75,1215980,644663216.0,0.76,0.98
2023-11-16,1160.66,1159.7,1174.67,1159.7,-0.43,-5.06,1207984,663084043.0,1.29,0.97
2023-11-17,1154.68,1156.07,1157.62,1146.03,-0.31,-3.63,1104768,584420183.0,1.0,0.89
2023-11-20,1159.89,1177.25,1178.06,1158.85,1.83,21.18,1365935,737558173.0,1.66,1.1
2023-11-21,1179.2,1171.25,1186.85,1171.25,-0.51,-6.0,1301187,658906828.0,1.33,1.05
2023-11-22,1171.77,1159.67,1174.77,1158.72,-0.99,-11.58,968885,485724630.0,1.37,0.78
2023-11-23,1156.78,1164.26,1166.52,1156.14,0.4,4.59,778133,400328747.0,0.9,0.63
2023-11-24,1164.56,1149.8,1166.74,1149.15,-1.24,-14.46,918441,468079167.0,1.51,0.74
2023-11-27,1148.42,1146.73,1151.34,1138.03,-0.27,-3.07,968418,482414083.0,1.16,0.78
2023-11-28,1144.76,1151.48,1153.37,1138.46,0.41,4.75,663485,334658210.0,1.3,0.53
2023-11-29,1151.9,1145.24,1155.31,1145.12,-0.54,-6.24,720907,364232813.0,0.88,0.58
2023-11-30,1144.98,1152.08,1155.86,1143.21,0.6,6.84,950097,499836635.0,1.1,0.76
2023-12-01,1149.83,1153.63,1155.65,1146.73,0.13,1.55,904589,452349004.0,0.77,0.73
2023-12-04,1154.37,1154.66,1161.54,1149.62,0.09,1.03,994485,514576153.0,1.03,0.8
2023-12-05,1152.88,1122.62,1152.88,1122.62,-2.77,-32.04,1017716,487846536.0,2.62,0.82
2023-12-06,1120.56,1119.32,1124.69,1115.49,-0.29,-3.3,763181,371983806.0,0.82,0.61
2023-12-07,1115.71,1109.44,1115.96,1108.61,-0.88,-9.88,767674,391333226.0,0.66,0.62
2023-12-08,1109.57,1097.59,1118.27,1097.59,-1.07,-11.85,1101262,579767497.0,1.86,0.89
2023-12-11,1096.77,1112.99,1113.33,1083.94,1.4,15.4,1006191,480044537.0,2.68,0.81
2023-12-12,1111.08,1109.64,1111.08,1098.32,-0.3,-3.35,723111,354853127.0,1.15,0.58
2023-12-13,1105.55,1095.16,1105.55,1095.16,-1.3,-14.48,745506,385730743.0,0.94,0.6
2023-12-14,1100.87,1098.93,1108.72,1095.32,0.34,3.77,571946,285214401.0,1.22,0.46
2023-12-15,1103.51,1092.26,1107.9,1089.47,-0.61,-6.67,622067,320668395.0,1.68,0.5
2023-12-18,1089.86,1073.72,1089.86,1071.73,-1.7,-18.54,658333,316921594.0,1.66,0.53
2023-12-19,1077.16,1068.73,1077.49,1061.67,-0.46,-4.99,617516,298012923.0,1.47,0.5
2023-12-20,1072.18,1069.89,1085.77,1069.83,0.11,1.16,778888,380003489.0,1.49,0.63
2023-12-21,1067.75,1070.03,1074.71,1051.94,0.01,0.14,774785,373829525.0,2.13,0.62
2023-12-22,1069.67,1063.59,1078.27,1059.94,-0.6,-6.44,745467,358435435.0,1.71,0.6
2023-12-25,1062.83,1053.33,1062.83,1047.44,-0.96,-10.26,628561,307026913.0,1.45,0.51
2023-12-26,1052.89,1043.52,1055.39,1041.43,-0.93,-9.81,610570,291961837.0,1.33,0.49
2023-12-27,1045.3,1066.93,1067.99,1045.3,2.24,23.41,839255,416649876.0,2.17,0.68
2023-12-28,1065.74,1076.63,1081.45,1056.88,0.91,9.7,868657,417355283.0,2.3,0.7
2023-12-29,1074.62,1075.91,1077.59,1070.96,-0.07,-0.72,790478,378266159.0,0.62,0.64
2024-01-02,1076.42,1089.69,1095.33,1076.3,1.28,13.78,930884,463488715.0,1.77,0.75
2024-01-03,1085.6,1093.23,1094.15,1084.17,0.32,3.54,862094,419101961.0,0.92,0.69
2024-01-04,1096.91,1099.86,1103.46,1090.5,0.61,6.63,853106,425260911.0,1.19,0.69
2024-01-05,1097.46,1085.74,1104.42,1081.42,-1.28,-14.12,946057,467373923.0,2.09,0.76
2024-01-08,1084.13,1058.04,1084.13,1058.04,-2.55,-27.7,739056,369744357.0,2.4,0.59
2024-01-09,1056.16,1057.24,1065.11,1053.2,-0.08,-0.8,653426,323072072.0,1.13,0.53
2024-01-10,1060.18,1049.44,1060.75,1043.35,-0.74,-7.8,652610,319700897.0,1.65,0.53
2024-01-11,1049.38,1053.31,1057.5,1042.36,0.37,3.87,704845,344431182.0,1.44,0.57
2024-01-12,1055.96,1066.83,1076.31,1055.96,1.28,13.52,1187290,527850492.0,1.93,0.96
2024-01-15,1060.4,1064.07,1068.46,1048.03,-0.26,-2.76,881892,405561288.0,1.92,0.71
2024-01-16,1060.9,1046.35,1062.18,1034.3,-1.67,-17.72,999608,467111296.0,2.62,0.8
2024-01-17,1043.25,1022.51,1049.45,1021.29,-2.28,-23.84,816385,391248578.0,2.69,0.66
2024-01-18,1017.8,1003.34,1017.8,975.9,-1.87,-19.17,1305882,580100731.0,4.1,1.05
2024-01-19,1001.46,992.54,1008.35,990.39,-1.08,-10.8,753296,352040909.0,1.79,0.61
2024-01-22,989.46,934.12,989.46,927.78,-5.89,-58.42,1019969,467813911.0,6.21,0.82
2024-01-23,931.8,940.32,943.74,919.94,0.66,6.2,886017,375581812.0,2.55,0.71
2024-01-24,940.55,963.16,964.94,927.63,2.43,22.84,1022441,430951228.0,3.97,0.82
2024-01-25,966.01,1020.51,1022.79,964.13,5.95,57.35,1834061,745599549.0,6.09,1.48
2024-01-26,1022.89,1033.64,1042.13,1022.89,1.29,13.13,1595101,668650672.0,1.89,1.28
2024-01-29,1038.84,1026.67,1051.86,1026.33,-0.67,-6.97,2794374,1082234107.0,2.47,2.25
2024-01-30,1012.94,990.03,1025.74,988.12,-3.57,-36.64,1971683,767885874.0,3.66,1.59
2024-01-31,991.84,956.22,994.62,953.73,-3.42,-33.81,1495245,597823928.0,4.13,1.2
2024-02-01,949.22,927.98,950.99,918.77,-2.95,-28.24,1619167,629148440.0,3.37,1.3
2024-02-02,926.79,886.17,936.19,858.37,-4.51,-41.81,1772102,717331407.0,8.39,1.43
2024-02-05,877.44,798.63,877.44,785.95,-9.88,-87.54,2213479,830319198.0,10.32,1.78
2024-02-06,770.27,826.75,850.61,753.43,3.52,28.12,2090620,756322456.0,12.17,1.68
2024-02-07,828.81,828.28,845.37,817.89,0.19,1.53,2054144,837182221.0,3.32,1.65
2024-02-08,833.79,886.48,889.98,833.79,7.03,58.2,2159151,914274068.0,6.78,1.74
2024-02-19,913.05,917.66,922.48,899.47,3.52,31.18,1594193,667848239.0,2.6,1.28
2024-02-20,914.75,919.19,921.57,902.9,0.17,1.53,1069378,441896529.0,2.03,0.86
2024-02-21,914.87,932.54,957.37,912.08,1.45,13.35,1538656,656282466.0,4.93,1.24
2024-02-22,927.49,950.13,951.32,927.49,1.89,17.59,1105802,467044061.0,2.56,0.89
2024-02-23,951.92,970.6,970.6,947.97,2.15,20.47,1439369,636263173.0,2.38,1.16
2024-02-26,967.99,974.54,992.47,967.99,0.41,3.94,1444908,642331547.0,2.52,1.16
2024-02-27,971.19,988.98,988.98,968.12,1.48,14.44,1097668,486336456.0,2.14,0.88
2024-02-28,987.88,942.0,1011.48,942.0,-4.75,-46.98,1895272,800112182.0,7.03,1.53
2024-02-29,941.34,1000.91,1000.91,941.34,6.25,58.91,1373999,599763923.0,6.32,1.11
2024-03-01,1024.69,1011.3,1027.14,1002.2,1.04,10.39,1479306,767304837.0,2.49,1.19
2024-03-04,1007.72,1003.36,1010.62,986.54,-0.79,-7.94,1376306,642343958.0,2.38,1.11
2024-03-05,998.08,976.17,998.08,975.09,-2.71,-27.19,1111971,519663748.0,2.29,0.9
2024-03-06,972.6,995.8,1001.79,972.6,2.01,19.63,989133,507541662.0,2.99,0.8
2024-03-07,993.54,994.88,1016.06,993.54,-0.09,-0.92,1151215,552416598.0,2.26,0.93
2024-03-08,994.09,1006.94,1006.94,985.78,1.21,12.06,1001415,443405165.0,2.13,0.81
2024-03-11,1008.71,1010.1,1011.19,1001.26,0.31,3.16,1117360,506173775.0,0.99,0.9
2024-03-12,1010.13,1009.06,1014.81,998.42,-0.1,-1.04,1163633,520335431.0,1.62,0.94
2024-03-13,1009.26,1012.2,1018.22,1001.01,0.31,3.14,1008366,458226967.0,1.71,0.81
2024-03-14,1020.56,1018.31,1027.11,1009.15,0.6,6.11,1326398,587296555.0,1.77,1.07
2024-03-15,1023.37,1041.06,1041.06,1020.41,2.23,22.75,1375860,647896232.0,2.03,1.11
2024-03-18,1043.91,1057.99,1058.0,1036.46,1.63,16.93,1246143,622201053.0,2.07,1.0
2024-03-19,1055.6,1035.79,1057.6,1035.79,-2.1,-22.2,2310569,1280189381.0,2.06,1.86
2024-03-20,1032.6,1041.51,1044.85,1028.69,0.55,5.72,1770035,884087203.0,1.56,1.42
2024-03-21,1039.34,1041.75,1045.02,1031.16,0.02,0.24,1166195,558045878.0,1.33,0.94
2024-03-22,1039.35,1021.21,1040.18,1014.3,-1.97,-20.54,1255127,574170230.0,2.48,1.01
2024-03-25,1019.04,1055.06,1082.49,1019.04,3.31,33.85,2077640,1041798430.0,6.21,1.67
2024-03-26,1043.09,1035.08,1049.95,1018.84,-1.89,-19.98,1625174,790694870.0,2.95,1.31
2024-03-27,1029.13,1012.37,1037.43,1012.37,-2.19,-22.71,1321136,659708854.0,2.42,1.06
2024-03-28,1010.58,1035.03,1045.98,1010.58,2.24,22.66,1680510,894954406.0,3.5,1.35
2024-03-29,1043.0,1086.69,1092.46,1043.0,4.99,51.66,2705559,1362755386.0,4.78,2.18
2024-04-01,1086.82,1093.21,1105.48,1083.71,0.6,6.52,1864241,991069092.0,2.0,1.5
2024-04-02,1097.95,1130.56,1145.44,1097.95,3.42,37.35,2456858,1290020523.0,4.34,1.98
2024-04-03,1133.61,1155.27,1163.33,1129.86,2.19,24.71,3001602,1589252032.0,2.96,2.42
2024-04-08,1132.59,1159.51,1176.38,1121.74,0.37,4.24,2952547,1577330278.0,4.73,2.38
2024-04-09,1141.6,1121.88,1146.65,1109.89,-3.25,-37.63,2306329,1246216028.0,3.17,1.86
2024-04-10,1109.69,1108.48,1120.96,1096.3,-1.19,-13.4,1655480,855897169.0,2.2,1.33
2024-04-11,1105.58,1121.7,1136.28,1105.58,1.19,13.22,1675722,874484466.0,2.77,1.35
2024-04-12,1126.58,1145.98,1166.72,1118.73,2.16,24.28,2325512,1215326985.0,4.28,1.87
2024-04-15,1117.63,1115.19,1132.66,1083.78,-2.69,-30.79,2923358,1406674336.0,4.27,2.35
2024-04-16,1103.17,1042.64,1111.64,1042.04,-6.51,-72.55,3442062,1548098172.0,6.24,2.77
2024-04-17,1051.85,1085.8,1085.8,1051.85,4.14,43.16,2485916,1159436923.0,3.26,2.0
2024-04-18,1078.18,1056.17,1078.18,1054.29,-2.73,-29.63,2020118,921623129.0,2.2,1.63
2024-04-19,1068.95,1173.37,1179.74,1068.95,11.1,117.2,4398004,2265205886.0,10.49,3.54
2024-04-22,1146.83,1089.41,1146.83,1086.25,-7.16,-83.96,4191274,2071313223.0,5.16,3.37
2024-04-23,1084.58,1096.49,1119.6,1067.03,0.65,7.08,3006295,1452840258.0,4.83,2.42
2024-04-24,1077.94,1096.1,1096.51,1076.3,-0.04,-0.39,2079629,1002376538.0,1.84,1.67
2024-04-25,1089.24,1095.62,1101.33,1082.62,-0.04,-0.48,1881031,937666385.0,1.71,1.51
2024-04-26,1102.0,1111.28,1115.57,1099.9,1.43,15.66,2234010,1129307354.0,1.43,1.8
2024-04-29,1099.22,1108.4,1113.0,1091.65,-0.26,-2.88,2139772,1026739204.0,1.92,1.72
2024-04-30,1104.1,1112.21,1136.7,1104.1,0.34,3.81,1957530,1018674313.0,2.94,1.58
2024-05-06,1098.28,1125.75,1125.75,1089.52,1.22,13.54,2007611,994053569.0,3.26,1.62
2024-05-07,1121.6,1129.93,1134.55,1115.38,0.37,4.18,1605862,820009102.0,1.7,1.29
2024-05-08,1121.78,1106.07,1125.07,1101.68,-2.11,-23.86,1591028,787942900.0,2.07,1.28
2024-05-09,1103.21,1121.54,1129.13,1103.21,1.4,15.47,1553565,773050720.0,2.34,1.25
2024-05-10,1126.82,1130.19,1138.18,1116.18,0.77,8.65,1402995,706073253.0,1.96,1.13
2024-05-13,1112.15,1112.66,1123.57,1099.38,-1.55,-17.53,1664614,800175403.0,2.14,1.34
2024-05-14,1114.97,1113.59,1121.81,1111.65,0.08,0.93,1230472,610096936.0,0.91,0.99
2024-05-15,1111.81,1111.16,1124.41,1107.08,-0.22,-2.43,1190357,606001477.0,1.56,0.96
2024-05-16,1109.88,1101.64,1116.37,1097.18,-0.86,-9.52,1217868,621255233.0,1.73,0.98
2024-05-17,1100.06,1104.08,1108.9,1092.31,0.22,2.44,1063547,507714863.0,1.51,0.86
2024-05-20,1108.68,1150.62,1176.88,1108.68,4.22,46.54,3085748,1544275049.0,6.18,2.48
2024-05-21,1142.43,1117.89,1142.43,1112.94,-2.84,-32.73,1814903,872706060.0,2.56,1.46
2024-05-22,1111.54,1103.09,1114.94,1099.72,-1.32,-14.8,1514669,722653986.0,1.36,1.22
2024-05-23,1097.78,1075.39,1097.78,1070.96,-2.51,-27.7,1395428,635639538.0,2.43,1.12
2024-05-24,1071.41,1073.52,1087.07,1071.28,-0.17,-1.87,840065,409620885.0,1.47,0.68
2024-05-27,1074.91,1090.84,1092.09,1074.41,1.61,17.32,1046279,516989677.0,1.65,0.84
2024-05-28,1090.06,1103.11,1117.66,1090.06,1.12,12.27,1166198,612424313.0,2.53,0.94
2024-05-29,1104.04,1105.3,1117.01,1097.96,0.2,2.19,1076937,575298239.0,1.73,0.87
2024-05-30,1094.79,1073.04,1094.79,1070.91,-2.92,-32.26,1142905,555533260.0,2.16,0.92
2024-05-31,1068.88,1069.08,1073.99,1063.73,-0.37,-3.96,879547,408169067.0,0.96,0.71
2024-06-03,1071.71,1045.71,1071.71,1037.59,-2.19,-23.37,1175012,530317493.0,3.19,0.95
2024-06-04,1032.38,1031.25,1032.8,1012.85,-1.38,-14.46,1160036,540171448.0,1.91,0.93
2024-06-05,1025.37,1004.84,1025.37,1004.84,-2.56,-26.41,885650,398186995.0,1.99,0.71
2024-06-06,1005.46,983.96,1018.18,982.83,-2.08,-20.88,1416497,597203362.0,3.52,1.14
2024-06-07,998.07,1002.09,1007.99,991.34,1.84,18.13,919651,387552977.0,1.69,0.74
2024-06-11,1013.55,1005.6,1032.7,994.71,0.35,3.51,1107974,542186297.0,3.79,0.89
2024-06-12,994.06,1019.57,1020.45,994.06,1.39,13.97,843493,403468650.0,2.62,0.68
2024-06-13,1013.87,1005.14,1013.87,1001.13,-1.42,-14.43,682082,315704950.0,1.25,0.55
2024-06-14,1002.51,1012.33,1015.46,996.81,0.72,7.19,819224,369131371.0,1.86,0.66
2024-06-17,1005.37,993.03,1005.37,991.19,-1.91,-19.3,784704,377380500.0,1.4,0.63
2024-06-18,996.79,1003.66,1004.98,993.06,1.07,10.63,780776,371878843.0,1.2,0.63
2024-06-19,1006.69,1004.32,1016.82,1003.55,0.07,0.66,812172,360639860.0,1.32,0.65
2024-06-20,1005.11,985.52,1015.22,984.67,-1.87,-18.8,877241,413348248.0,3.04,0.71
2024-06-21,982.03,983.4,995.18,976.33,-0.22,-2.12,731062,321224585.0,1.91,0.59
2024-06-24,976.43,954.61,976.8,949.45,-2.93,-28.79,920895,394381814.0,2.78,0.74
2024-06-25,952.97,962.12,970.13,952.97,0.79,7.51,756082,334552261.0,1.8,0.61
2024-06-26,954.32,978.5,979.04,951.79,1.7,16.38,803862,336191996.0,2.83,0.65
2024-06-27,978.05,960.81,978.05,960.81,-1.81,-17.69,715171,322789286.0,1.76,0.58
2024-06-28,963.45,982.48,992.36,963.45,2.26,21.67,986527,466740882.0,3.01,0.79
2024-07-01,981.31,1002.02,1002.76,981.31,1.99,19.54,963157,467312277.0,2.18,0.78
2024-07-02,1009.73,1008.04,1014.22,1001.6,0.6,6.02,967120,438215842.0,1.26,0.78
2024-07-03,1003.78,1000.1,1011.68,998.24,-0.79,-7.94,677393,318329450.0,1.33,0.55
2024-07-04,1000.51,980.36,1005.24,976.14,-1.97,-19.74,672235,295996658.0,2.91,0.54
2024-07-05,983.17,990.08,990.28,970.27,0.99,9.72,693668,347022481.0,2.04,0.56
2024-07-08,988.07,959.0,989.2,957.52,-3.14,-31.08,701707,322844832.0,3.2,0.56
2024-07-09,956.01,965.8,967.35,931.12,0.71,6.8,1056241,436313978.0,3.78,0.85
2024-07-10,960.45,949.64,962.79,947.35,-1.67,-16.16,671637,298135083.0,1.6,0.54
2024-07-11,962.77,982.32,983.82,962.77,3.44,32.68,872307,375126648.0,2.22,0.7
2024-07-12,980.63,971.4,987.07,964.78,-1.11,-10.92,851408,377288847.0,2.27,0.69
2024-07-15,971.64,953.72,971.64,950.83,-1.82,-17.68,773000,361078540.0,2.14,0.62
2024-07-16,952.02,952.78,959.26,943.33,-0.1,-0.94,540578,261322706.0,1.67,0.44
2024-07-17,952.72,934.2,952.72,933.14,-1.95,-18.58,779273,375498313.0,2.06,0.63
2024-07-18,936.12,940.46,940.72,923.71,0.67,6.26,678477,317392262.0,1.82,0.55
2024-07-19,932.78,941.01,943.67,923.26,0.06,0.55,807534,327864107.0,2.17,0.65
2024-07-22,933.52,935.83,941.04,924.88,-0.55,-5.18,785206,344216378.0,1.72,0.63
2024-07-23,936.83,927.47,948.2,927.47,-0.89,-8.36,854107,355124306.0,2.22,0.69
2024-07-24,923.64,918.51,929.39,914.18,-0.97,-8.96,702637,301638182.0,1.64,0.57
2024-07-25,926.64,914.94,926.64,908.85,-0.39,-3.57,630793,305803301.0,1.94,0.51
2024-07-26,913.36,919.41,920.09,909.13,0.49,4.47,648445,319982860.0,1.2,0.52
2024-07-29,919.14,926.6,929.1,917.14,0.78,7.19,667680,302825202.0,1.3,0.54
2024-07-30,923.28,921.59,925.33,916.12,-0.54,-5.01,619617,275090285.0,0.99,0.5
2024-07-31,922.63,953.84,953.85,920.69,3.5,32.25,1220239,506524232.0,3.6,0.98
2024-08-01,957.51,956.67,966.7,948.49,0.3,2.83,982116,433051867.0,1.91,0.79
2024-08-02,948.99,947.56,955.12,944.4,-0.95,-9.11,817600,353793067.0,1.12,0.66
2024-08-05,933.72,952.46,965.87,933.72,0.52,4.9,1740481,684138565.0,3.39,1.4
2024-08-06,945.02,954.66,956.97,943.57,0.23,2.2,1285223,537450623.0,1.41,1.03
2024-08-07,952.12,941.89,952.12,939.52,-1.34,-12.77,851017,361379339.0,1.32,0.68
2024-08-08,945.36,949.68,951.01,939.87,0.83,7.79,839678,349036495.0,1.18,0.68
2024-08-09,948.13,952.47,963.08,948.13,0.29,2.79,854707,350859627.0,1.57,0.69
2024-08-12,950.72,966.76,970.77,941.68,1.5,14.29,1099098,446443554.0,3.05,0.88
2024-08-13,980.64,983.22,999.35,971.57,1.7,16.46,1797044,766367854.0,2.87,1.45
2024-08-14,965.26,970.04,982.71,965.1,-1.34,-13.18,1259839,529879729.0,1.79,1.01
2024-08-15,964.42,965.47,971.0,960.43,-0.47,-4.57,994721,412757937.0,1.09,0.8
2024-08-16,967.11,955.82,969.06,952.73,-1.0,-9.65,844027,338896500.0,1.69,0.68
2024-08-19,952.72,967.92,970.06,952.72,1.27,12.1,1128837,486698655.0,1.81,0.91
2024-08-20,966.6,945.02,966.85,943.09,-2.37,-22.9,980001,439887538.0,2.45,0.79
2024-08-21,939.27,936.38,943.54,932.3,-0.91,-8.64,733385,308087871.0,1.19,0.59
2024-08-22,934.1,919.29,934.1,916.35,-1.83,-17.09,750220,308779304.0,1.9,0.6
2024-08-23,913.34,909.01,919.87,905.33,-1.12,-10.28,744194,296460702.0,1.58,0.6
2024-08-26,912.07,927.57,930.22,909.89,2.04,18.56,949016,372892350.0,2.24,0.76
2024-08-27,928.43,918.64,939.91,917.62,-0.96,-8.93,929367,370813061.0,2.4,0.75
2024-08-28,921.64,923.69,934.94,915.23,0.55,5.05,769905,318372789.0,2.15,0.62
2024-08-29,918.63,922.65,926.54,909.26,-0.11,-1.04,793177,314969257.0,1.87,0.64
2024-08-30,919.85,936.45,945.27,919.85,1.5,13.8,869743,367835237.0,2.76,0.7
2024-09-02,930.22,920.02,935.61,918.96,-1.75,-16.43,942139,406111201.0,1.78,0.76
2024-09-03,917.97,911.23,923.33,906.47,-0.96,-8.79,801786,320125799.0,1.83,0.65
2024-09-04,901.31,890.71,901.31,889.48,-2.25,-20.52,820943,335125248.0,1.3,0.66
2024-09-05,891.3,892.58,898.14,888.75,0.21,1.87,592748,235717233.0,1.05,0.48
2024-09-06,892.68,878.81,894.79,877.85,-1.54,-13.77,583685,234328321.0,1.9,0.47
2024-09-09,876.35,873.83,877.65,868.52,-0.57,-4.98,652917,270374828.0,1.04,0.53
2024-09-10,872.49,879.56,885.12,862.8,0.66,5.73,879845,350948865.0,2.55,0.71
2024-09-11,870.46,869.81,873.2,863.94,-1.11,-9.75,1015669,372871127.0,1.05,0.82
2024-09-12,867.73,875.88,882.59,867.73,0.7,6.07,941627,339918232.0,1.71,0.76
2024-09-13,877.32,874.41,887.05,870.43,-0.17,-1.47,1037176,359434080.0,1.9,0.83
2024-09-18,872.05,864.5,872.05,849.39,-1.13,-9.91,885560,308260356.0,2.59,0.71
2024-09-19,866.21,879.29,884.01,862.02,1.71,14.79,1174765,415780789.0,2.54,0.95
2024-09-20,878.12,870.76,880.39,864.38,-0.97,-8.53,917418,326114691.0,1.82,0.74
2024-09-23,869.59,870.62,874.91,866.72,-0.02,-0.14,639914,236324676.0,0.94,0.52
2024-09-24,875.3,907.35,907.51,875.3,4.22,36.73,1511172,571306208.0,3.7,1.22
2024-09-25,916.03,915.72,937.75,913.95,0.92,8.37,1914326,738930244.0,2.62,1.54
2024-09-26,913.91,937.82,938.25,913.91,2.41,22.1,1579572,638270774.0,2.66,1.27
2024-09-27,946.49,973.98,976.01,942.37,3.86,36.16,1741031,723399228.0,3.59,1.4
2024-09-30,1009.35,1068.58,1081.56,994.2,9.71,94.6,3966464,1845409860.0,8.97,3.19
2024-10-08,1210.64,1173.03,1210.64,1104.73,9.77,104.45,5014397,2597712058.0,9.91,4.04
2024-10-09,1128.56,1048.38,1128.56,1045.79,-10.63,-124.65,3518835,1736407913.0,7.06,2.83
2024-10-10,1054.34,1090.05,1128.24,1040.39,3.97,41.67,3778295,1768229267.0,8.38,3.04
2024-10-11,1093.82,1066.1,1112.31,1054.49,-2.2,-23.95,2658892,1338415818.0,5.3,2.14
2024-10-14,1051.49,1073.9,1073.9,1038.38,0.73,7.8,2270652,1098539337.0,3.33,1.83
2024-10-15,1051.03,1035.76,1058.82,1034.77,-3.55,-38.14,2019172,977455054.0,2.24,1.63
2024-10-16,1022.05,1032.09,1041.53,1022.05,-0.35,-3.67,1506772,720105987.0,1.88,1.21
2024-10-17,1034.46,1013.19,1041.6,1011.67,-1.83,-18.9,1561808,711347182.0,2.9,1.26
2024-10-18,1014.07,1037.94,1048.48,1007.39,2.44,24.75,1885507,857282195.0,4.06,1.52
2024-10-21,1034.41,1046.9,1047.82,1025.96,0.86,8.96,1946440,933904096.0,2.11,1.57
2024-10-22,1044.63,1069.26,1069.26,1044.63,2.14,22.36,1704731,819357868.0,2.35,1.37
2024-10-23,1070.2,1066.44,1089.27,1062.21,-0.26,-2.82,1800060,909708603.0,2.53,1.45
2024-10-24,1061.65,1063.89,1067.82,1055.75,-0.24,-2.55,1108112,549356516.0,1.13,0.89
2024-10-25,1062.87,1071.4,1072.41,1061.54,0.71,7.51,1349812,679176643.0,1.02,1.09
2024-10-28,1067.85,1094.51,1094.66,1067.11,2.16,23.11,2352840,1115680995.0,2.57,1.89
2024-10-29,1089.72,1054.66,1089.72,1051.83,-3.64,-39.85,2195998,1020948747.0,3.46,1.77
2024-10-30,1052.05,1051.78,1059.96,1038.52,-0.27,-2.88,1605490,734214774.0,2.03,1.29
2024-10-31,1050.29,1063.64,1070.31,1050.29,1.13,11.86,1656363,747697502.0,1.9,1.33
2024-11-01,1067.25,1061.07,1080.99,1055.46,-0.24,-2.57,2267054,1102499349.0,2.4,1.82
2024-11-04,1059.58,1079.5,1079.5,1054.17,1.74,18.43,1848125,880686161.0,2.39,1.49
2024-11-05,1080.68,1098.6,1101.34,1080.68,1.77,19.1,2148154,1035095286.0,1.91,1.73
2024-11-06,1102.24,1135.22,1142.95,1090.35,3.33,36.62,2939606,1539707105.0,4.79,2.37
2024-11-07,1137.78,1150.51,1154.72,1125.4,1.35,15.29,3035073,1525765827.0,2.58,2.44
2024-11-08,1150.33,1127.67,1157.46,1126.33,-1.99,-22.84,2803309,1396256202.0,2.71,2.26
2024-11-11,1119.05,1122.35,1123.78,1102.28,-0.47,-5.32,2049970,1032516051.0,1.91,1.65
2024-11-12,1121.9,1108.31,1126.45,1097.41,-1.25,-14.04,2084831,1050541572.0,2.59,1.68
2024-11-13,1107.9,1112.29,1121.7,1094.06,0.36,3.98,1654625,794824953.0,2.49,1.33
2024-11-14,1109.58,1097.48,1122.58,1095.93,-1.33,-14.81,1499807,825887014.0,2.4,1.21
2024-11-15,1093.15,1090.1,1120.46,1089.4,-0.67,-7.38,1850653,978339216.0,2.83,1.49
2024-11-18,1100.39,1075.4,1110.26,1070.13,-1.35,-14.7,2893100,1387995160.0,3.68,2.33
2024-11-19,1076.77,1089.2,1089.2,1060.98,1.28,13.8,1794658,840276192.0,2.62,1.44
2024-11-20,1085.32,1116.48,1117.41,1085.32,2.5,27.28,1983819,977470490.0,2.95,1.6
2024-11-21,1120.9,1106.69,1126.95,1096.62,-0.88,-9.79,1655478,777744786.0,2.72,1.33
2024-11-22,1109.02,1075.36,1128.3,1075.2,-2.83,-31.33,2200461,1022379686.0,4.8,1.77
2024-11-25,1074.93,1098.19,1105.34,1074.93,2.12,22.83,2375772,1079283976.0,2.83,1.91
2024-11-26,1097.02,1079.97,1097.02,1077.13,-1.66,-18.22,1618838,731952047.0,1.81,1.3
2024-11-27,1075.11,1078.49,1079.63,1045.62,-0.14,-1.48,1357546,617371863.0,3.15,1.09
2024-11-28,1075.59,1084.38,1092.93,1075.59,0.55,5.89,1606403,717564528.0,1.61,1.29
2024-11-29,1085.36,1095.38,1099.61,1078.91,1.01,11.0,1433949,668967221.0,1.91,1.15
2024-12-02,1096.57,1118.74,1119.19,1096.57,2.13,23.36,1774332,802604693.0,2.07,1.43
2024-12-03,1121.24,1127.27,1127.47,1108.66,0.76,8.53,1581772,718858745.0,1.68,1.27
2024-12-04,1123.52,1125.29,1149.11,1115.78,-0.18,-1.98,2449156,1127116356.0,2.96,1.97
2024-12-05,1115.58,1119.21,1120.51,1110.57,-0.54,-6.08,1847059,852429909.0,0.88,1.49
2024-12-06,1118.83,1144.07,1146.18,1116.73,2.22,24.86,2061562,929595111.0,2.63,1.66
2024-12-09,1142.37,1146.09,1155.14,1134.99,0.18,2.02,1879195,893968190.0,1.76,1.51
2024-12-10,1169.93,1130.9,1169.93,1130.9,-1.33,-15.19,2261454,1059564025.0,3.41,1.82
2024-12-11,1128.44,1147.56,1147.56,1128.44,1.47,16.66,1561912,729778542.0,1.69,1.26
2024-12-12,1148.36,1151.08,1156.54,1141.74,0.31,3.52,1388045,642217767.0,1.29,1.12
2024-12-13,1146.32,1112.33,1146.32,1110.54,-3.37,-38.75,1730098,835118631.0,3.11,1.39
2024-12-16,1114.58,1113.34,1125.13,1107.56,0.09,1.01,1213932,562655880.0,1.58,0.98
2024-12-17,1111.3,1073.13,1115.3,1071.01,-3.61,-40.21,1596761,713954488.0,3.98,1.29
2024-12-18,1077.27,1074.12,1087.69,1068.46,0.09,0.99,1374120,623971478.0,1.79,1.11
2024-12-19,1071.53,1071.9,1073.75,1054.3,-0.21,-2.22,1218731,546499767.0,1.81,0.98
2024-12-20,1074.41,1071.36,1078.89,1068.5,-0.05,-0.54,1024086,483146737.0,0.97,0.82
2024-12-23,1078.55,1048.51,1089.74,1047.55,-2.13,-22.85,2283757,913173317.0,3.94,1.84
2024-12-24,1039.76,1052.19,1055.06,1039.76,0.35,3.68,1659311,658511379.0,1.46,1.34
2024-12-25,1050.17,1037.13,1050.17,1031.32,-1.43,-15.06,1384632,595457029.0,1.79,1.11
2024-12-26,1038.61,1035.04,1044.19,1031.84,-0.2,-2.09,1036911,460862836.0,1.19,0.83
2024-12-27,1036.76,1054.15,1056.82,1034.74,1.85,19.11,1246607,542928157.0,2.13,1.0
2024-12-30,1053.19,1041.36,1053.19,1035.62,-1.21,-12.79,1124521,496824045.0,1.67,0.91
2024-12-31,1051.54,1028.4,1060.02,1023.49,-1.24,-12.96,1440819,656493311.0,3.51,1.16
2025-01-02,1029.6,1012.49,1043.55,1005.17,-1.55,-15.91,1635930,774538772.0,3.73,1.32
2025-01-03,1017.45,1001.32,1034.55,999.79,-1.1,-11.17,1722920,797531393.0,3.43,1.39
2025-01-06,1000.62,993.75,1007.44,974.89,-0.76,-7.57,1386363,610175868.0,3.25,1.12
2025-01-07,993.61,1012.1,1012.33,988.4,1.85,18.35,1284851,538442876.0,2.41,1.03
2025-01-08,1009.05,1010.84,1018.82,985.55,-0.12,-1.26,1651724,718389294.0,3.29,1.33
2025-01-09,1005.83,992.11,1005.83,990.44,-1.85,-18.73,1141588,508249472.0,1.52,0.92
2025-01-10,996.79,970.1,996.82,969.94,-2.22,-22.01,937306,411948872.0,2.71,0.75
2025-01-13,994.42,1009.03,1013.7,994.42,4.01,38.93,1444953,716459784.0,1.99,1.16
2025-01-14,1000.48,1038.65,1038.65,1000.48,2.94,29.62,1721565,844900035.0,3.78,1.39
2025-01-15,1037.31,1026.74,1037.31,1022.47,-1.15,-11.91,1249475,619643009.0,1.43,1.01
2025-01-16,1042.8,1054.54,1070.34,1042.8,2.71,27.8,1839960,974029475.0,2.68,1.48
2025-01-17,1056.9,1058.06,1058.59,1041.2,0.33,3.52,1483229,800225370.0,1.65,1.19
2025-01-20,1063.49,1056.72,1071.1,1051.37,-0.13,-1.34,1725886,845092274.0,1.86,1.39
2025-01-21,1063.75,1034.1,1063.75,1025.06,-2.14,-22.62,1557149,775732935.0,3.66,1.25
2025-01-22,1031.56,1016.24,1031.56,1014.6,-1.73,-17.86,993955,484833771.0,1.64,0.8
2025-01-23,1025.4,1021.54,1037.13,1021.54,0.52,5.3,1180555,585324885.0,1.53,0.95
2025-01-24,1020.1,1035.08,1037.37,1016.47,1.33,13.54,1032091,551053383.0,2.05,0.83
2025-01-27,1036.58,1038.93,1050.12,1036.58,0.37,3.85,1256996,649741423.0,1.31,1.01
2025-02-05,1042.05,1037.01,1042.05,1028.91,-0.18,-1.92,1138871,571881571.0,1.26,0.92
2025-02-06,1034.78,1049.18,1049.18,1029.46,1.17,12.17,1104353,531903710.0,1.9,0.89
2025-02-07,1048.15,1052.95,1058.45,1042.39,0.36,3.77,1435742,701579435.0,1.53,1.16
2025-02-10,1052.8,1061.66,1062.06,1051.63,0.83,8.71,1125351,557449836.0,0.99,0.91
2025-02-11,1064.04,1059.94,1065.44,1055.35,-0.16,-1.72,1087428,536709019.0,0.95,0.88
2025-02-12,1057.17,1055.02,1060.03,1044.6,-0.46,-4.92,1118391,569878263.0,1.46,0.9
2025-02-13,1051.69,1042.81,1055.24,1042.47,-1.16,-12.21,1028447,483921236.0,1.21,0.83
2025-02-14,1040.42,1037.58,1046.33,1034.69,-0.5,-5.23,975860,454699727.0,1.12,0.79
2025-02-17,1037.75,1043.88,1044.42,1032.47,0.61,6.3,1161695,527730301.0,1.15,0.94
2025-02-18,1043.98,1024.67,1048.44,1022.99,-1.84,-19.21,1118690,515645568.0,2.44,0.9
2025-02-19,1024.97,1035.14,1036.74,1023.93,1.02,10.47,1500493,712516457.0,1.25,1.21
2025-02-20,1033.5,1035.91,1037.63,1028.43,0.07,0.77,1302899,593767208.0,0.89,1.05
2025-02-21,1037.11,1034.49,1037.11,1020.65,-0.14,-1.42,1162840,520375079.0,1.59,0.94
2025-02-24,1029.4,1042.17,1042.17,1027.69,0.74,7.68,1187641,544062698.0,1.4,0.96
2025-02-25,1037.12,1043.08,1052.0,1032.34,0.09,0.91,1086397,583908096.0,1.89,0.87
2025-02-26,1044.05,1048.81,1050.21,1042.84,0.55,5.73,1072771,517318667.0,0.71,0.86
2025-02-27,1049.89,1041.19,1051.22,1030.13,-0.73,-7.62,1153722,527061627.0,2.01,0.93
2025-02-28,1056.78,1076.06,1091.95,1056.78,3.35,34.87,2217314,1175050747.0,3.38,1.78
2025-03-03,1078.56,1064.18,1092.53,1061.45,-1.1,-11.88,1918507,1135588670.0,2.89,1.54
2025-03-04,1055.47,1061.17,1061.6,1050.63,-0.28,-3.01,1076099,613224349.0,1.03,0.87
2025-03-05,1060.73,1048.54,1060.73,1041.41,-1.19,-12.63,1274051,625713676.0,1.82,1.03
2025-03-06,1049.03,1051.2,1052.46,1041.83,0.25,2.66,1352977,693899679.0,1.01,1.09
2025-03-07,1047.63,1053.27,1060.87,1047.53,0.2,2.07,1085050,588839774.0,1.27,0.87
2025-03-10,1052.19,1052.58,1060.78,1047.69,-0.07,-0.69,959616,480426696.0,1.24,0.77
2025-03-11,1041.33,1051.0,1051.0,1037.58,-0.15,-1.58,994236,487569205.0,1.27,0.8
2025-03-12,1053.14,1054.72,1058.65,1047.78,0.35,3.72,868245,437289928.0,1.03,0.7
2025-03-13,1055.51,1074.47,1075.06,1048.38,1.87,19.75,1666704,842228580.0,2.53,1.34
2025-03-14,1077.43,1090.41,1091.88,1070.01,1.48,15.94,2630160,1332866157.0,2.04,2.12
2025-03-17,1106.74,1153.71,1172.86,1106.74,5.81,63.3,3648087,2314131356.0,6.06,2.94
2025-03-18,1148.35,1161.01,1170.11,1132.62,0.63,7.3,2780011,1871172640.0,3.25,2.24
2025-03-19,1156.09,1149.96,1163.25,1145.29,-0.95,-11.05,1817053,1195092956.0,1.55,1.46
2025-03-20,1149.44,1191.25,1206.99,1149.44,3.59,41.29,3354536,2139942527.0,5.0,2.7
2025-03-21,1204.88,1249.99,1287.14,1204.88,4.93,58.74,6915411,4376671838.0,6.91,5.57
2025-03-24,1260.02,1257.43,1274.13,1217.0,0.6,7.44,6533067,3632563831.0,4.57,5.26
2025-03-25,1227.06,1207.96,1230.42,1203.53,-3.93,-49.47,4309743,2417010937.0,2.14,3.47
2025-03-26,1201.56,1204.23,1224.12,1195.62,-0.31,-3.73,3198886,1772149318.0,2.36,2.57
2025-03-27,1195.84,1172.26,1202.01,1167.68,-2.65,-31.97,2964778,1559903804.0,2.85,2.39
2025-03-28,1161.44,1140.7,1161.44,1138.38,-2.69,-31.56,2224585,1186428936.0,1.97,1.79
2025-03-31,1133.54,1127.92,1133.54,1115.19,-1.12,-12.78,1707369,890562516.0,1.61,1.37
2025-04-01,1150.85,1157.28,1184.54,1150.85,2.6,29.36,2788405,1456741965.0,2.99,2.24
2025-04-02,1152.98,1136.27,1152.98,1132.05,-1.82,-21.01,1980507,1027107541.0,1.81,1.59
2025-04-03,1123.38,1131.29,1135.8,1118.88,-0.44,-4.98,1603381,777941134.0,1.49,1.29
2025-04-07,1050.23,984.29,1052.79,981.57,-12.99,-147.0,2703979,1256269535.0,6.3,2.18
2025-04-08,990.75,987.87,1006.2,972.45,0.36,3.58,2552772,1175348913.0,3.43,2.05
2025-04-09,969.47,1010.96,1015.26,927.18,2.34,23.09,2515466,1153702249.0,8.92,2.02
2025-04-10,1027.35,1033.38,1041.08,1025.44,2.22,22.42,2111967,1059184679.0,1.55,1.7
2025-04-11,1023.13,1029.81,1039.25,1023.13,-0.35,-3.57,1474177,727821567.0,1.56,1.19
2025-04-14,1038.26,1046.5,1050.84,1038.16,1.62,16.69,1408294,664484021.0,1.23,1.13
2025-04-15,1047.35,1040.2,1047.35,1030.35,-0.6,-6.3,1029419,480988594.0,1.62,0.83
2025-04-16,1033.8,1022.14,1036.02,1004.52,-1.74,-18.06,1261970,576384130.0,3.03,1.02
2025-04-17,1021.04,1029.75,1034.85,1021.04,0.74,7.61,1145743,514335912.0,1.35,0.92
2025-04-18,1037.74,1042.69,1048.47,1029.72,1.26,12.94,1385398,724876259.0,1.82,1.12
2025-04-21,1035.98,1065.49,1070.95,1031.8,2.19,22.8,2054912,911585065.0,3.75,1.65
2025-04-22,1059.51,1050.94,1059.67,1048.01,-1.37,-14.55,1629494,709151113.0,1.09,1.31
2025-04-23,1056.05,1058.8,1062.39,1054.72,0.75,7.86,1379383,639419539.0,0.73,1.11
2025-04-24,1054.74,1047.9,1058.39,1041.27,-1.03,-10.9,1342621,631622159.0,1.62,1.08
2025-04-25,1048.07,1046.77,1053.4,1041.58,-0.11,-1.13,1115842,517129508.0,1.13,0.9
2025-04-28,1042.94,1032.7,1042.94,1028.24,-1.34,-14.07,1502011,743156968.0,1.4,1.21
2025-04-29,1031.01,1040.84,1050.59,1031.01,0.79,8.14,1338201,629698150.0,1.9,1.08
2025-04-30,1040.05,1046.54,1053.61,1040.05,0.55,5.7,1268053,607697381.0,1.3,1.02
2025-05-06,1048.49,1064.08,1064.54,1048.49,1.68,17.54,1758428,822504600.0,1.53,1.42
2025-05-07,1075.14,1081.75,1081.75,1070.49,1.66,17.67,1879270,916271954.0,1.06,1.51
2025-05-08,1076.06,1088.79,1090.46,1072.76,0.65,7.04,1385996,664127567.0,1.64,1.12
2025-05-09,1092.34,1074.03,1092.37,1073.21,-1.36,-14.76,1194735,559146061.0,1.76,0.96
2025-05-12,1078.3,1085.25,1086.48,1076.68,1.04,11.22,1406243,672197179.0,0.91,1.13
2025-05-13,1092.73,1084.74,1096.2,1082.21,-0.05,-0.51,1326997,588435922.0,1.29,1.07
2025-05-14,1086.1,1088.01,1091.12,1077.31,0.3,3.27,1378697,599025153.0,1.27,1.11
2025-05-15,1087.83,1076.4,1087.83,1074.93,-1.07,-11.61,1358116,568435693.0,1.19,1.09
2025-05-16,1072.31,1074.39,1081.25,1072.31,-0.19,-2.01,1183479,489084727.0,0.83,0.95
2025-05-19,1075.98,1087.71,1089.15,1073.04,1.24,13.32,1052527,460812476.0,1.5,0.85
2025-05-20,1088.33,1095.01,1096.28,1082.38,0.67,7.3,1276192,595970825.0,1.28,1.03
2025-05-21,1097.84,1098.51,1101.86,1089.88,0.32,3.5,1214224,574312867.0,1.09,0.98
2025-05-22,1092.64,1087.82,1098.57,1084.82,-0.97,-10.69,1198060,583094204.0,1.25,0.96
2025-05-23,1087.6,1078.26,1097.33,1075.58,-0.88,-9.56,1208224,590956586.0,2.0,0.97
2025-05-26,1079.7,1089.8,1093.04,1077.04,1.07,11.54,937760,466622770.0,1.48,0.75
2025-05-27,1091.55,1090.62,1091.81,1080.8,0.08,0.82,884924,387148380.0,1.01,0.71
2025-05-28,1090.28,1113.14,1115.88,1085.17,2.06,22.52,1320017,770852006.0,2.82,1.06
2025-05-29,1110.99,1115.74,1118.52,1105.34,0.23,2.6,1160355,616227470.0,1.18,0.93
2025-05-30,1111.86,1107.72,1114.0,1104.09,-0.72,-8.02,993433,514064520.0,0.89,0.8
2025-06-03,1111.98,1123.48,1123.48,1105.71,1.42,15.76,1214009,620546533.0,1.6,0.98
2025-06-04,1123.64,1127.71,1130.27,1119.96,0.38,4.23,1075484,543454746.0,0.92,0.87
2025-06-05,1125.53,1115.09,1125.53,1110.59,-1.12,-12.62,1160964,539664070.0,1.32,0.93
2025-06-06,1116.16,1144.09,1144.17,1116.16,2.6,29.0,1669585,824013369.0,2.51,1.34
2025-06-09,1158.11,1172.12,1189.45,1158.11,2.45,28.03,1515629,1133969755.0,2.74,1.22
2025-06-10,1172.66,1149.4,1172.66,1141.53,-1.94,-22.72,1456297,938604258.0,2.66,1.17
2025-06-11,1153.91,1154.47,1157.75,1150.8,0.44,5.07,1051572,626301571.0,0.6,0.85
2025-06-12,1179.07,1175.28,1196.34,1171.23,1.8,20.81,2130390,1323019439.0,2.18,1.71
2025-06-13,1270.77,1278.14,1289.42,1250.87,8.75,102.86,7543815,4123015695.0,3.28,6.07
2025-06-16,1308.48,1317.62,1358.95,1285.82,3.09,39.48,9017586,5100367291.0,5.72,7.26
2025-06-17,1276.28,1380.6,1391.84,1269.37,4.78,62.98,8289210,4866599427.0,9.29,6.67
2025-06-18,1384.41,1371.75,1413.23,1350.93,-0.64,-8.85,7041936,4593401760.0,4.51,5.67
2025-06-19,1334.73,1440.17,1471.83,1331.93,4.99,68.42,8645299,5438215507.0,10.2,6.96
2025-06-20,1401.59,1352.24,1411.46,1352.24,-6.11,-87.93,5742122,3705979545.0,4.11,4.62
2025-06-23,1403.7,1398.22,1430.1,1382.3,3.4,45.98,6199306,3942548721.0,3.53,4.99
2025-06-24,1269.75,1270.17,1308.11,1268.29,-9.16,-128.05,6828899,3969340097.0,2.85,5.5
2025-06-25,1241.79,1247.97,1249.39,1231.08,-1.75,-22.2,4846744,2530298757.0,1.44,3.9
2025-06-26,1237.21,1264.95,1282.96,1231.47,1.36,16.98,5064562,2881989451.0,4.13,4.08
2025-06-27,1241.93,1232.15,1247.31,1230.61,-2.59,-32.8,3137054,1772141537.0,1.32,2.52
2025-06-30,1235.06,1258.72,1263.0,1229.89,2.16,26.57,3336048,1861159881.0,2.69,2.69
2025-07-01,1259.76,1252.95,1259.76,1242.44,-0.46,-5.77,2417042,1336505763.0,1.38,1.95
2025-07-02,1269.82,1283.1,1295.4,1269.72,2.41,30.15,4307246,2647160840.0,2.05,3.47
2025-07-03,1281.66,1268.26,1281.66,1260.25,-1.16,-14.84,2686999,1612752416.0,1.67,2.16
2025-07-04,1262.8,1255.33,1263.3,1252.78,-1.02,-12.93,2282667,1232437165.0,0.83,1.84
2025-07-07,1243.85,1250.37,1254.57,1233.83,-0.4,-4.96,1982398,1054748883.0,1.65,1.6
2025-07-08,1255.78,1259.89,1262.01,1248.62,0.76,9.52,1992750,1032991871.0,1.07,1.6
2025-07-09,1259.4,1256.32,1270.92,1253.98,-0.28,-3.57,2301338,1174123927.0,1.34,1.85
2025-07-10,1253.24,1266.04,1269.54,1253.24,0.77,9.72,2043069,1055564939.0,1.3,1.64
2025-07-11,1262.77,1259.59,1262.77,1249.53,-0.51,-6.45,2130627,1106036792.0,1.05,1.71
2025-07-14,1261.98,1265.2,1273.68,1261.94,0.45,5.61,1769371,928945342.0,0.93,1.42
2025-07-15,1253.7,1231.99,1253.7,1226.76,-2.62,-33.21,2055870,1062981644.0,2.13,1.65
2025-07-16,1230.82,1232.56,1237.63,1228.74,0.05,0.57,1186582,600945161.0,0.72,0.96
2025-07-17,1231.21,1233.4,1236.46,1227.22,0.07,0.84,1310834,634279060.0,0.75,1.06
2025-07-18,1237.17,1244.08,1245.19,1232.39,0.87,10.68,1860891,924666956.0,1.04,1.5
2025-07-21,1239.81,1257.94,1260.38,1238.73,1.11,13.86,2165032,1037831079.0,1.74,1.74
2025-07-22,1258.13,1263.26,1263.26,1243.96,0.42,5.32,2290797,1094070303.0,1.53,1.84
2025-07-23,1267.14,1249.13,1267.78,1248.73,-1.12,-14.13,1936841,940786952.0,1.51,1.56
2025-07-24,1248.58,1266.68,1266.68,1243.96,1.4,17.55,1760014,912469420.0,1.82,1.42
2025-07-25,1266.61,1256.89,1269.91,1253.7,-0.77,-9.79,1501057,762062395.0,1.28,1.21
2025-07-28,1256.22,1256.48,1257.63,1242.92,-0.03,-0.41,1465370,733542700.0,1.17,1.18
2025-07-29,1261.8,1251.5,1261.94,1239.17,-0.4,-4.98,1555624,847533754.0,1.81,1.25
2025-07-30,1263.79,1295.75,1315.05,1263.79,3.54,44.25,4131877,2640146967.0,4.1,3.33
2025-07-31,1287.79,1252.34,1287.79,1248.81,-3.35,-43.41,3122496,1860345642.0,3.01,2.51
2025-08-01,1251.1,1246.87,1255.26,1244.3,-0.44,-5.47,1817817,1076690060.0,0.88,1.46
2025-08-04,1239.28,1252.79,1254.51,1228.63,0.47,5.92,1571004,860351433.0,2.08,1.26
2025-08-05,1252.26,1263.67,1268.1,1251.37,0.87,10.88,1614044,854068728.0,1.34,1.3
2025-08-06,1262.42,1269.82,1270.07,1256.53,0.49,6.15,1425125,756828335.0,1.07,1.15
2025-08-07,1270.18,1280.01,1280.84,1263.52,0.8,10.19,1694340,981736727.0,1.36,1.36
2025-08-08,1276.36,1284.19,1286.47,1274.97,0.33,4.18,2011211,1075762958.0,0.9,1.62
2025-08-11,1283.21,1286.38,1287.73,1274.77,0.17,2.19,2047617,1099222568.0,1.01,1.65
2025-08-12,1285.68,1293.12,1294.98,1283.19,0.52,6.74,1777253,1001770879.0,0.92,1.43
2025-08-13,1289.95,1283.83,1291.21,1278.59,-0.72,-9.29,1627954,922819707.0,0.98,1.31
2025-08-14,1284.19,1271.99,1290.66,1262.83,-0.92,-11.84,1624085,915858284.0,2.17,1.31
2025-08-15,1275.29,1279.46,1283.7,1272.91,0.59,7.47,1379505,767638602.0,0.85,1.11
2025-08-18,1278.96,1278.82,1282.28,1270.35,-0.05,-0.64,2255261,1232635933.0,0.93,1.82
2025-08-19,1277.38,1277.32,1284.18,1271.91,-0.12,-1.5,1750508,941471922.0,0.96,1.41
2025-08-20,1277.42,1296.41,1299.72,1276.45,1.49,19.09,1887978,1251405489.0,1.82,1.52
2025-08-21,1297.07,1325.06,1331.61,1296.34,2.21,28.65,3249074,2009667455.0,2.72,2.62
2025-08-22,1322.73,1312.36,1322.73,1297.04,-0.96,-12.7,2589807,1534060489.0,1.94,2.08
2025-08-25,1314.38,1320.7,1323.98,1306.89,0.64,8.34,3037964,1702454596.0,1.3,2.45
2025-08-26,1321.45,1330.67,1339.84,1312.98,0.75,9.97,2554534,1370591048.0,2.03,2.06
2025-08-27,1327.25,1293.15,1328.85,1292.65,-2.82,-37.52,2696403,1472014633.0,2.72,2.17
2025-08-28,1289.77,1289.74,1305.85,1252.56,-0.26,-3.41,2667050,1475987499.0,4.12,2.15
2025-08-29,1291.67,1284.71,1302.0,1280.92,-0.39,-5.03,2662291,1363761356.0,1.63,2.14
2025-09-01,1291.36,1298.94,1309.7,1281.45,1.11,14.23,3602200,1915268442.0,2.2,2.9
2025-09-02,1289.5,1285.0,1289.5,1259.38,-1.07,-13.94,3498605,1678565268.0,2.32,2.82
2025-09-03,1284.81,1254.85,1289.43,1250.35,-2.35,-30.15,2541494,1283121713.0,3.04,2.05
2025-09-04,1248.82,1243.59,1256.61,1230.45,-0.9,-11.26,2154242,1089631908.0,2.08,1.73
2025-09-05,1243.6,1261.2,1261.34,1234.28,1.42,17.61,1803480,923332610.0,2.18,1.45
2025-09-08,1260.9,1269.04,1273.78,1259.95,0.62,7.84,1794693,943943701.0,1.1,1.44
2025-09-09,1268.4,1254.15,1268.4,1247.22,-1.17,-14.89,1348305,694713423.0,1.67,1.09
2025-09-10,1266.96,1313.64,1324.27,1266.28,4.74,59.49,4320161,2586924075.0,4.62,3.48
2025-09-11,1299.4,1295.76,1300.39,1275.75,-1.36,-17.88,3546123,2021051707.0,1.88,2.85
2025-09-12,1286.4,1296.93,1302.97,1284.18,0.09,1.17,3325109,1716432888.0,1.45,2.68
2025-09-15,1302.03,1313.89,1326.26,1297.01,1.31,16.96,3485389,1831845795.0,2.26,2.81
2025-09-16,1309.02,1306.76,1309.02,1291.21,-0.54,-7.13,2483184,1302633125.0,1.36,2.0
2025-09-17,1312.67,1308.44,1323.74,1305.25,0.13,1.68,2776230,1525897757.0,1.41,2.23
2025-09-18,1302.46,1271.83,1302.46,1265.25,-2.8,-36.61,2863270,1523950850.0,2.84,2.3
2025-09-19,1268.99,1270.14,1274.58,1262.18,-0.13,-1.69,1664921,823336762.0,0.97,1.34
2025-09-22,1269.29,1265.14,1269.29,1250.79,-0.39,-5.0,1443441,723259357.0,1.46,1.16
2025-09-23,1261.62,1241.57,1261.62,1217.17,-1.86,-23.57,1875038,953155567.0,3.51,1.51
2025-09-24,1259.23,1269.61,1284.3,1259.23,2.26,28.04,2616915,1408791080.0,2.02,2.11
2025-09-25,1262.05,1248.34,1267.27,1246.47,-1.68,-21.27,1723414,930260664.0,1.64,1.39
2025-09-26,1268.04,1262.6,1277.86,1257.28,1.14,14.26,2993921,1448488124.0,1.65,2.41
2025-09-29,1259.26,1276.33,1278.47,1245.16,1.09,13.73,2514775,1340824466.0,2.64,2.02
2025-09-30,1266.08,1278.93,1280.28,1261.06,0.2,2.6,2272944,1202216678.0,1.51,1.83
2025-10-09,1281.39,1297.47,1299.7,1273.64,1.45,18.54,2856678,1459217682.0,2.04,2.3
2025-10-10,1291.58,1315.04,1325.85,1286.87,1.35,17.57,3154236,1628523948.0,3.0,2.54
2025-10-13,1269.74,1289.92,1290.65,1264.51,-1.91,-25.12,2415211,1238916224.0,1.99,1.94
2025-10-14,1293.98,1301.76,1315.07,1293.32,0.92,11.84,2878541,1548616066.0,1.69,2.32
2025-10-15,1305.27,1307.59,1312.43,1297.02,0.45,5.83,2526059,1303693492.0,1.18,2.03
2025-10-16,1306.36,1290.17,1306.97,1284.81,-1.33,-17.42,1948195,1023957850.0,1.69,1.57
2025-10-17,1292.04,1291.37,1307.38,1288.55,0.09,1.2,2881434,1596800325.0,1.46,2.32
2025-10-20,1288.08,1318.97,1318.97,1288.08,2.14,27.6,2789586,1482340888.0,2.39,2.25
2025-10-21,1340.05,1388.17,1395.55,1339.12,5.25,69.2,5050156,2908165361.0,4.28,4.06
2025-10-22,1402.25,1449.15,1462.3,1390.07,4.39,60.98,6772963,4006944434.0,5.2,5.45
2025-10-23,1435.81,1403.92,1435.81,1384.97,-3.12,-45.23,5260420,2895200651.0,3.51,4.23
2025-10-24,1411.36,1365.6,1426.43,1363.14,-2.73,-38.32,4282903,2372116883.0,4.51,3.45
2025-10-27,1366.72,1358.53,1369.45,1348.92,-0.52,-7.07,3557073,1855373603.0,1.5,2.86
2025-10-28,1353.04,1346.94,1355.68,1341.04,-0.85,-11.59,2612479,1330754094.0,1.08,2.1
2025-10-29,1343.17,1356.01,1358.75,1329.29,0.67,9.07,2576711,1337305292.0,2.19,2.07
2025-10-30,1351.77,1331.43,1356.98,1329.68,-1.81,-24.58,2303562,1217645250.0,2.01,1.85
2025-10-31,1329.51,1331.28,1338.97,1328.6,-0.01,-0.15,1891263,949564424.0,0.78,1.52
2025-11-03,1336.77,1376.48,1377.75,1336.77,3.4,45.2,3529767,1834559180.0,3.08,2.84
2025-11-04,1369.76,1363.76,1373.83,1355.14,-0.92,-12.72,2835050,1374817894.0,1.36,2.28
2025-11-05,1358.4,1381.48,1385.85,1351.52,1.3,17.72,2944025,1499037812.0,2.52,2.37
2025-11-06,1373.86,1382.37,1384.0,1366.05,0.06,0.89,2412553,1294745363.0,1.3,1.94
2025-11-07,1380.33,1382.57,1393.48,1377.81,0.01,0.2,2575560,1389888770.0,1.13,2.07
2025-11-10,1381.84,1379.55,1383.06,1370.36,-0.22,-3.02,2141578,1146350287.0,0.92,1.72
2025-11-11,1380.26,1385.18,1393.66,1376.35,0.41,5.63,1874930,1012573342.0,1.25,1.51
2025-11-12,1403.65,1420.37,1442.38,1403.65,2.54,35.19,4752834,2714409194.0,2.8,3.83
2025-11-13,1396.81,1411.1,1412.0,1370.99,-0.65,-9.27,3705498,2040223117.0,2.89,2.98
2025-11-14,1407.46,1419.86,1433.9,1407.46,0.62,8.76,3083279,1837237581.0,1.87,2.48
2025-11-17,1411.24,1426.35,1432.59,1408.24,0.46,6.49,2816312,1603725359.0,1.71,2.27
2025-11-18,1421.73,1399.71,1421.73,1390.69,-1.87,-26.64,2479436,1394847811.0,2.18,2.0
2025-11-19,1397.71,1403.57,1427.14,1390.73,0.28,3.86,2543078,1534250992.0,2.6,2.05
2025-11-20,1392.23,1372.93,1398.22,1366.73,-2.18,-30.64,2293889,1327187078.0,2.24,1.85
2025-11-21,1359.6,1294.41,1366.58,1294.41,-5.72,-78.52,2735212,1500316343.0,5.26,2.2
2025-11-24,1322.56,1324.05,1331.36,1298.74,2.29,29.64,2359063,1251867750.0,2.52,1.9
2025-11-25,1329.56,1324.27,1336.12,1322.31,0.02,0.22,1900868,1151042928.0,1.04,1.53
2025-11-26,1319.39,1312.7,1331.96,1311.47,-0.87,-11.57,1620607,956052215.0,1.55,1.3
2025-11-27,1313.8,1311.18,1321.27,1306.92,-0.12,-1.52,1301732,703808380.0,1.09,1.05
2025-11-28,1321.43,1339.99,1342.52,1318.98,2.2,28.81,1927909,1050340765.0,1.8,1.55
2025-12-01,1342.76,1363.96,1367.36,1342.76,1.79,23.97,2413252,1426556653.0,1.84,1.94
2025-12-02,1357.12,1350.05,1357.12,1330.77,-1.02,-13.91,2015882,1096883566.0,1.93,1.62
2025-12-03,1343.35,1349.25,1356.28,1338.64,-0.06,-0.8,1554261,862779192.0,1.31,1.25
2025-12-04,1347.56,1332.79,1356.1,1331.04,-1.22,-16.46,1391812,740915804.0,1.86,1.12
2025-12-05,1328.72,1348.95,1348.95,1325.12,1.21,16.16,1356166,714994034.0,1.79,1.09
2025-12-08,1334.41,1329.27,1337.37,1323.66,-1.46,-19.68,1845248,937099876.0,1.02,1.49
2025-12-09,1320.98,1290.82,1320.98,1290.82,-2.89,-38.45,1833586,917557149.0,2.27,1.48
2025-12-10,1291.09,1292.43,1294.1,1278.95,0.12,1.61,1397448,694214168.0,1.17,1.12
2025-12-11,1293.98,1263.87,1295.02,1263.87,-2.21,-28.56,1466137,712934483.0,2.41,1.18
2025-12-12,1264.23,1264.23,1277.92,1261.77,0.03,0.36,1323980,661410458.0,1.28,1.07
2025-12-15,1262.44,1262.74,1276.29,1254.56,-0.12,-1.49,1141383,572910475.0,1.72,0.92
2025-12-16,1257.19,1227.17,1257.19,1225.65,-2.82,-35.57,1582093,790475242.0,2.5,1.27
2025-12-17,1224.97,1231.27,1234.55,1211.0,0.33,4.1,1256639,606852432.0,1.92,1.01
2025-12-18,1243.4,1241.51,1250.71,1240.5,0.83,10.24,1493107,797220044.0,0.83,1.2
2025-12-19,1239.34,1256.96,1257.44,1235.99,1.24,15.45,1350445,698187509.0,1.73,1.09
2025-12-22,1260.46,1267.51,1270.44,1259.84,0.84,10.55,1255396,663390957.0,0.84,1.01
2025-12-23,1275.26,1275.65,1291.06,1268.57,0.64,8.14,1916135,874893321.0,1.77,1.54
2025-12-24,1272.72,1288.58,1289.85,1265.62,1.01,12.93,1359059,623521866.0,1.9,1.09
2025-12-25,1289.78,1291.0,1299.13,1283.8,0.19,2.42,1288030,603280790.0,1.19,1.04
2025-12-26,1290.45,1293.33,1297.74,1284.3,0.18,2.33,1354016,667114920.0,1.04,1.09
2025-12-29,1291.21,1288.73,1302.55,1285.04,-0.36,-4.6,1725155,872129092.0,1.35,1.39
2025-12-30,1286.01,1288.96,1297.38,1272.27,0.02,0.23,1842118,939874219.0,1.95,1.48
2025-12-31,1286.45,1281.17,1286.45,1269.36,-0.6,-7.79,1430883,740833944.0,1.33,1.15
2026-01-05,1331.08,1310.64,1335.04,1306.95,2.3,29.47,3384925,1936758443.0,2.19,2.72
2026-01-06,1312.5,1340.3,1348.3,1312.5,2.26,29.66,3365250,1956581901.0,2.73,2.71
2026-01-07,1323.37,1330.8,1338.26,1308.28,-0.71,-9.5,3189729,1849862219.0,2.24,2.57
2026-01-08,1315.99,1365.41,1373.75,1315.64,2.6,34.61,3456868,1900368001.0,4.37,2.78
2026-01-09,1404.24,1412.19,1421.82,1388.23,3.43,46.78,3801296,2408624365.0,2.46,3.06
2026-01-12,1399.41,1409.51,1414.62,1390.84,-0.19,-2.68,3066874,1911478109.0,1.68,2.47
2026-01-13,1427.05,1460.2,1497.5,1427.05,3.6,50.69,4382952,3021306691.0,5.0,3.53
2026-01-14,1452.04,1516.51,1567.5,1452.04,3.86,56.31,4947098,3602968074.0,7.91,3.98
2026-01-15,1514.92,1554.55,1562.08,1512.34,2.51,38.04,3686868,2840437262.0,3.28,2.97
2026-01-16,1540.69,1474.87,1540.69,1466.21,-5.13,-79.68,5846393,3359719561.0,4.79,4.71
2026-01-19,1454.35,1485.81,1490.69,1448.09,0.74,10.94,3610263,2134248760.0,2.89,2.91
2026-01-20,1481.34,1486.33,1487.27,1456.03,0.03,0.52,3153169,1896684815.0,2.1,2.54
2026-01-21,1484.51,1549.08,1550.42,1481.62,4.22,62.75,3952328,2435184051.0,4.63,3.18
2026-01-22,1544.73,1616.03,1645.78,1544.73,4.32,66.95,6232214,4187058338.0,6.52,5.02
2026-01-23,1599.53,1625.05,1638.32,1598.6,0.56,9.02,4747723,3249207672.0,2.46,3.82
2026-01-26,1636.49,1689.82,1710.54,1636.49,3.99,64.77,5641302,4339987568.0,4.56,4.54
2026-01-27,1662.37,1683.5,1719.5,1652.79,-0.37,-6.32,4907053,3877707930.0,3.95,3.95
2026-01-28,1711.0,1836.23,1846.48,1707.78,9.07,152.73,7774823,6385527276.0,8.24,6.26
2026-01-29,1876.83,2014.86,2017.84,1832.16,9.73,178.63,9772495,8512460974.0,10.11,7.87
2026-01-30,1986.1,1908.39,2055.6,1889.72,-5.28,-106.47,10491456,9269895284.0,8.23,8.44
2026-02-02,1746.24,1761.77,1835.2,1746.24,-7.68,-146.62,7558875,6031997698.0,4.66,6.08
2026-02-03,1792.71,1816.16,1823.19,1776.54,3.09,54.39,4911567,4407944415.0,2.65,3.95
2026-02-04,1856.73,1875.74,1891.34,1843.34,3.28,59.58,5212341,5310544868.0,2.64,4.2
2026-02-05,1881.86,1819.82,1903.37,1810.82,-2.98,-55.92,5082446,4220733548.0,4.93,4.09
2026-02-06,1787.84,1890.27,1919.42,1769.41,3.87,70.45,5515201,5207991045.0,8.24,4.44
2026-02-09,1878.04,1858.56,1889.06,1849.16,-1.68,-31.71,4279280,4173642486.0,2.11,3.44
2026-02-10,1854.31,1840.11,1873.79,1834.8,-0.99,-18.45,3325053,3157309156.0,2.1,2.68
2026-02-11,1823.68,1876.46,1892.67,1823.68,1.98,36.35,5233665,4224947256.0,3.75,4.21
2026-02-12,1884.21,1846.23,1901.03,1844.9,-1.61,-30.23,4865842,4013113839.0,2.99,3.92
2026-02-13,1826.23,1789.73,1828.23,1783.51,-3.06,-56.5,3520369,2799539325.0,2.42,2.83
2026-02-24,1864.37,2025.5,2026.8,1864.37,13.17,235.77,5077584,4707612788.0,9.08,4.09
2026-02-25,2029.92,2098.1,2148.91,2013.18,3.58,72.6,10210237,9765793587.0,6.7,8.22
2026-02-26,2084.98,2086.56,2144.78,2076.02,-0.55,-11.54,5991864,6271743515.0,3.28,4.82
2026-02-27,2093.84,2098.5,2143.49,2059.9,0.57,11.94,4543707,4912895199.0,4.01,3.66
2026-03-02,2325.88,2377.46,2377.46,2275.89,13.29,278.96,9179525,7820229881.0,4.84,7.39
2026-03-03,2570.45,2695.08,2695.08,2550.67,13.36,317.62,10273084,11621013658.0,6.07,8.27
2026-03-04,2679.28,2635.47,2752.5,2411.7,-2.21,-59.61,15823888,17609287318.0,12.65,12.74
2026-03-05,2506.95,2489.69,2662.85,2431.13,-5.53,-145.78,11114853,13389436360.0,8.79,8.95
2026-03-06,2443.34,2420.15,2478.17,2399.77,-2.79,-69.54,7121618,8571877306.0,3.15,5.73
2026-03-09,2667.62,2446.84,2693.38,2435.64,1.1,26.69,11430660,14053918297.0,10.65,9.2
2026-03-10,2173.39,2288.55,2360.21,2173.39,-6.47,-158.29,8043096,8900436829.0,7.64,6.47
2026-03-11,2271.91,2305.75,2323.17,2221.14,0.75,17.2,6135442,7620308906.0,4.46,4.94
2026-03-12,2354.66,2288.57,2381.47,2255.23,-0.75,-17.18,6618789,8361233284.0,5.48,5.33
2026-03-13,2318.16,2270.85,2351.3,2243.92,-0.77,-17.72,5469926,6355779982.0,4.69,4.4
2026-03-16,2262.98,2254.66,2365.51,2239.83,-0.71,-16.19,5150996,5715777513.0,5.53,4.15
2026-03-17,2236.66,2221.29,2254.45,2170.92,-1.48,-33.37,5375728,6347655265.0,3.7,4.33
2026-03-18,2177.19,2156.26,2184.4,2133.42,-2.93,-65.03,4433999,5099845622.0,2.3,3.57
2026-03-19,2236.38,2210.84,2256.19,2165.94,2.53,54.58,6229860,8233052435.0,4.19,5.01
2026-03-20,2114.62,2123.51,2158.09,2098.64,-3.95,-87.33,4777398,5654656109.0,2.69,3.85
2026-03-23,2110.42,2144.41,2170.2,2072.85,0.98,20.9,5259142,6367588142.0,4.58,4.23
2026-03-24,2118.0,2131.93,2131.93,2074.58,-0.58,-12.48,4333202,5290293543.0,2.67,3.49
2026-03-25,2047.83,2124.31,2140.18,2043.54,-0.36,-7.62,4098846,4958071377.0,4.53,3.3
2026-03-26,2121.24,2150.14,2188.03,2084.05,1.22,25.83,4833624,5699382977.0,4.89,3.89
2026-03-27,2126.7,2175.56,2183.52,2111.29,1.18,25.42,3583815,4349981945.0,3.36,2.88
2026-03-30,2211.14,2128.95,2216.37,2125.15,-2.14,-46.61,3576619,4229180495.0,4.19,2.88
2026-03-31,2113.51,2047.63,2133.82,2047.35,-3.82,-81.32,3368492,3973394094.0,4.06,2.71
2026-04-01,2046.5,2076.0,2116.75,2044.92,1.39,28.37,3545963,4003246939.0,3.51,2.85
2026-04-02,2093.0,2173.48,2186.51,2093.0,4.7,97.48,6547083,6619113150.0,4.5,5.27
2026-04-03,2164.58,2140.97,2173.42,2091.42,-1.5,-32.51,7015008,5521271133.0,3.77,5.65
2026-04-07,2131.81,2218.74,2234.93,2062.41,3.63,77.77,6157523,5070577180.0,8.06,4.96
2026-04-08,2036.11,2105.3,2120.03,2036.11,-5.11,-113.44,7264581,6170628564.0,3.78,5.85
2026-04-09,2135.8,2111.54,2159.4,2085.89,0.3,6.24,5465317,5111009995.0,3.49,4.4
2026-04-10,2092.58,2165.6,2187.66,2081.06,2.56,54.06,4907549,4869797630.0,5.05,3.95
2026-04-13,2209.65,2162.99,2210.99,2087.3,-0.12,-2.61,6103530,6070625458.0,5.71,4.91
2026-04-14,2108.48,2128.68,2130.38,2099.92,-1.59,-34.31,4237160,4119495982.0,1.41,3.41
2026-04-15,2093.4,2063.96,2097.03,2059.17,-3.04,-64.72,3374416,3351110515.0,1.78,2.72
2026-04-16,2051.64,2054.63,2057.32,2027.7,-0.45,-9.33,2908998,2590843609.0,1.44,2.34
2026-04-17,2057.26,2041.77,2064.79,2022.95,-0.63,-12.86,3202470,2899521236.0,2.04,2.58
2026-04-20,2013.27,2029.8,2035.78,1995.4,-0.59,-11.97,3104986,2906643552.0,1.98,2.5
2026-04-21,2029.39,2015.44,2030.77,1994.12,-0.71,-14.36,2326353,2277804040.0,1.81,1.87
2026-04-22,2018.83,2000.15,2023.8,1987.81,-0.76,-15.29,2509788,2296187393.0,1.79,2.02
2026-04-23,2003.38,2061.27,2076.21,2001.69,3.06,61.12,4413548,4637159040.0,3.73,3.55
2026-04-24,2037.85,1996.76,2050.95,1973.35,-3.13,-64.51,3332541,3352902964.0,3.76,2.68
2026-04-27,1988.43,2019.53,2037.86,1974.15,1.14,22.77,3576308,2898345589.0,3.19,2.88
2026-04-28,2008.77,2040.46,2043.25,1990.7,1.04,20.93,2705051,2774571987.0,2.6,2.18
2026-04-29,2038.58,2082.58,2092.36,2038.58,2.06,42.12,2609838,2628832767.0,2.64,2.1
2026-04-30,2114.68,2069.64,2117.57,2042.94,-0.62,-12.94,2700842,2915232368.0,3.58,2.17
2026-05-06,2028.89,2004.5,2034.18,1983.83,-3.15,-65.14,3256190,2876827785.0,2.43,2.62
2026-05-07,1990.33,1933.04,1990.33,1928.15,-3.56,-71.46,2892723,2884151055.0,3.1,2.33
2026-05-08,1943.48,1962.17,1974.53,1938.38,1.51,29.13,2598689,2409317792.0,1.87,2.09
2026-05-11,1984.62,1966.14,2007.0,1964.09,0.2,3.97,2933663,2523089374.0,2.19,2.36
2026-05-12,1970.89,1930.6,1976.67,1919.48,-1.81,-35.54,2262652,1812872435.0,2.91,1.82
2026-05-13,1939.16,1917.44,1952.55,1908.46,-0.68,-13.16,1999621,1756028119.0,2.28,1.61
2026-05-14,1914.79,1902.07,1920.34,1889.49,-0.8,-15.37,2177897,2171290056.0,1.61,1.75
2026-05-15,1899.3,1913.2,1923.35,1886.22,0.59,11.13,2118401,1951532739.0,1.95,1.71
2026-05-18,1947.64,1999.27,2018.7,1926.72,4.5,86.07,4823008,4287676789.0,4.81,3.88
2026-05-19,1980.42,2008.02,2034.96,1972.79,0.44,8.75,4114691,3317794167.0,3.11,3.31
2026-05-20,2013.61,2012.17,2069.84,2002.45,0.21,4.15,3926151,3524772683.0,3.36,3.16
2026-05-21,1966.18,1890.2,1966.18,1882.11,-6.06,-121.97,4126659,3225871094.0,4.18,3.32
2026-05-22,1894.3,1896.02,1904.23,1873.35,0.31,5.82,2387499,1947895834.0,1.63,1.92
2026-05-25,1865.72,1773.83,1869.54,1763.86,-6.44,-122.19,3133772,2514328289.0,5.57,2.52
2026-05-26,1763.24,1743.47,1772.1,1726.66,-1.71,-30.36,2162380,1710751155.0,2.56,1.74
2026-05-27,1737.94,1694.37,1740.65,1677.03,-2.82,-49.1,2166017,1714163076.0,3.65,1.74
2026-05-28,1687.29,1729.23,1733.2,1678.47,2.06,34.86,2074034,1759909197.0,3.23,1.67
2026-05-29,1703.78,1685.25,1711.54,1671.92,-2.54,-43.98,1908168,1468323660.0,2.29,1.54
2026-06-01,1691.52,1720.09,1733.88,1689.78,2.07,34.84,1874679,1298601583.0,2.62,1.51
2026-06-02,1741.04,1682.95,1746.25,1673.6,-2.16,-37.14,1979779,1437475937.0,4.22,1.59
2026-06-03,1699.76,1742.2,1744.52,1671.42,3.52,59.25,2918300,2348525793.0,4.34,2.35
2026-06-04,1710.61,1663.45,1710.61,1645.62,-4.52,-78.75,2870651,2152383332.0,3.73,2.31
2026-06-05,1654.8,1653.47,1672.06,1637.38,-0.6,-9.98,2089105,1493174011.0,2.08,1.68
2026-06-08,1651.8,1673.91,1717.47,1651.8,1.24,20.44,3041625,2604303730.0,3.97,2.45
2026-06-09,1636.4,1594.45,1636.4,1578.31,-4.75,-79.46,3192040,2342817592.0,3.47,2.57
2026-06-10,1594.43,1579.3,1612.75,1564.24,-0.95,-15.15,2396908,1774145620.0,3.04,1.93
2026-06-11,1619.58,1592.29,1628.5,1578.3,0.82,12.99,2648331,2145192454.0,3.18,2.13
2026-06-12,1545.6,1605.9,1626.2,1545.6,0.85,13.61,3058662,2247591896.0,5.06,2.46
2026-06-15,1614.31,1637.31,1645.47,1593.68,1.96,31.41,2464053,1732381694.0,3.22,1.98
2026-06-16,1646.4,1640.22,1646.4,1603.86,0.18,2.91,1860817,1299025617.0,2.6,1.5
2026-06-17,1631.49,1634.32,1636.54,1612.96,-0.36,-5.9,1741356,1147218737.0,1.44,1.4
2026-06-18,1630.84,1633.95,1658.32,1613.84,-0.02,-0.37,1698117,1142556827.0,2.72,1.37
2026-06-22,1631.67,1675.64,1677.29,1617.36,2.55,41.69,2309236,1508387275.0,3.67,1.86
2026-06-23,1670.65,1673.18,1694.89,1662.89,-0.15,-2.46,1962187,1439372294.0,1.91,1.58
2026-06-24,1669.41,1633.14,1684.16,1614.83,-2.39,-40.04,1926220,1288272321.0,4.14,1.55
2026-06-25,1624.62,1616.78,1630.25,1599.5,-1.0,-16.36,1973484,1225104619.0,1.88,1.59
2026-06-26,1621.98,1551.47,1627.56,1550.65,-4.04,-65.31,1618175,1101531522.0,4.76,1.3
2026-06-29,1564.18,1562.12,1599.12,1547.13,0.69,10.65,1694069,1079233429.0,3.35,1.36
2026-06-30,1549.59,1561.28,1566.66,1534.30,-0.05,0,1361862.0,825715992.0,0,0
2026-07-01,1559.57,1575.82,1597.70,1547.56,0.93,0,1475707.0,926466408.0,0,0
2026-07-02,1559.83,1555.42,1591.47,1550.82,-1.29,0,1572983.0,997859878.0,0,0
2026-07-03,0.00,1570.46,0.00,0.00,0.97,0,0,0,0,0
